[
{
    "model": "data.protocol",
    "pk": "rsync",
    "fields": {}
},
{
    "model": "data.fixityalgorithm",
    "pk": "sha256",
    "fields": {}
},
{
    "model": "data.node",
    "pk": 224,
    "fields": {
        "restore_from": [
            225,
            226,
            227,
            228,
            229
        ],
        "restore_to": [
            225,
            226,
            227,
            228,
            229
        ],
        "ssh_pubkey": "",
        "protocols": [
            "rsync"
        ],
        "ssh_username": "dpn.chron",
        "namespace": "chron",
        "fixity_algorithms": [
            "sha256"
        ],
        "last_pull_date": null,
        "api_root": "https://chronopolis01.umiacs.umd.edu/",
        "name": "Chronopolis",
        "created_at": "2015-02-25T15:27:39.819Z",
        "updated_at": "2015-03-06T14:21:50.235Z",
        "replicate_to": [
            225,
            226,
            227,
            228,
            229
        ],
        "replicate_from": [
            225,
            226,
            227,
            228,
            229
        ]
    }
},
{
    "model": "data.node",
    "pk": 225,
    "fields": {
        "restore_from": [
            224,
            226,
            227,
            228,
            229
        ],
        "restore_to": [
            224,
            226,
            227,
            228,
            229
        ],
        "ssh_pubkey": "",
        "protocols": [
            "rsync"
        ],
        "ssh_username": "dpn.sdr",
        "namespace": "sdr",
        "fixity_algorithms": [
            "sha256"
        ],
        "last_pull_date": null,
        "api_root": "https://dpn.stanford.edu/dpnrest/",
        "name": "SDR",
        "created_at": "2015-02-25T15:27:39.826Z",
        "updated_at": "2015-03-06T14:21:43.795Z",
        "replicate_to": [
            224,
            226,
            227,
            228,
            229
        ],
        "replicate_from": [
            224,
            226,
            227,
            228,
            229
        ]
    }
},
{
    "model": "data.node",
    "pk": 226,
    "fields": {
        "restore_from": [
            224,
            225,
            227,
            228,
            229
        ],
        "restore_to": [
            224,
            225,
            227,
            228,
            229
        ],
        "ssh_pubkey": "",
        "protocols": [
            "rsync"
        ],
        "ssh_username": "dpn.tdr",
        "namespace": "tdr",
        "fixity_algorithms": [
            "sha256"
        ],
        "last_pull_date": null,
        "api_root": "https://rest.lib.utexas.edu/",
        "name": "TDR",
        "created_at": "2015-02-25T15:27:39.831Z",
        "updated_at": "2015-03-06T14:21:33.799Z",
        "replicate_to": [
            224,
            225,
            227,
            228,
            229
        ],
        "replicate_from": [
            224,
            225,
            227,
            228,
            229
        ]
    }
},
{
    "model": "data.node",
    "pk": 227,
    "fields": {
        "restore_from": [
            224,
            225,
            226,
            228,
            229
        ],
        "restore_to": [
            224,
            225,
            226,
            228,
            229
        ],
        "ssh_pubkey": "",
        "protocols": [
            "rsync"
        ],
        "ssh_username": "dpn.hathi",
        "namespace": "hathi",
        "fixity_algorithms": [
            "sha256"
        ],
        "last_pull_date": null,
        "api_root": "https://dpn.hathitrust.org/dpnrest/",
        "name": "HathiTrust",
        "created_at": "2015-02-25T15:27:39.837Z",
        "updated_at": "2015-03-06T14:21:26.577Z",
        "replicate_to": [
            224,
            225,
            226,
            228,
            229
        ],
        "replicate_from": [
            224,
            225,
            226,
            228,
            229
        ]
    }
},
{
    "model": "data.node",
    "pk": 228,
    "fields": {
        "restore_from": [
            224,
            225,
            226,
            227,
            229
        ],
        "restore_to": [
            224,
            225,
            226,
            227,
            229
        ],
        "ssh_pubkey": "",
        "protocols": [
            "rsync"
        ],
        "ssh_username": "dpn.aptrust",
        "namespace": "aptrust",
        "fixity_algorithms": [
            "sha256"
        ],
        "last_pull_date": null,
        "api_root": "https://devops.aptrust.org/dpnode/",
        "name": "APTrust",
        "created_at": "2015-02-25T15:27:39.842Z",
        "updated_at": "2015-03-06T14:21:21.877Z",
        "replicate_to": [
            224,
            225,
            226,
            227,
            229
        ],
        "replicate_from": [
            224,
            225,
            226,
            227,
            229
        ]
    }
},
{
    "model": "data.node",
    "pk": 229,
    "fields": {
        "restore_from": [
            224,
            225,
            226,
            227,
            228
        ],
        "restore_to": [
            224,
            225,
            226,
            227,
            228
        ],
        "ssh_pubkey": "",
        "protocols": [],
        "ssh_username": "nobodoggy",
        "namespace": "test",
        "fixity_algorithms": [
            "sha256"
        ],
        "last_pull_date": null,
        "api_root": "http://localhost:8000/",
        "name": "localhost",
        "created_at": "2015-03-02T15:50:40.888Z",
        "updated_at": "2015-03-06T14:21:15.067Z",
        "replicate_to": [
            224,
            225,
            226,
            227,
            228
        ],
        "replicate_from": [
            224,
            225,
            226,
            227,
            228
        ]
    }
},
{
    "model": "data.storage",
    "pk": 222,
    "fields": {
        "node": 224,
        "region": "CA",
        "storage_type": "CDROM under David's Desk"
    }
},
{
    "model": "data.storage",
    "pk": 223,
    "fields": {
        "node": 225,
        "region": "CA",
        "storage_type": "Stanford Superdisk"
    }
},
{
    "model": "data.storage",
    "pk": 224,
    "fields": {
        "node": 226,
        "region": "TX",
        "storage_type": "Solaris In Memory"
    }
},
{
    "model": "data.storage",
    "pk": 225,
    "fields": {
        "node": 227,
        "region": "MI",
        "storage_type": "Thumbdrive"
    }
},
{
    "model": "data.storage",
    "pk": 226,
    "fields": {
        "node": 228,
        "region": "VA",
        "storage_type": "Amazon S3"
    }
},
{
    "model": "data.storage",
    "pk": 227,
    "fields": {
        "node": 229,
        "region": "VA",
        "storage_type": "Local disk"
    }
},
{
    "model": "data.bag",
    "pk": "05d2d863-fa37-42dd-ad7a-cca573bcf8b1",
    "fields": {
        "replicating_nodes": [],
        "size": 718620030,
        "interpretive": [],
        "first_version_uuid": "05d2d863-fa37-42dd-ad7a-cca573bcf8b1",
        "original_node": 227,
        "admin_node": 227,
        "updated_at": "2015-02-25T15:27:40.363Z",
        "created_at": "2015-02-25T15:27:40.362Z",
        "local_id": null,
        "bag_type": "D",
        "rights": [],
        "version": 1
    }
},
{
    "model": "data.bag",
    "pk": "5bdb9a2d-2cfc-4b38-a29f-189911a6b432",
    "fields": {
        "replicating_nodes": [],
        "size": 3047797139,
        "interpretive": [],
        "first_version_uuid": "5bdb9a2d-2cfc-4b38-a29f-189911a6b432",
        "original_node": 226,
        "admin_node": 226,
        "updated_at": "2015-02-25T15:27:40.373Z",
        "created_at": "2015-02-25T15:27:40.373Z",
        "local_id": null,
        "bag_type": "D",
        "rights": [],
        "version": 1
    }
},
{
    "model": "data.bag",
    "pk": "6078e948-d561-42b4-b13b-cf0404575cf7",
    "fields": {
        "replicating_nodes": [],
        "size": 2700547241,
        "interpretive": [],
        "first_version_uuid": "6078e948-d561-42b4-b13b-cf0404575cf7",
        "original_node": 228,
        "admin_node": 228,
        "updated_at": "2015-02-25T15:27:40.407Z",
        "created_at": "2015-02-25T15:27:40.407Z",
        "local_id": null,
        "bag_type": "D",
        "rights": [],
        "version": 1
    }
},
{
    "model": "data.bag",
    "pk": "60b2f86e-e80d-4263-9211-1dd6a2481f47",
    "fields": {
        "replicating_nodes": [],
        "size": 1491107697,
        "interpretive": [],
        "first_version_uuid": "60b2f86e-e80d-4263-9211-1dd6a2481f47",
        "original_node": 228,
        "admin_node": 228,
        "updated_at": "2015-02-25T15:27:40.386Z",
        "created_at": "2015-02-25T15:27:40.386Z",
        "local_id": null,
        "bag_type": "D",
        "rights": [],
        "version": 1
    }
},
{
    "model": "data.bag",
    "pk": "62d7c697-ab00-40a1-87c3-fe57752cdc34",
    "fields": {
        "replicating_nodes": [],
        "size": 168492864,
        "interpretive": [],
        "first_version_uuid": "62d7c697-ab00-40a1-87c3-fe57752cdc34",
        "original_node": 226,
        "admin_node": 226,
        "updated_at": "2015-02-25T15:27:40.352Z",
        "created_at": "2015-02-25T15:27:40.352Z",
        "local_id": null,
        "bag_type": "D",
        "rights": [],
        "version": 1
    }
},
{
    "model": "data.bag",
    "pk": "6d92052f-a7f4-4076-985f-a55e1c0a92e2",
    "fields": {
        "replicating_nodes": [],
        "size": 3825178984,
        "interpretive": [],
        "first_version_uuid": "6d92052f-a7f4-4076-985f-a55e1c0a92e2",
        "original_node": 226,
        "admin_node": 226,
        "updated_at": "2015-02-25T15:27:40.366Z",
        "created_at": "2015-02-25T15:27:40.366Z",
        "local_id": null,
        "bag_type": "D",
        "rights": [],
        "version": 1
    }
},
{
    "model": "data.bag",
    "pk": "7997e960-fc6d-44f4-9d73-9a60a8ce79c2",
    "fields": {
        "replicating_nodes": [],
        "size": 2526492640,
        "interpretive": [],
        "first_version_uuid": "7997e960-fc6d-44f4-9d73-9a60a8ce79c2",
        "original_node": 227,
        "admin_node": 227,
        "updated_at": "2015-02-25T15:27:40.382Z",
        "created_at": "2015-02-25T15:27:40.382Z",
        "local_id": null,
        "bag_type": "D",
        "rights": [],
        "version": 1
    }
},
{
    "model": "data.bag",
    "pk": "7d116b9f-bf63-41db-94c8-744a5c37ab1f",
    "fields": {
        "replicating_nodes": [],
        "size": 2958916427,
        "interpretive": [],
        "first_version_uuid": "7d116b9f-bf63-41db-94c8-744a5c37ab1f",
        "original_node": 225,
        "admin_node": 225,
        "updated_at": "2015-02-25T15:27:40.389Z",
        "created_at": "2015-02-25T15:27:40.389Z",
        "local_id": null,
        "bag_type": "D",
        "rights": [],
        "version": 1
    }
},
{
    "model": "data.bag",
    "pk": "821decbb-4063-48b1-adef-1d3906bf7b87",
    "fields": {
        "replicating_nodes": [],
        "size": 848,
        "interpretive": [
            "9998e960-fc6d-44f4-9d73-9a60a8eae609"
        ],
        "first_version_uuid": "821decbb-4063-48b1-adef-1d3906bf7b87",
        "original_node": 228,
        "admin_node": 228,
        "updated_at": "2015-05-01T12:22:33.158Z",
        "created_at": "2015-05-01T12:22:33.158Z",
        "local_id": "apt-int-99999",
        "bag_type": "I",
        "rights": [],
        "version": 1
    }
},
{
    "model": "data.bag",
    "pk": "87f2d0ac-94c8-4bb2-90e8-24c076cef9f0",
    "fields": {
        "replicating_nodes": [],
        "size": 1094633265,
        "interpretive": [],
        "first_version_uuid": "87f2d0ac-94c8-4bb2-90e8-24c076cef9f0",
        "original_node": 224,
        "admin_node": 224,
        "updated_at": "2015-02-25T15:27:40.418Z",
        "created_at": "2015-02-25T15:27:40.418Z",
        "local_id": "chron-9999",
        "bag_type": "D",
        "rights": [],
        "version": 1
    }
},
{
    "model": "data.bag",
    "pk": "88cf5af5-a17d-48f6-84b7-d02be918bc25",
    "fields": {
        "replicating_nodes": [],
        "size": 2702610683,
        "interpretive": [],
        "first_version_uuid": "88cf5af5-a17d-48f6-84b7-d02be918bc25",
        "original_node": 225,
        "admin_node": 225,
        "updated_at": "2015-02-25T15:27:40.399Z",
        "created_at": "2015-02-25T15:27:40.399Z",
        "local_id": null,
        "bag_type": "D",
        "rights": [],
        "version": 1
    }
},
{
    "model": "data.bag",
    "pk": "8d906483-11fd-42d1-83ab-34bf8a47d733",
    "fields": {
        "replicating_nodes": [],
        "size": 2345665847,
        "interpretive": [],
        "first_version_uuid": "8d906483-11fd-42d1-83ab-34bf8a47d733",
        "original_node": 228,
        "admin_node": 228,
        "updated_at": "2015-02-25T15:27:40.403Z",
        "created_at": "2015-02-25T15:27:40.402Z",
        "local_id": null,
        "bag_type": "D",
        "rights": [],
        "version": 1
    }
},
{
    "model": "data.bag",
    "pk": "945d5b65-2fc8-4f09-a19f-fa19f30fabb9",
    "fields": {
        "replicating_nodes": [],
        "size": 1821038473,
        "interpretive": [],
        "first_version_uuid": "945d5b65-2fc8-4f09-a19f-fa19f30fabb9",
        "original_node": 224,
        "admin_node": 224,
        "updated_at": "2015-02-25T15:27:40.369Z",
        "created_at": "2015-02-25T15:27:40.369Z",
        "local_id": null,
        "bag_type": "D",
        "rights": [],
        "version": 1
    }
},
{
    "model": "data.bag",
    "pk": "9998e960-fc6d-44f4-9d73-9a60a8eae609",
    "fields": {
        "replicating_nodes": [
            224
        ],
        "size": 2526492640,
        "interpretive": [
            "821decbb-4063-48b1-adef-1d3906bf7b87"
        ],
        "first_version_uuid": "9998e960-fc6d-44f4-9d73-9a60a8eae609",
        "original_node": 228,
        "admin_node": 228,
        "updated_at": "2015-02-25T16:24:02.475Z",
        "created_at": "2015-02-25T16:24:02.475Z",
        "local_id": "aptrust-12345",
        "bag_type": "D",
        "rights": [
            "ff297922-a5b2-4b66-9475-3ce98b074d37"
        ],
        "version": 1
    }
},
{
    "model": "data.bag",
    "pk": "9998e960-fc6d-44f4-9d73-9a60a8eaea09",
    "fields": {
        "replicating_nodes": [],
        "size": 2526492640,
        "interpretive": [],
        "first_version_uuid": "9998e960-fc6d-44f4-9d73-9a60a8eaea09",
        "original_node": 228,
        "admin_node": 228,
        "updated_at": "2015-02-25T16:22:44.649Z",
        "created_at": "2015-02-25T16:22:44.648Z",
        "local_id": null,
        "bag_type": "D",
        "rights": [],
        "version": 1
    }
},
{
    "model": "data.bag",
    "pk": "9998e960-fc6d-44f4-9d73-9a60a8eaea33",
    "fields": {
        "replicating_nodes": [],
        "size": 2526492640,
        "interpretive": [],
        "first_version_uuid": "9998e960-fc6d-44f4-9d73-9a60a8eaea33",
        "original_node": 228,
        "admin_node": 228,
        "updated_at": "2015-02-25T16:13:49.751Z",
        "created_at": "2015-02-25T16:13:49.751Z",
        "local_id": null,
        "bag_type": "D",
        "rights": [],
        "version": 1
    }
},
{
    "model": "data.bag",
    "pk": "9998e960-fc6d-44f4-9d73-9a60a8eaea51",
    "fields": {
        "replicating_nodes": [],
        "size": 2526492640,
        "interpretive": [],
        "first_version_uuid": "9998e960-fc6d-44f4-9d73-9a60a8eaea51",
        "original_node": 228,
        "admin_node": 228,
        "updated_at": "2015-02-25T16:07:28.048Z",
        "created_at": "2015-02-25T16:07:28.047Z",
        "local_id": null,
        "bag_type": "D",
        "rights": [],
        "version": 1
    }
},
{
    "model": "data.bag",
    "pk": "9998e960-fc6d-44f4-9d73-9a60a8eaea55",
    "fields": {
        "replicating_nodes": [],
        "size": 2526492640,
        "interpretive": [],
        "first_version_uuid": "9998e960-fc6d-44f4-9d73-9a60a8eaea55",
        "original_node": 228,
        "admin_node": 228,
        "updated_at": "2015-02-25T16:14:46.276Z",
        "created_at": "2015-02-25T16:14:46.276Z",
        "local_id": null,
        "bag_type": "D",
        "rights": [],
        "version": 1
    }
},
{
    "model": "data.bag",
    "pk": "9998e960-fc6d-44f4-9d73-9a60a8eaea88",
    "fields": {
        "replicating_nodes": [],
        "size": 2526492640,
        "interpretive": [],
        "first_version_uuid": "9998e960-fc6d-44f4-9d73-9a60a8eaea88",
        "original_node": 228,
        "admin_node": 228,
        "updated_at": "2015-02-25T16:08:13.096Z",
        "created_at": "2015-02-25T16:08:13.096Z",
        "local_id": null,
        "bag_type": "D",
        "rights": [],
        "version": 1
    }
},
{
    "model": "data.bag",
    "pk": "9998e960-fc6d-44f4-9d73-9a60a8eaea89",
    "fields": {
        "replicating_nodes": [],
        "size": 2526492640,
        "interpretive": [],
        "first_version_uuid": "9998e960-fc6d-44f4-9d73-9a60a8eaea89",
        "original_node": 228,
        "admin_node": 228,
        "updated_at": "2015-02-25T16:13:07.230Z",
        "created_at": "2015-02-25T16:13:07.230Z",
        "local_id": null,
        "bag_type": "D",
        "rights": [],
        "version": 1
    }
},
{
    "model": "data.bag",
    "pk": "ae18b4d2-ec5a-423e-a723-a40fe1a0d1ab",
    "fields": {
        "replicating_nodes": [],
        "size": 2249347435,
        "interpretive": [],
        "first_version_uuid": "ae18b4d2-ec5a-423e-a723-a40fe1a0d1ab",
        "original_node": 226,
        "admin_node": 226,
        "updated_at": "2015-02-25T15:27:40.379Z",
        "created_at": "2015-02-25T15:27:40.379Z",
        "local_id": null,
        "bag_type": "D",
        "rights": [],
        "version": 1
    }
},
{
    "model": "data.bag",
    "pk": "b3c6b5b8-527a-4dac-bedc-8923d1f5437e",
    "fields": {
        "replicating_nodes": [],
        "size": 2781371832,
        "interpretive": [],
        "first_version_uuid": "b3c6b5b8-527a-4dac-bedc-8923d1f5437e",
        "original_node": 225,
        "admin_node": 225,
        "updated_at": "2015-02-25T15:27:40.376Z",
        "created_at": "2015-02-25T15:27:40.376Z",
        "local_id": null,
        "bag_type": "D",
        "rights": [],
        "version": 1
    }
},
{
    "model": "data.bag",
    "pk": "b6225eb3-9fe6-426c-a7d1-6d5189825fb2",
    "fields": {
        "replicating_nodes": [],
        "size": 2340509106,
        "interpretive": [],
        "first_version_uuid": "b6225eb3-9fe6-426c-a7d1-6d5189825fb2",
        "original_node": 227,
        "admin_node": 227,
        "updated_at": "2015-02-25T15:27:40.392Z",
        "created_at": "2015-02-25T15:27:40.392Z",
        "local_id": null,
        "bag_type": "D",
        "rights": [],
        "version": 1
    }
},
{
    "model": "data.bag",
    "pk": "b8c9aab8-2a67-41fb-881e-5c297c474320",
    "fields": {
        "replicating_nodes": [],
        "size": 3215832372,
        "interpretive": [],
        "first_version_uuid": "b8c9aab8-2a67-41fb-881e-5c297c474320",
        "original_node": 227,
        "admin_node": 227,
        "updated_at": "2015-02-25T15:27:40.396Z",
        "created_at": "2015-02-25T15:27:40.396Z",
        "local_id": null,
        "bag_type": "D",
        "rights": [],
        "version": 1
    }
},
{
    "model": "data.bag",
    "pk": "ccb973f1-3143-482d-8da6-fcb8e68a0f0f",
    "fields": {
        "replicating_nodes": [],
        "size": 1890255794,
        "interpretive": [],
        "first_version_uuid": "ccb973f1-3143-482d-8da6-fcb8e68a0f0f",
        "original_node": 227,
        "admin_node": 227,
        "updated_at": "2015-02-25T15:27:40.359Z",
        "created_at": "2015-02-25T15:27:40.359Z",
        "local_id": null,
        "bag_type": "D",
        "rights": [],
        "version": 1
    }
},
{
    "model": "data.bag",
    "pk": "cfd167a0-baad-4235-b896-041e710e6c62",
    "fields": {
        "replicating_nodes": [],
        "size": 2638164441,
        "interpretive": [],
        "first_version_uuid": "cfd167a0-baad-4235-b896-041e710e6c62",
        "original_node": 228,
        "admin_node": 228,
        "updated_at": "2015-02-25T15:27:40.356Z",
        "created_at": "2015-02-25T15:27:40.356Z",
        "local_id": null,
        "bag_type": "D",
        "rights": [],
        "version": 1
    }
},
{
    "model": "data.bag",
    "pk": "d171bd5c-4105-4286-a9ce-baa0d2110c01",
    "fields": {
        "replicating_nodes": [],
        "size": 1204604589,
        "interpretive": [],
        "first_version_uuid": "d171bd5c-4105-4286-a9ce-baa0d2110c01",
        "original_node": 226,
        "admin_node": 226,
        "updated_at": "2015-02-25T15:27:40.415Z",
        "created_at": "2015-02-25T15:27:40.415Z",
        "local_id": null,
        "bag_type": "D",
        "rights": [],
        "version": 1
    }
},
{
    "model": "data.bag",
    "pk": "f2fea5b5-4fd2-4884-9016-4c8114448174",
    "fields": {
        "replicating_nodes": [],
        "size": 2311661937,
        "interpretive": [],
        "first_version_uuid": "f2fea5b5-4fd2-4884-9016-4c8114448174",
        "original_node": 227,
        "admin_node": 227,
        "updated_at": "2015-02-25T15:27:40.411Z",
        "created_at": "2015-02-25T15:27:40.411Z",
        "local_id": null,
        "bag_type": "D",
        "rights": [],
        "version": 1
    }
},
{
    "model": "data.bag",
    "pk": "ff297922-a5b2-4b66-9475-3ce98b074d37",
    "fields": {
        "replicating_nodes": [],
        "size": 1619,
        "interpretive": [],
        "first_version_uuid": "ff297922-a5b2-4b66-9475-3ce98b074d37",
        "original_node": 228,
        "admin_node": 228,
        "updated_at": "2015-05-01T12:21:36.002Z",
        "created_at": "2015-05-01T12:21:36.002Z",
        "local_id": "apt-rights-999999",
        "bag_type": "R",
        "rights": [
            "9998e960-fc6d-44f4-9d73-9a60a8eae609"
        ],
        "version": 1
    }
},
{
    "model": "data.fixity",
    "pk": 341,
    "fields": {
        "algorithm": "sha256",
        "digest": "15117629140055946964",
        "created_at": "2015-02-25T15:27:40.354Z",
        "bag": "62d7c697-ab00-40a1-87c3-fe57752cdc34"
    }
},
{
    "model": "data.fixity",
    "pk": 342,
    "fields": {
        "algorithm": "sha256",
        "digest": "8239305655559608632",
        "created_at": "2015-02-25T15:27:40.357Z",
        "bag": "cfd167a0-baad-4235-b896-041e710e6c62"
    }
},
{
    "model": "data.fixity",
    "pk": 343,
    "fields": {
        "algorithm": "sha256",
        "digest": "15380066093242522030",
        "created_at": "2015-02-25T15:27:40.360Z",
        "bag": "ccb973f1-3143-482d-8da6-fcb8e68a0f0f"
    }
},
{
    "model": "data.fixity",
    "pk": 344,
    "fields": {
        "algorithm": "sha256",
        "digest": "14393585577086198551",
        "created_at": "2015-02-25T15:27:40.364Z",
        "bag": "05d2d863-fa37-42dd-ad7a-cca573bcf8b1"
    }
},
{
    "model": "data.fixity",
    "pk": 345,
    "fields": {
        "algorithm": "sha256",
        "digest": "13248364553765187830",
        "created_at": "2015-02-25T15:27:40.367Z",
        "bag": "6d92052f-a7f4-4076-985f-a55e1c0a92e2"
    }
},
{
    "model": "data.fixity",
    "pk": 346,
    "fields": {
        "algorithm": "sha256",
        "digest": "6430912740758984624",
        "created_at": "2015-02-25T15:27:40.371Z",
        "bag": "945d5b65-2fc8-4f09-a19f-fa19f30fabb9"
    }
},
{
    "model": "data.fixity",
    "pk": 347,
    "fields": {
        "algorithm": "sha256",
        "digest": "5239440770027675292",
        "created_at": "2015-02-25T15:27:40.374Z",
        "bag": "5bdb9a2d-2cfc-4b38-a29f-189911a6b432"
    }
},
{
    "model": "data.fixity",
    "pk": 348,
    "fields": {
        "algorithm": "sha256",
        "digest": "6714591103936819188",
        "created_at": "2015-02-25T15:27:40.377Z",
        "bag": "b3c6b5b8-527a-4dac-bedc-8923d1f5437e"
    }
},
{
    "model": "data.fixity",
    "pk": 349,
    "fields": {
        "algorithm": "sha256",
        "digest": "12067386417832911481",
        "created_at": "2015-02-25T15:27:40.380Z",
        "bag": "ae18b4d2-ec5a-423e-a723-a40fe1a0d1ab"
    }
},
{
    "model": "data.fixity",
    "pk": 350,
    "fields": {
        "algorithm": "sha256",
        "digest": "10990117625098601015",
        "created_at": "2015-02-25T15:27:40.383Z",
        "bag": "7997e960-fc6d-44f4-9d73-9a60a8ce79c2"
    }
},
{
    "model": "data.fixity",
    "pk": 351,
    "fields": {
        "algorithm": "sha256",
        "digest": "11272676896266068604",
        "created_at": "2015-02-25T15:27:40.387Z",
        "bag": "60b2f86e-e80d-4263-9211-1dd6a2481f47"
    }
},
{
    "model": "data.fixity",
    "pk": 352,
    "fields": {
        "algorithm": "sha256",
        "digest": "3879060524125521987",
        "created_at": "2015-02-25T15:27:40.390Z",
        "bag": "7d116b9f-bf63-41db-94c8-744a5c37ab1f"
    }
},
{
    "model": "data.fixity",
    "pk": 353,
    "fields": {
        "algorithm": "sha256",
        "digest": "1321609739039266640",
        "created_at": "2015-02-25T15:27:40.393Z",
        "bag": "b6225eb3-9fe6-426c-a7d1-6d5189825fb2"
    }
},
{
    "model": "data.fixity",
    "pk": 354,
    "fields": {
        "algorithm": "sha256",
        "digest": "1261900090328898600",
        "created_at": "2015-02-25T15:27:40.397Z",
        "bag": "b8c9aab8-2a67-41fb-881e-5c297c474320"
    }
},
{
    "model": "data.fixity",
    "pk": 355,
    "fields": {
        "algorithm": "sha256",
        "digest": "1426989536103004760",
        "created_at": "2015-02-25T15:27:40.400Z",
        "bag": "88cf5af5-a17d-48f6-84b7-d02be918bc25"
    }
},
{
    "model": "data.fixity",
    "pk": 356,
    "fields": {
        "algorithm": "sha256",
        "digest": "16971216266150505378",
        "created_at": "2015-02-25T15:27:40.403Z",
        "bag": "8d906483-11fd-42d1-83ab-34bf8a47d733"
    }
},
{
    "model": "data.fixity",
    "pk": 357,
    "fields": {
        "algorithm": "sha256",
        "digest": "8063934798344699469",
        "created_at": "2015-02-25T15:27:40.408Z",
        "bag": "6078e948-d561-42b4-b13b-cf0404575cf7"
    }
},
{
    "model": "data.fixity",
    "pk": 358,
    "fields": {
        "algorithm": "sha256",
        "digest": "3201956818041766219",
        "created_at": "2015-02-25T15:27:40.412Z",
        "bag": "f2fea5b5-4fd2-4884-9016-4c8114448174"
    }
},
{
    "model": "data.fixity",
    "pk": 359,
    "fields": {
        "algorithm": "sha256",
        "digest": "919478353303070050",
        "created_at": "2015-02-25T15:27:40.416Z",
        "bag": "d171bd5c-4105-4286-a9ce-baa0d2110c01"
    }
},
{
    "model": "data.fixity",
    "pk": 360,
    "fields": {
        "algorithm": "sha256",
        "digest": "9330760583521191783",
        "created_at": "2015-02-25T15:27:40.419Z",
        "bag": "87f2d0ac-94c8-4bb2-90e8-24c076cef9f0"
    }
},
{
    "model": "data.fixity",
    "pk": 361,
    "fields": {
        "algorithm": "sha256",
        "digest": "909090909078787878781234",
        "created_at": "2015-02-25T16:08:13.097Z",
        "bag": "9998e960-fc6d-44f4-9d73-9a60a8eaea88"
    }
},
{
    "model": "data.fixity",
    "pk": 362,
    "fields": {
        "algorithm": "sha256",
        "digest": "909090909078787878781234",
        "created_at": "2015-02-25T16:13:07.232Z",
        "bag": "9998e960-fc6d-44f4-9d73-9a60a8eaea89"
    }
},
{
    "model": "data.fixity",
    "pk": 363,
    "fields": {
        "algorithm": "sha256",
        "digest": "tums-for-digestion",
        "created_at": "2015-05-01T12:32:17.703Z",
        "bag": "9998e960-fc6d-44f4-9d73-9a60a8eae609"
    }
},
{
    "model": "data.replicationtransfer",
    "pk": 70,
    "fields": {
        "from_node": 228,
        "fixity_nonce": "WDF6A7UR",
        "fixity_accept": null,
        "protocol": "R",
        "status": "Confirmed",
        "fixity_value": "",
        "link": "dpn.tdr@dpn.nodename.org:outgoing/6078e948-d561-42b4-b13b-cf0404575cf7.tar",
        "replication_id": "aptrust-70",
        "to_node": 226,
        "updated_at": "2015-02-25T15:27:40.425Z",
        "fixity_algorithm": "sha256",
        "created_at": "2015-02-25T15:27:40.422Z",
        "bag_valid": null,
        "bag": "6078e948-d561-42b4-b13b-cf0404575cf7"
    }
},
{
    "model": "data.replicationtransfer",
    "pk": 71,
    "fields": {
        "from_node": 228,
        "fixity_nonce": "Q4K26MST",
        "fixity_accept": null,
        "protocol": "R",
        "status": "Requested",
        "fixity_value": "",
        "link": "dpn.chron@dpn.nodename.org:outgoing/6078e948-d561-42b4-b13b-cf0404575cf7.tar",
        "replication_id": "aptrust-71",
        "to_node": 224,
        "updated_at": "2015-02-25T15:27:40.431Z",
        "fixity_algorithm": "sha256",
        "created_at": "2015-02-25T15:27:40.429Z",
        "bag_valid": null,
        "bag": "6078e948-d561-42b4-b13b-cf0404575cf7"
    }
},
{
    "model": "data.replicationtransfer",
    "pk": 72,
    "fields": {
        "from_node": 228,
        "fixity_nonce": "80FV5KF0",
        "fixity_accept": null,
        "protocol": "R",
        "status": "Requested",
        "fixity_value": "",
        "link": "dpn.chron@dpn.nodename.org:outgoing/8d906483-11fd-42d1-83ab-34bf8a47d733.tar",
        "replication_id": "aptrust-72",
        "to_node": 224,
        "updated_at": "2015-02-25T15:27:40.438Z",
        "fixity_algorithm": "sha256",
        "created_at": "2015-02-25T15:27:40.436Z",
        "bag_valid": null,
        "bag": "8d906483-11fd-42d1-83ab-34bf8a47d733"
    }
},
{
    "model": "data.replicationtransfer",
    "pk": 73,
    "fields": {
        "from_node": 228,
        "fixity_nonce": "HUMAEXCI",
        "fixity_accept": null,
        "protocol": "R",
        "status": "Requested",
        "fixity_value": "",
        "link": "dpn.hathi@dpn.nodename.org:outgoing/8d906483-11fd-42d1-83ab-34bf8a47d733.tar",
        "replication_id": "aptrust-73",
        "to_node": 227,
        "updated_at": "2015-02-25T15:27:40.444Z",
        "fixity_algorithm": "sha256",
        "created_at": "2015-02-25T15:27:40.442Z",
        "bag_valid": null,
        "bag": "8d906483-11fd-42d1-83ab-34bf8a47d733"
    }
},
{
    "model": "data.replicationtransfer",
    "pk": 74,
    "fields": {
        "from_node": 228,
        "fixity_nonce": "MIWCIV2R",
        "fixity_accept": null,
        "protocol": "R",
        "status": "Requested",
        "fixity_value": "",
        "link": "dpn.tdr@dpn.nodename.org:outgoing/60b2f86e-e80d-4263-9211-1dd6a2481f47.tar",
        "replication_id": "aptrust-74",
        "to_node": 226,
        "updated_at": "2015-02-25T15:27:40.451Z",
        "fixity_algorithm": "sha256",
        "created_at": "2015-02-25T15:27:40.449Z",
        "bag_valid": null,
        "bag": "60b2f86e-e80d-4263-9211-1dd6a2481f47"
    }
},
{
    "model": "data.replicationtransfer",
    "pk": 75,
    "fields": {
        "from_node": 228,
        "fixity_nonce": "CE1SB4LS",
        "fixity_accept": null,
        "protocol": "R",
        "status": "Requested",
        "fixity_value": "",
        "link": "dpn.chron@dpn.nodename.org:outgoing/60b2f86e-e80d-4263-9211-1dd6a2481f47.tar",
        "replication_id": "aptrust-75",
        "to_node": 224,
        "updated_at": "2015-02-25T15:27:40.458Z",
        "fixity_algorithm": "sha256",
        "created_at": "2015-02-25T15:27:40.456Z",
        "bag_valid": null,
        "bag": "60b2f86e-e80d-4263-9211-1dd6a2481f47"
    }
},
{
    "model": "data.replicationtransfer",
    "pk": 76,
    "fields": {
        "from_node": 228,
        "fixity_nonce": "55YWZI6C",
        "fixity_accept": null,
        "protocol": "R",
        "status": "Requested",
        "fixity_value": "",
        "link": "dpn.hathi@dpn.nodename.org:outgoing/cfd167a0-baad-4235-b896-041e710e6c62.tar",
        "replication_id": "aptrust-76",
        "to_node": 227,
        "updated_at": "2015-02-25T15:27:40.465Z",
        "fixity_algorithm": "sha256",
        "created_at": "2015-02-25T15:27:40.463Z",
        "bag_valid": null,
        "bag": "cfd167a0-baad-4235-b896-041e710e6c62"
    }
},
{
    "model": "data.replicationtransfer",
    "pk": 77,
    "fields": {
        "from_node": 228,
        "fixity_nonce": "YQR5BL1V",
        "fixity_accept": null,
        "protocol": "R",
        "status": "Requested",
        "fixity_value": "",
        "link": "dpn.chron@dpn.nodename.org:outgoing/cfd167a0-baad-4235-b896-041e710e6c62.tar",
        "replication_id": "aptrust-77",
        "to_node": 224,
        "updated_at": "2015-02-25T15:27:40.471Z",
        "fixity_algorithm": "sha256",
        "created_at": "2015-02-25T15:27:40.469Z",
        "bag_valid": null,
        "bag": "cfd167a0-baad-4235-b896-041e710e6c62"
    }
},
{
    "model": "data.replicationtransfer",
    "pk": 78,
    "fields": {
        "from_node": 229,
        "fixity_nonce": "1234",
        "fixity_accept": false,
        "protocol": "R",
        "status": "Cancelled",
        "fixity_value": "e0312729a464d281eefc6466b13317bf34a753a6b48770e4438e9958644c41da",
        "link": "ubuntu@apt-util:sha256_update_log_part1.txt",
        "replication_id": "aptrust-78",
        "to_node": 228,
        "updated_at": "2015-03-18T13:19:42.870Z",
        "fixity_algorithm": "sha256",
        "created_at": "2015-03-02T16:05:07.734Z",
        "bag_valid": null,
        "bag": "60b2f86e-e80d-4263-9211-1dd6a2481f47"
    }
},
{
    "model": "data.replicationtransfer",
    "pk": 79,
    "fields": {
        "from_node": 228,
        "fixity_nonce": "dunce",
        "fixity_accept": true,
        "protocol": "R",
        "status": "Confirmed",
        "fixity_value": "98765",
        "link": "rsync://are/sink",
        "replication_id": "aptrust-999999",
        "to_node": 224,
        "updated_at": "2015-05-01T12:19:44.465Z",
        "fixity_algorithm": "sha256",
        "created_at": "2015-05-01T12:19:44.465Z",
        "bag_valid": true,
        "bag": "9998e960-fc6d-44f4-9d73-9a60a8eae609"
    }
},
{
    "model": "data.restoretransfer",
    "pk": 64,
    "fields": {
        "from_node": 226,
        "to_node": 228,
        "restore_id": "aptrust-64",
        "updated_at": "2015-02-25T15:27:40.427Z",
        "link": null,
        "protocol": "R",
        "status": "Requested",
        "created_at": "2015-02-25T15:27:40.426Z",
        "bag": "6078e948-d561-42b4-b13b-cf0404575cf7"
    }
},
{
    "model": "data.restoretransfer",
    "pk": 65,
    "fields": {
        "from_node": 224,
        "to_node": 228,
        "restore_id": "aptrust-65",
        "updated_at": "2015-02-25T15:27:40.433Z",
        "link": null,
        "protocol": "R",
        "status": "Requested",
        "created_at": "2015-02-25T15:27:40.432Z",
        "bag": "6078e948-d561-42b4-b13b-cf0404575cf7"
    }
},
{
    "model": "data.restoretransfer",
    "pk": 66,
    "fields": {
        "from_node": 224,
        "to_node": 228,
        "restore_id": "aptrust-66",
        "updated_at": "2015-02-25T15:27:40.440Z",
        "link": null,
        "protocol": "R",
        "status": "Requested",
        "created_at": "2015-02-25T15:27:40.439Z",
        "bag": "8d906483-11fd-42d1-83ab-34bf8a47d733"
    }
},
{
    "model": "data.restoretransfer",
    "pk": 67,
    "fields": {
        "from_node": 227,
        "to_node": 228,
        "restore_id": "aptrust-67",
        "updated_at": "2015-02-25T15:27:40.447Z",
        "link": null,
        "protocol": "R",
        "status": "Requested",
        "created_at": "2015-02-25T15:27:40.445Z",
        "bag": "8d906483-11fd-42d1-83ab-34bf8a47d733"
    }
},
{
    "model": "data.restoretransfer",
    "pk": 68,
    "fields": {
        "from_node": 226,
        "to_node": 228,
        "restore_id": "aptrust-68",
        "updated_at": "2015-02-25T15:27:40.454Z",
        "link": null,
        "protocol": "R",
        "status": "Requested",
        "created_at": "2015-02-25T15:27:40.453Z",
        "bag": "60b2f86e-e80d-4263-9211-1dd6a2481f47"
    }
},
{
    "model": "data.restoretransfer",
    "pk": 69,
    "fields": {
        "from_node": 224,
        "to_node": 228,
        "restore_id": "aptrust-69",
        "updated_at": "2015-02-25T15:27:40.460Z",
        "link": null,
        "protocol": "R",
        "status": "Requested",
        "created_at": "2015-02-25T15:27:40.459Z",
        "bag": "60b2f86e-e80d-4263-9211-1dd6a2481f47"
    }
},
{
    "model": "data.restoretransfer",
    "pk": 70,
    "fields": {
        "from_node": 227,
        "to_node": 228,
        "restore_id": "aptrust-70",
        "updated_at": "2015-02-25T15:27:40.467Z",
        "link": null,
        "protocol": "R",
        "status": "Requested",
        "created_at": "2015-02-25T15:27:40.466Z",
        "bag": "cfd167a0-baad-4235-b896-041e710e6c62"
    }
},
{
    "model": "data.restoretransfer",
    "pk": 71,
    "fields": {
        "from_node": 224,
        "to_node": 228,
        "restore_id": "aptrust-71",
        "updated_at": "2015-02-25T15:27:40.474Z",
        "link": null,
        "protocol": "R",
        "status": "Requested",
        "created_at": "2015-02-25T15:27:40.473Z",
        "bag": "cfd167a0-baad-4235-b896-041e710e6c62"
    }
},
{
    "model": "data.userprofile",
    "pk": 178,
    "fields": {
        "node": 224,
        "user": [
            "chron_user"
        ]
    }
},
{
    "model": "data.userprofile",
    "pk": 179,
    "fields": {
        "node": 225,
        "user": [
            "sdr_user"
        ]
    }
},
{
    "model": "data.userprofile",
    "pk": 180,
    "fields": {
        "node": 226,
        "user": [
            "tdr_user"
        ]
    }
},
{
    "model": "data.userprofile",
    "pk": 181,
    "fields": {
        "node": 227,
        "user": [
            "hathi_user"
        ]
    }
},
{
    "model": "data.userprofile",
    "pk": 182,
    "fields": {
        "node": null,
        "user": [
            "admin"
        ]
    }
}
]
