[
{
    "model": "auth.permission",
    "pk": 1,
    "fields": {
        "content_type": 1,
        "name": "Can add log entry",
        "codename": "add_logentry"
    }
},
{
    "model": "auth.permission",
    "pk": 2,
    "fields": {
        "content_type": 1,
        "name": "Can change log entry",
        "codename": "change_logentry"
    }
},
{
    "model": "auth.permission",
    "pk": 3,
    "fields": {
        "content_type": 1,
        "name": "Can delete log entry",
        "codename": "delete_logentry"
    }
},
{
    "model": "auth.permission",
    "pk": 4,
    "fields": {
        "content_type": 2,
        "name": "Can add permission",
        "codename": "add_permission"
    }
},
{
    "model": "auth.permission",
    "pk": 5,
    "fields": {
        "content_type": 2,
        "name": "Can change permission",
        "codename": "change_permission"
    }
},
{
    "model": "auth.permission",
    "pk": 6,
    "fields": {
        "content_type": 2,
        "name": "Can delete permission",
        "codename": "delete_permission"
    }
},
{
    "model": "auth.permission",
    "pk": 7,
    "fields": {
        "content_type": 3,
        "name": "Can add group",
        "codename": "add_group"
    }
},
{
    "model": "auth.permission",
    "pk": 8,
    "fields": {
        "content_type": 3,
        "name": "Can change group",
        "codename": "change_group"
    }
},
{
    "model": "auth.permission",
    "pk": 9,
    "fields": {
        "content_type": 3,
        "name": "Can delete group",
        "codename": "delete_group"
    }
},
{
    "model": "auth.permission",
    "pk": 10,
    "fields": {
        "content_type": 4,
        "name": "Can add user",
        "codename": "add_user"
    }
},
{
    "model": "auth.permission",
    "pk": 11,
    "fields": {
        "content_type": 4,
        "name": "Can change user",
        "codename": "change_user"
    }
},
{
    "model": "auth.permission",
    "pk": 12,
    "fields": {
        "content_type": 4,
        "name": "Can delete user",
        "codename": "delete_user"
    }
},
{
    "model": "auth.permission",
    "pk": 13,
    "fields": {
        "content_type": 5,
        "name": "Can add content type",
        "codename": "add_contenttype"
    }
},
{
    "model": "auth.permission",
    "pk": 14,
    "fields": {
        "content_type": 5,
        "name": "Can change content type",
        "codename": "change_contenttype"
    }
},
{
    "model": "auth.permission",
    "pk": 15,
    "fields": {
        "content_type": 5,
        "name": "Can delete content type",
        "codename": "delete_contenttype"
    }
},
{
    "model": "auth.permission",
    "pk": 16,
    "fields": {
        "content_type": 6,
        "name": "Can add session",
        "codename": "add_session"
    }
},
{
    "model": "auth.permission",
    "pk": 17,
    "fields": {
        "content_type": 6,
        "name": "Can change session",
        "codename": "change_session"
    }
},
{
    "model": "auth.permission",
    "pk": 18,
    "fields": {
        "content_type": 6,
        "name": "Can delete session",
        "codename": "delete_session"
    }
},
{
    "model": "auth.permission",
    "pk": 19,
    "fields": {
        "content_type": 7,
        "name": "Can add token",
        "codename": "add_token"
    }
},
{
    "model": "auth.permission",
    "pk": 20,
    "fields": {
        "content_type": 7,
        "name": "Can change token",
        "codename": "change_token"
    }
},
{
    "model": "auth.permission",
    "pk": 21,
    "fields": {
        "content_type": 7,
        "name": "Can delete token",
        "codename": "delete_token"
    }
},
{
    "model": "auth.permission",
    "pk": 22,
    "fields": {
        "content_type": 8,
        "name": "Can add protocol",
        "codename": "add_protocol"
    }
},
{
    "model": "auth.permission",
    "pk": 23,
    "fields": {
        "content_type": 8,
        "name": "Can change protocol",
        "codename": "change_protocol"
    }
},
{
    "model": "auth.permission",
    "pk": 24,
    "fields": {
        "content_type": 8,
        "name": "Can delete protocol",
        "codename": "delete_protocol"
    }
},
{
    "model": "auth.permission",
    "pk": 25,
    "fields": {
        "content_type": 9,
        "name": "Can add fixity algorithm",
        "codename": "add_fixityalgorithm"
    }
},
{
    "model": "auth.permission",
    "pk": 26,
    "fields": {
        "content_type": 9,
        "name": "Can change fixity algorithm",
        "codename": "change_fixityalgorithm"
    }
},
{
    "model": "auth.permission",
    "pk": 27,
    "fields": {
        "content_type": 9,
        "name": "Can delete fixity algorithm",
        "codename": "delete_fixityalgorithm"
    }
},
{
    "model": "auth.permission",
    "pk": 28,
    "fields": {
        "content_type": 10,
        "name": "Can add node",
        "codename": "add_node"
    }
},
{
    "model": "auth.permission",
    "pk": 29,
    "fields": {
        "content_type": 10,
        "name": "Can change node",
        "codename": "change_node"
    }
},
{
    "model": "auth.permission",
    "pk": 30,
    "fields": {
        "content_type": 10,
        "name": "Can delete node",
        "codename": "delete_node"
    }
},
{
    "model": "auth.permission",
    "pk": 31,
    "fields": {
        "content_type": 11,
        "name": "Can add storage",
        "codename": "add_storage"
    }
},
{
    "model": "auth.permission",
    "pk": 32,
    "fields": {
        "content_type": 11,
        "name": "Can change storage",
        "codename": "change_storage"
    }
},
{
    "model": "auth.permission",
    "pk": 33,
    "fields": {
        "content_type": 11,
        "name": "Can delete storage",
        "codename": "delete_storage"
    }
},
{
    "model": "auth.permission",
    "pk": 34,
    "fields": {
        "content_type": 12,
        "name": "Can add bag",
        "codename": "add_bag"
    }
},
{
    "model": "auth.permission",
    "pk": 35,
    "fields": {
        "content_type": 12,
        "name": "Can change bag",
        "codename": "change_bag"
    }
},
{
    "model": "auth.permission",
    "pk": 36,
    "fields": {
        "content_type": 12,
        "name": "Can delete bag",
        "codename": "delete_bag"
    }
},
{
    "model": "auth.permission",
    "pk": 37,
    "fields": {
        "content_type": 13,
        "name": "Can add fixity",
        "codename": "add_fixity"
    }
},
{
    "model": "auth.permission",
    "pk": 38,
    "fields": {
        "content_type": 13,
        "name": "Can change fixity",
        "codename": "change_fixity"
    }
},
{
    "model": "auth.permission",
    "pk": 39,
    "fields": {
        "content_type": 13,
        "name": "Can delete fixity",
        "codename": "delete_fixity"
    }
},
{
    "model": "auth.permission",
    "pk": 40,
    "fields": {
        "content_type": 14,
        "name": "Can add replication transfer",
        "codename": "add_replicationtransfer"
    }
},
{
    "model": "auth.permission",
    "pk": 41,
    "fields": {
        "content_type": 14,
        "name": "Can change replication transfer",
        "codename": "change_replicationtransfer"
    }
},
{
    "model": "auth.permission",
    "pk": 42,
    "fields": {
        "content_type": 14,
        "name": "Can delete replication transfer",
        "codename": "delete_replicationtransfer"
    }
},
{
    "model": "auth.permission",
    "pk": 43,
    "fields": {
        "content_type": 15,
        "name": "Can add restore transfer",
        "codename": "add_restoretransfer"
    }
},
{
    "model": "auth.permission",
    "pk": 44,
    "fields": {
        "content_type": 15,
        "name": "Can change restore transfer",
        "codename": "change_restoretransfer"
    }
},
{
    "model": "auth.permission",
    "pk": 45,
    "fields": {
        "content_type": 15,
        "name": "Can delete restore transfer",
        "codename": "delete_restoretransfer"
    }
},
{
    "model": "auth.permission",
    "pk": 46,
    "fields": {
        "content_type": 16,
        "name": "Can add user profile",
        "codename": "add_userprofile"
    }
},
{
    "model": "auth.permission",
    "pk": 47,
    "fields": {
        "content_type": 16,
        "name": "Can change user profile",
        "codename": "change_userprofile"
    }
},
{
    "model": "auth.permission",
    "pk": 48,
    "fields": {
        "content_type": 16,
        "name": "Can delete user profile",
        "codename": "delete_userprofile"
    }
},
{
    "model": "auth.group",
    "pk": 1,
    "fields": {
        "name": "api_users",
        "permissions": [
            41,
            44
        ]
    }
},
{
    "model": "auth.group",
    "pk": 2,
    "fields": {
        "name": "api_admins",
        "permissions": [
            34,
            35,
            37,
            28,
            29,
            40,
            41,
            43,
            44
        ]
    }
},
{
    "model": "auth.user",
    "pk": 1,
    "fields": {
        "last_name": "",
        "password": "pbkdf2_sha256$15000$Klz2TFoxY8xE$/I58ocVVFVI2xLCEfaCS0BJXEuKbCMSu7nmBAPENGXo=",
        "email": "andrew.diamond@sdr.org",
        "username": "andrew.diamond@aptrust.org",
 "is_superuser": false,        "last_login": "2015-05-28T15:37:38Z",
        "groups": [
            2
        ],
        "user_permissions": [],
        "first_name": "",
        "is_staff": true,
        "is_active": true,
        "is_superuser": true,
        "date_joined": "2015-05-04T17:27:12Z"
    }
},
{
    "model": "auth.user",
    "pk": 2,
    "fields": {
        "last_name": "",
        "password": "pbkdf2_sha256$15000$Vjhj7WKEdpQ6$SqeAlTHG9ViWwlWjt0ETYLFIN97WjOBb5uOb9x3hBSE=",
        "email": "",
        "username": "chron_user",
 "is_superuser": false,        "last_login": "2015-05-04T17:30:31Z",
        "groups": [
            1
        ],
        "user_permissions": [],
        "first_name": "",
        "is_staff": false,
        "is_active": true,
        "is_superuser": false,
        "date_joined": "2015-05-04T17:30:31Z"
    }
},
{
    "model": "auth.user",
    "pk": 3,
    "fields": {
        "last_name": "",
        "password": "pbkdf2_sha256$15000$6QXSo1C11nc9$C+Dult7lXQtHbHYeJmwqzbyUuCXeF6acDPNtmy9eVqo=",
        "email": "",
        "username": "hathi_user",
 "is_superuser": false,        "last_login": "2015-05-04T17:30:42Z",
        "groups": [
            1
        ],
        "user_permissions": [],
        "first_name": "",
        "is_staff": false,
        "is_active": true,
        "is_superuser": false,
        "date_joined": "2015-05-04T17:30:42Z"
    }
},
{
    "model": "auth.user",
    "pk": 4,
    "fields": {
        "last_name": "",
        "password": "pbkdf2_sha256$15000$as2Swb1GL41J$RKGTkc9PtK5lVvqQ+lIgYI0N9EXxbbbiBq7OTausqiA=",
        "email": "",
        "username": "sdr_user",
 "is_superuser": true,        "last_login": "2015-05-04T17:31:13Z",
        "groups": [
            1
        ],
        "user_permissions": [],
        "first_name": "",
        "is_staff": false,
        "is_active": true,
        "is_superuser": false,
        "date_joined": "2015-05-04T17:31:13Z"
    }
},
{
    "model": "auth.user",
    "pk": 5,
    "fields": {
        "last_name": "",
        "password": "pbkdf2_sha256$15000$vuhkbKTdL7Y2$73CBo5jQEpVmVLmwshbbTYX4aQNuHm4DOA8b/HW6O8w=",
        "email": "",
        "username": "tdr_user",
 "is_superuser": false,        "last_login": "2015-05-04T17:31:28Z",
        "groups": [
            1
        ],
        "user_permissions": [],
        "first_name": "",
        "is_staff": false,
        "is_active": true,
        "is_superuser": false,
        "date_joined": "2015-05-04T17:31:28Z"
    }
},
{
    "model": "auth.user",
    "pk": 6,
    "fields": {
        "last_name": "",
        "password": "pbkdf2_sha256$15000$Quw05XjFKquA$/07Iz2oNKFAYdmG+FOqH5AVtpCc59sQAHuSFBEZrZnE=",
        "email": "",
        "username": "aptrust_user",
 "is_superuser": false,        "last_login": "2015-05-04T17:32:19Z",
        "groups": [
            2
        ],
        "user_permissions": [],
        "first_name": "",
        "is_staff": false,
        "is_active": true,
        "is_superuser": false,
        "date_joined": "2015-05-04T17:32:19Z"
    }
},
{
    "model": "contenttypes.contenttype",
    "pk": 1,
    "fields": {
        "model": "logentry",
        "app_label": "admin",
        "name": "log entry"
    }
},
{
    "model": "contenttypes.contenttype",
    "pk": 2,
    "fields": {
        "model": "permission",
        "app_label": "auth",
        "name": "permission"
    }
},
{
    "model": "contenttypes.contenttype",
    "pk": 3,
    "fields": {
        "model": "group",
        "app_label": "auth",
        "name": "group"
    }
},
{
    "model": "contenttypes.contenttype",
    "pk": 4,
    "fields": {
        "model": "user",
        "app_label": "auth",
        "name": "user"
    }
},
{
    "model": "contenttypes.contenttype",
    "pk": 5,
    "fields": {
        "model": "contenttype",
        "app_label": "contenttypes",
        "name": "content type"
    }
},
{
    "model": "contenttypes.contenttype",
    "pk": 6,
    "fields": {
        "model": "session",
        "app_label": "sessions",
        "name": "session"
    }
},
{
    "model": "contenttypes.contenttype",
    "pk": 7,
    "fields": {
        "model": "token",
        "app_label": "authtoken",
        "name": "token"
    }
},
{
    "model": "contenttypes.contenttype",
    "pk": 8,
    "fields": {
        "model": "protocol",
        "app_label": "data",
        "name": "protocol"
    }
},
{
    "model": "contenttypes.contenttype",
    "pk": 9,
    "fields": {
        "model": "fixityalgorithm",
        "app_label": "data",
        "name": "fixity algorithm"
    }
},
{
    "model": "contenttypes.contenttype",
    "pk": 10,
    "fields": {
        "model": "node",
        "app_label": "data",
        "name": "node"
    }
},
{
    "model": "contenttypes.contenttype",
    "pk": 11,
    "fields": {
        "model": "storage",
        "app_label": "data",
        "name": "storage"
    }
},
{
    "model": "contenttypes.contenttype",
    "pk": 12,
    "fields": {
        "model": "bag",
        "app_label": "data",
        "name": "bag"
    }
},
{
    "model": "contenttypes.contenttype",
    "pk": 13,
    "fields": {
        "model": "fixity",
        "app_label": "data",
        "name": "fixity"
    }
},
{
    "model": "contenttypes.contenttype",
    "pk": 14,
    "fields": {
        "model": "replicationtransfer",
        "app_label": "data",
        "name": "replication transfer"
    }
},
{
    "model": "contenttypes.contenttype",
    "pk": 15,
    "fields": {
        "model": "restoretransfer",
        "app_label": "data",
        "name": "restore transfer"
    }
},
{
    "model": "contenttypes.contenttype",
    "pk": 16,
    "fields": {
        "model": "userprofile",
        "app_label": "data",
        "name": "user profile"
    }
},
{
    "model": "sessions.session",
    "pk": "avyqv3v2o241jaeubjgrqxhvuusq5869",
    "fields": {
        "expire_date": "2015-06-11T15:27:32.973Z",
        "session_data": "NTg2OGYzZGY0ZDg4NzgzMmJhNjc1ZmI1YTVkNTU4NjQ5OTI4ZWI0Zjp7fQ=="
    }
},
{
    "model": "sessions.session",
    "pk": "mwq5wdy13bdicy3q0aa81fxgds57io1s",
    "fields": {
        "expire_date": "2015-06-11T15:37:38.369Z",
        "session_data": "NGQ0M2M5Y2VmYTdmYTU1N2Q3ODY4YTcyYWYwZTI3ZTY0MWViOTIzZjp7Il9hdXRoX3VzZXJfaGFzaCI6IjYyNzc0ZDEzNjU5ZDNmMjMzZjU1YTU0ZmIyMTFkN2QxY2I4Y2EyMTAiLCJfYXV0aF91c2VyX2lkIjoxLCJfYXV0aF91c2VyX2JhY2tlbmQiOiJkamFuZ28uY29udHJpYi5hdXRoLmJhY2tlbmRzLk1vZGVsQmFja2VuZCJ9"
    }
},
{
    "model": "sessions.session",
    "pk": "u2vcbildcyb30u58brkxt5dt3klydizn",
    "fields": {
        "expire_date": "2015-05-18T17:28:10.868Z",
        "session_data": "MjZlYmU4OTIyYmE0ZDk1NDgxZWI2OTg4N2FjYWQ5NTJjMjQ0NmE0Njp7Il9hdXRoX3VzZXJfaWQiOjEsIl9hdXRoX3VzZXJfYmFja2VuZCI6ImRqYW5nby5jb250cmliLmF1dGguYmFja2VuZHMuTW9kZWxCYWNrZW5kIiwiX2F1dGhfdXNlcl9oYXNoIjoiNjI3NzRkMTM2NTlkM2YyMzNmNTVhNTRmYjIxMWQ3ZDFjYjhjYTIxMCJ9"
    }
},
{
    "model": "data.protocol",
    "pk": "rsync",
    "fields": {}
},
{
    "model": "data.fixityalgorithm",
    "pk": "sha256",
    "fields": {}
},
{
    "model": "data.node",
    "pk": 1,
    "fields": {
        "restore_from": [
            5,
            4,
            3,
            2
        ],
        "namespace": "aptrust",
        "api_root": "https://devops.sdr.org/dpnode/",
        "replicate_from": [
            5,
            4,
            3,
            2
        ],
        "restore_to": [
            5,
            4,
            3,
            2
        ],
        "replicate_to": [
            5,
            4,
            3,
            2
        ],
        "ssh_pubkey": "",
        "created_at": "2015-05-04T17:34:41.782Z",
        "ssh_username": "dpn.aptrust",
        "fixity_algorithms": [
            "sha256"
        ],
        "protocols": [
            "rsync"
        ],
        "updated_at": "2015-05-22T19:31:13.235Z",
        "last_pull_date": null,
        "name": "APTrust"
    }
},
{
    "model": "data.node",
    "pk": 2,
    "fields": {
        "restore_from": [
            5,
            4,
            3,
            1
        ],
        "namespace": "hathi",
        "api_root": "https://dpn.hathitrust.org/dpnrest/",
        "replicate_from": [
            5,
            4,
            3,
            1
        ],
        "restore_to": [
            5,
            4,
            3,
            1
        ],
        "replicate_to": [
            5,
            4,
            3,
            1
        ],
        "ssh_pubkey": "",
        "created_at": "2015-05-04T17:36:16.462Z",
        "ssh_username": "dpn.hathi",
        "fixity_algorithms": [
            "sha256"
        ],
        "protocols": [
            "rsync"
        ],
        "updated_at": "2015-05-22T19:31:06.857Z",
        "last_pull_date": null,
        "name": "Hathi Trust"
    }
},
{
    "model": "data.node",
    "pk": 3,
    "fields": {
        "restore_from": [
            5,
            4,
            2,
            1
        ],
        "namespace": "chron",
        "api_root": "https://chronopolis01.umiacs.umd.edu/",
        "replicate_from": [
            5,
            4,
            2,
            1
        ],
        "restore_to": [
            5,
            4,
            2,
            1
        ],
        "replicate_to": [
            5,
            4,
            2,
            1
        ],
        "ssh_pubkey": "",
        "created_at": "2015-05-04T17:36:47.116Z",
        "ssh_username": "dpn.chron",
        "fixity_algorithms": [
            "sha256"
        ],
        "protocols": [
            "rsync"
        ],
        "updated_at": "2015-05-22T19:31:00.048Z",
        "last_pull_date": null,
        "name": "Chronopolis"
    }
},
{
    "model": "data.node",
    "pk": 4,
    "fields": {
        "restore_from": [
            5,
            3,
            2,
            1
        ],
        "namespace": "tdr",
        "api_root": "https://rest.lib.utexas.edu/",
        "replicate_from": [
            5,
            3,
            2,
            1
        ],
        "restore_to": [
            5,
            3,
            2,
            1
        ],
        "replicate_to": [
            5,
            3,
            2,
            1
        ],
        "ssh_pubkey": "ssh-rsa AAAAB3NzaC1yc2EAAAADAQABAAABAQCs/ZRcJQhegudN7jWEbW7jUJuMtiIruhNeiLOUXQwfZ4tV4ksOFribYLHnFaTTPtPVFtkt6Rsc+4h9FfqPE83QXKFucJ3DYAmW0/baYbzOmdEn+EsajiDQA4B/mCbjfiFTHK0bLsYshCx+jfcRmKzgMHbj5qoW8Dy8IK0TR+iA+KyPLaZPoXB+jb7xlF8lKppsvNfZzebMGqvO3XMGM0QIVKzmJEOg8QBCUl4hPxRApwLc5UJz2up/nhO4g3Yv6Uh1/IGpxZopCF9Svl3rQNPyu43rsWuyF/R0tu0saVCb/e21L9ZUG3jb2BOmRIPozwPgpWMNFrnk3dDmcpVHc0Kp tdr@rest.lib.utexas.edu",
        "created_at": "2015-05-04T17:37:14.930Z",
        "ssh_username": "dpn.tdr",
        "fixity_algorithms": [
            "sha256"
        ],
        "protocols": [
            "rsync"
        ],
        "updated_at": "2015-05-22T19:30:53.523Z",
        "last_pull_date": null,
        "name": "TDR"
    }
},
{
    "model": "data.node",
    "pk": 5,
    "fields": {
        "restore_from": [
            4,
            3,
            2,
            1
        ],
        "namespace": "sdr",
        "api_root": "https://dpn.stanford.edu/dpnrest/",
        "replicate_from": [
            4,
            3,
            2,
            1
        ],
        "restore_to": [
            4,
            3,
            2,
            1
        ],
        "replicate_to": [
            4,
            3,
            2,
            1
        ],
        "ssh_pubkey": "",
        "created_at": "2015-05-04T17:37:43.640Z",
        "ssh_username": "dpn.sdr",
        "fixity_algorithms": [
            "sha256"
        ],
        "protocols": [
            "rsync"
        ],
        "updated_at": "2015-05-22T19:30:47.386Z",
        "last_pull_date": null,
        "name": "SDR"
    }
},
{
    "model": "data.storage",
    "pk": 1,
    "fields": {
        "storage_type": "Disk",
        "region": "CA",
        "node": 5
    }
},
{
    "model": "data.storage",
    "pk": 2,
    "fields": {
        "storage_type": "irods",
        "region": "TX",
        "node": 4
    }
},
{
    "model": "data.storage",
    "pk": 3,
    "fields": {
        "storage_type": "Disk",
        "region": "CA",
        "node": 3
    }
},
{
    "model": "data.storage",
    "pk": 4,
    "fields": {
        "storage_type": "Disk",
        "region": "CO",
        "node": 3
    }
},
{
    "model": "data.storage",
    "pk": 5,
    "fields": {
        "storage_type": "Amazon Glacier",
        "region": "VA",
        "node": 1
    }
},
{
    "model": "data.bag",
    "pk": "1eddfbb5-a030-4e23-9ac5-e5abea4b0b26",
    "fields": {
        "ingest_node": 5,
        "replicating_nodes": [
            4
        ],
        "admin_node": 5,
        "version": 1,
        "bag_type": "D",
        "first_version_uuid": "1eddfbb5-a030-4e23-9ac5-e5abea4b0b26",
        "rights": [],
        "local_id": "sdr_bag_1",
        "size": 71680,
        "updated_at": "2015-05-22T19:08:37.847Z",
        "created_at": "2015-05-22T19:08:37.847Z",
        "interpretive": []
    }
},
{
    "model": "data.bag",
    "pk": "8a3ff13a-f8e4-415f-b467-5cec55002c81",
    "fields": {
        "ingest_node": 5,
        "replicating_nodes": [
            4
        ],
        "admin_node": 5,
        "version": 1,
        "bag_type": "D",
        "first_version_uuid": "8a3ff13a-f8e4-415f-b467-5cec55002c81",
        "rights": [],
        "local_id": "sdr_bag_2",
        "size": 4005888,
        "updated_at": "2015-05-22T19:08:34.295Z",
        "created_at": "2015-05-22T19:08:34.295Z",
        "interpretive": []
    }
},
{
    "model": "data.bag",
    "pk": "e304a855-8258-4937-a18f-647568ce7eb4",
    "fields": {
        "ingest_node": 5,
        "replicating_nodes": [
            4
        ],
        "admin_node": 5,
        "version": 1,
        "bag_type": "D",
        "first_version_uuid": "e304a855-8258-4937-a18f-647568ce7eb4",
        "rights": [],
        "local_id": "sdr_bag_3",
        "size": 44544,
        "updated_at": "2015-05-22T19:08:36.599Z",
        "created_at": "2015-05-22T19:08:36.599Z",
        "interpretive": []
    }
},
{
    "model": "data.bag",
    "pk": "c32ec5e6-63af-4344-9e8a-a44f372f5540",
    "fields": {
        "ingest_node": 5,
        "replicating_nodes": [
            4
        ],
        "admin_node": 5,
        "version": 1,
        "bag_type": "D",
        "first_version_uuid": "c32ec5e6-63af-4344-9e8a-a44f372f5540",
        "rights": [],
        "local_id": "sdr_bag_4",
        "size": 3974144,
        "updated_at": "2015-05-22T19:08:48.299Z",
        "created_at": "2015-05-22T19:08:48.299Z",
        "interpretive": []
    }
},
{
    "model": "data.bag",
    "pk": "65a7ad25-eada-44a3-8809-d01029fe26c8",
    "fields": {
        "ingest_node": 5,
        "replicating_nodes": [
            4
        ],
        "admin_node": 5,
        "version": 1,
        "bag_type": "D",
        "first_version_uuid": "65a7ad25-eada-44a3-8809-d01029fe26c8",
        "rights": [],
        "local_id": "sdr_bag_5",
        "size": 44544,
        "updated_at": "2015-05-22T19:08:38.798Z",
        "created_at": "2015-05-22T19:08:38.798Z",
        "interpretive": []
    }
},
{
    "model": "data.bag",
    "pk": "4a0ff18c-b2a8-4401-a5d4-44c35f7b8cbf",
    "fields": {
        "ingest_node": 5,
        "replicating_nodes": [],
        "admin_node": 5,
        "version": 1,
        "bag_type": "D",
        "first_version_uuid": "4a0ff18c-b2a8-4401-a5d4-44c35f7b8cbf",
        "rights": [],
        "local_id": "sdr_bag_6",
        "size": 44455566,
        "updated_at": "2015-05-04T17:41:22.903Z",
        "created_at": "2015-05-04T17:41:22.903Z",
        "interpretive": []
    }
},
{
    "model": "data.bag",
    "pk": "4f0ea99b-97e1-45e0-ac11-bf77bfb0470e",
    "fields": {
        "ingest_node": 5,
        "replicating_nodes": [],
        "admin_node": 5,
        "version": 1,
        "bag_type": "D",
        "first_version_uuid": "4f0ea99b-97e1-45e0-ac11-bf77bfb0470e",
        "rights": [],
        "local_id": "sdr_bag_7",
        "size": 7766554,
        "updated_at": "2015-05-04T17:41:51.909Z",
        "created_at": "2015-05-04T17:41:51.909Z",
        "interpretive": []
    }
},
{
    "model": "data.bag",
    "pk": "9923ef83-423e-439f-8af1-b438748d2509",
    "fields": {
        "ingest_node": 5,
        "replicating_nodes": [
            4
        ],
        "admin_node": 5,
        "version": 1,
        "bag_type": "D",
        "first_version_uuid": "9923ef83-423e-439f-8af1-b438748d2509",
        "rights": [],
        "local_id": "sdr_bag_8",
        "size": 62464,
        "updated_at": "2015-05-22T19:08:35.388Z",
        "created_at": "2015-05-22T19:08:35.388Z",
        "interpretive": []
    }
},
{
    "model": "data.fixity",
    "pk": 1180,
    "fields": {
        "algorithm": "sha256",
        "digest": "353fba29e2bad3101de89533eb3b5882646af1353ab3aec7e27e5c5b8e0c5b69",
        "created_at": "2015-05-22T19:08:34.298Z",
        "bag": "8a3ff13a-f8e4-415f-b467-5cec55002c81"
    }
},
{
    "model": "data.fixity",
    "pk": 1181,
    "fields": {
        "algorithm": "sha256",
        "digest": "e81f79fed2b4515e6a5c3f23161d0805172be1ca1f560ce29d3793cec2c79d89",
        "created_at": "2015-05-22T19:08:35.390Z",
        "bag": "9923ef83-423e-439f-8af1-b438748d2509"
    }
},
{
    "model": "data.fixity",
    "pk": 1182,
    "fields": {
        "algorithm": "sha256",
        "digest": "e112ad47b3b280b92a38af2c5be38da7f04b79f4b180cbb92811f74ebc831d18",
        "created_at": "2015-05-22T19:08:36.602Z",
        "bag": "e304a855-8258-4937-a18f-647568ce7eb4"
    }
},
{
    "model": "data.fixity",
    "pk": 1183,
    "fields": {
        "algorithm": "sha256",
        "digest": "13743e26e07afcdab0600104989c5e5de0271ed2dff61cf7804ea294060a75ac",
        "created_at": "2015-05-22T19:08:37.850Z",
        "bag": "1eddfbb5-a030-4e23-9ac5-e5abea4b0b26"
    }
},
{
    "model": "data.fixity",
    "pk": 1184,
    "fields": {
        "algorithm": "sha256",
        "digest": "6cb820f17c147ab9cd25a8c1f2adc7cf12a8070448dba35551e9c992e409688c",
        "created_at": "2015-05-22T19:08:38.800Z",
        "bag": "65a7ad25-eada-44a3-8809-d01029fe26c8"
    }
},
{
    "model": "data.fixity",
    "pk": 1185,
    "fields": {
        "algorithm": "sha256",
        "digest": "5329a5d06216ca9effc42a6f5b7c492952334d8b188ebbdefbbd0b970ab981a3",
        "created_at": "2015-05-22T19:08:48.301Z",
        "bag": "c32ec5e6-63af-4344-9e8a-a44f372f5540"
    }
},
{
    "model": "data.replicationtransfer",
    "pk": 1,
    "fields": {
        "to_node": 4,
        "from_node": 1,
        "bag_valid": null,
        "replication_id": "sdr-1",
        "status": "Confirmed",
        "fixity_accept": true,
        "protocol": "R",
        "fixity_nonce": "",
        "fixity_algorithm": "sha256",
        "created_at": "2015-05-22T19:46:45.761Z",
        "updated_at": "2015-05-28T16:15:35.884Z",
        "bag": "c32ec5e6-63af-4344-9e8a-a44f372f5540",
        "link": "dpn.tdr@devops.sdr.org:outbound/c32ec5e6-63af-4344-9e8a-a44f372f5540.tar",
        "fixity_value": "5329a5d06216ca9effc42a6f5b7c492952334d8b188ebbdefbbd0b970ab981a3"
    }
},
{
    "model": "data.replicationtransfer",
    "pk": 2,
    "fields": {
        "to_node": 4,
        "from_node": 1,
        "bag_valid": null,
        "replication_id": "sdr-2",
        "status": "Confirmed",
        "fixity_accept": true,
        "protocol": "R",
        "fixity_nonce": "",
        "fixity_algorithm": "sha256",
        "created_at": "2015-05-22T19:47:17.440Z",
        "updated_at": "2015-05-28T16:15:37.916Z",
        "bag": "65a7ad25-eada-44a3-8809-d01029fe26c8",
        "link": "dpn.tdr@devops.sdr.org:outbound/65a7ad25-eada-44a3-8809-d01029fe26c8.tar",
        "fixity_value": "6cb820f17c147ab9cd25a8c1f2adc7cf12a8070448dba35551e9c992e409688c"
    }
},
{
    "model": "data.replicationtransfer",
    "pk": 3,
    "fields": {
        "to_node": 4,
        "from_node": 1,
        "bag_valid": null,
        "replication_id": "sdr-3",
        "status": "Confirmed",
        "fixity_accept": true,
        "protocol": "R",
        "fixity_nonce": "",
        "fixity_algorithm": "sha256",
        "created_at": "2015-05-22T19:47:54.012Z",
        "updated_at": "2015-05-28T16:15:39.936Z",
        "bag": "1eddfbb5-a030-4e23-9ac5-e5abea4b0b26",
        "link": "dpn.tdr@devops.sdr.org:outbound/1eddfbb5-a030-4e23-9ac5-e5abea4b0b26.tar",
        "fixity_value": "13743e26e07afcdab0600104989c5e5de0271ed2dff61cf7804ea294060a75ac"
    }
},
{
    "model": "data.replicationtransfer",
    "pk": 4,
    "fields": {
        "to_node": 4,
        "from_node": 1,
        "bag_valid": null,
        "replication_id": "sdr-4",
        "status": "Confirmed",
        "fixity_accept": true,
        "protocol": "R",
        "fixity_nonce": "",
        "fixity_algorithm": "sha256",
        "created_at": "2015-05-22T19:48:25.049Z",
        "updated_at": "2015-05-28T16:15:41.844Z",
        "bag": "e304a855-8258-4937-a18f-647568ce7eb4",
        "link": "dpn.tdr@devops.sdr.org:outbound/e304a855-8258-4937-a18f-647568ce7eb4.tar",
        "fixity_value": "e112ad47b3b280b92a38af2c5be38da7f04b79f4b180cbb92811f74ebc831d18"
    }
},
{
    "model": "data.replicationtransfer",
    "pk": 5,
    "fields": {
        "to_node": 4,
        "from_node": 1,
        "bag_valid": null,
        "replication_id": "sdr-5",
        "status": "Confirmed",
        "fixity_accept": true,
        "protocol": "R",
        "fixity_nonce": "",
        "fixity_algorithm": "sha256",
        "created_at": "2015-05-22T19:48:47.638Z",
        "updated_at": "2015-05-28T16:15:43.665Z",
        "bag": "9923ef83-423e-439f-8af1-b438748d2509",
        "link": "dpn.tdr@devops.sdr.org:outbound/9923ef83-423e-439f-8af1-b438748d2509.tar",
        "fixity_value": "e81f79fed2b4515e6a5c3f23161d0805172be1ca1f560ce29d3793cec2c79d89"
    }
},
{
    "model": "data.replicationtransfer",
    "pk": 6,
    "fields": {
        "to_node": 4,
        "from_node": 1,
        "bag_valid": null,
        "replication_id": "sdr-6",
        "status": "Confirmed",
        "fixity_accept": true,
        "protocol": "R",
        "fixity_nonce": "",
        "fixity_algorithm": "sha256",
        "created_at": "2015-05-22T19:49:14.137Z",
        "updated_at": "2015-05-28T16:15:46.247Z",
        "bag": "8a3ff13a-f8e4-415f-b467-5cec55002c81",
        "link": "dpn.tdr@devops.sdr.org:outbound/8a3ff13a-f8e4-415f-b467-5cec55002c81.tar",
        "fixity_value": "353fba29e2bad3101de89533eb3b5882646af1353ab3aec7e27e5c5b8e0c5b69"
    }
},
{
    "model": "data.replicationtransfer",
    "pk": 7,
    "fields": {
        "to_node": 3,
        "from_node": 1,
        "bag_valid": null,
        "replication_id": "sdr-7",
        "status": "Requested",
        "fixity_accept": null,
        "protocol": "R",
        "fixity_nonce": "",
        "fixity_algorithm": "sha256",
        "created_at": "2015-05-22T19:52:35.558Z",
        "updated_at": "2015-05-22T20:37:49.018Z",
        "bag": "c32ec5e6-63af-4344-9e8a-a44f372f5540",
        "link": "dpn.chron@devops.sdr.org:outbound/c32ec5e6-63af-4344-9e8a-a44f372f5540.tar",
        "fixity_value": ""
    }
},
{
    "model": "data.replicationtransfer",
    "pk": 8,
    "fields": {
        "to_node": 3,
        "from_node": 1,
        "bag_valid": null,
        "replication_id": "sdr-8",
        "status": "Requested",
        "fixity_accept": null,
        "protocol": "R",
        "fixity_nonce": "",
        "fixity_algorithm": "sha256",
        "created_at": "2015-05-22T19:53:05.313Z",
        "updated_at": "2015-05-22T20:37:39.660Z",
        "bag": "65a7ad25-eada-44a3-8809-d01029fe26c8",
        "link": "dpn.chron@devops.sdr.org:outbound/65a7ad25-eada-44a3-8809-d01029fe26c8.tar",
        "fixity_value": ""
    }
},
{
    "model": "data.replicationtransfer",
    "pk": 9,
    "fields": {
        "to_node": 3,
        "from_node": 1,
        "bag_valid": null,
        "replication_id": "sdr-9",
        "status": "Requested",
        "fixity_accept": null,
        "protocol": "R",
        "fixity_nonce": "",
        "fixity_algorithm": "sha256",
        "created_at": "2015-05-22T19:53:26.965Z",
        "updated_at": "2015-05-22T20:37:29.331Z",
        "bag": "1eddfbb5-a030-4e23-9ac5-e5abea4b0b26",
        "link": "dpn.chron@devops.sdr.org:outbound/1eddfbb5-a030-4e23-9ac5-e5abea4b0b26.tar",
        "fixity_value": ""
    }
},
{
    "model": "data.replicationtransfer",
    "pk": 10,
    "fields": {
        "to_node": 3,
        "from_node": 1,
        "bag_valid": null,
        "replication_id": "sdr-10",
        "status": "Requested",
        "fixity_accept": null,
        "protocol": "R",
        "fixity_nonce": "",
        "fixity_algorithm": "sha256",
        "created_at": "2015-05-22T19:53:53.202Z",
        "updated_at": "2015-05-22T20:37:19.193Z",
        "bag": "e304a855-8258-4937-a18f-647568ce7eb4",
        "link": "dpn.chron@devops.sdr.org:outbound/e304a855-8258-4937-a18f-647568ce7eb4.tar",
        "fixity_value": ""
    }
},
{
    "model": "data.replicationtransfer",
    "pk": 11,
    "fields": {
        "to_node": 3,
        "from_node": 1,
        "bag_valid": null,
        "replication_id": "sdr-11",
        "status": "Requested",
        "fixity_accept": null,
        "protocol": "R",
        "fixity_nonce": "",
        "fixity_algorithm": "sha256",
        "created_at": "2015-05-22T19:54:22.781Z",
        "updated_at": "2015-05-22T20:37:09.977Z",
        "bag": "9923ef83-423e-439f-8af1-b438748d2509",
        "link": "dpn.chron@devops.sdr.org:outbound/9923ef83-423e-439f-8af1-b438748d2509.tar",
        "fixity_value": ""
    }
},
{
    "model": "data.replicationtransfer",
    "pk": 12,
    "fields": {
        "to_node": 3,
        "from_node": 1,
        "bag_valid": null,
        "replication_id": "sdr-12",
        "status": "Requested",
        "fixity_accept": null,
        "protocol": "R",
        "fixity_nonce": "",
        "fixity_algorithm": "sha256",
        "created_at": "2015-05-22T19:54:46.423Z",
        "updated_at": "2015-05-22T20:37:00.601Z",
        "bag": "8a3ff13a-f8e4-415f-b467-5cec55002c81",
        "link": "dpn.chron@devops.sdr.org:outbound/8a3ff13a-f8e4-415f-b467-5cec55002c81.tar",
        "fixity_value": ""
    }
},
{
    "model": "data.replicationtransfer",
    "pk": 13,
    "fields": {
        "to_node": 2,
        "from_node": 1,
        "bag_valid": null,
        "replication_id": "sdr-13",
        "status": "Requested",
        "fixity_accept": null,
        "protocol": "R",
        "fixity_nonce": "",
        "fixity_algorithm": "sha256",
        "created_at": "2015-05-22T19:55:04.597Z",
        "updated_at": "2015-05-22T20:36:50.800Z",
        "bag": "c32ec5e6-63af-4344-9e8a-a44f372f5540",
        "link": "dpn.hathi@devops.sdr.org:outbound/c32ec5e6-63af-4344-9e8a-a44f372f5540.tar",
        "fixity_value": ""
    }
},
{
    "model": "data.replicationtransfer",
    "pk": 14,
    "fields": {
        "to_node": 2,
        "from_node": 1,
        "bag_valid": null,
        "replication_id": "sdr-14",
        "status": "Requested",
        "fixity_accept": null,
        "protocol": "R",
        "fixity_nonce": "",
        "fixity_algorithm": "sha256",
        "created_at": "2015-05-22T19:55:22.456Z",
        "updated_at": "2015-05-22T20:36:41.319Z",
        "bag": "65a7ad25-eada-44a3-8809-d01029fe26c8",
        "link": "dpn.hathi@devops.sdr.org:outbound/65a7ad25-eada-44a3-8809-d01029fe26c8.tar",
        "fixity_value": ""
    }
},
{
    "model": "data.replicationtransfer",
    "pk": 15,
    "fields": {
        "to_node": 2,
        "from_node": 1,
        "bag_valid": null,
        "replication_id": "sdr-15",
        "status": "Requested",
        "fixity_accept": null,
        "protocol": "R",
        "fixity_nonce": "",
        "fixity_algorithm": "sha256",
        "created_at": "2015-05-22T19:55:39.498Z",
        "updated_at": "2015-05-22T20:36:32.965Z",
        "bag": "1eddfbb5-a030-4e23-9ac5-e5abea4b0b26",
        "link": "dpn.hathi@devops.sdr.org:outbound/1eddfbb5-a030-4e23-9ac5-e5abea4b0b26.tar",
        "fixity_value": ""
    }
},
{
    "model": "data.replicationtransfer",
    "pk": 16,
    "fields": {
        "to_node": 2,
        "from_node": 1,
        "bag_valid": null,
        "replication_id": "sdr-16",
        "status": "Requested",
        "fixity_accept": null,
        "protocol": "R",
        "fixity_nonce": "",
        "fixity_algorithm": "sha256",
        "created_at": "2015-05-22T19:55:56.121Z",
        "updated_at": "2015-05-22T20:36:23.461Z",
        "bag": "e304a855-8258-4937-a18f-647568ce7eb4",
        "link": "dpn.hathi@devops.sdr.org:outbound/e304a855-8258-4937-a18f-647568ce7eb4.tar",
        "fixity_value": ""
    }
},
{
    "model": "data.replicationtransfer",
    "pk": 17,
    "fields": {
        "to_node": 2,
        "from_node": 1,
        "bag_valid": null,
        "replication_id": "sdr-17",
        "status": "Requested",
        "fixity_accept": null,
        "protocol": "R",
        "fixity_nonce": "",
        "fixity_algorithm": "sha256",
        "created_at": "2015-05-22T19:56:15.190Z",
        "updated_at": "2015-05-22T20:36:13.376Z",
        "bag": "9923ef83-423e-439f-8af1-b438748d2509",
        "link": "dpn.hathi@devops.sdr.org:outbound/9923ef83-423e-439f-8af1-b438748d2509.tar",
        "fixity_value": ""
    }
},
{
    "model": "data.replicationtransfer",
    "pk": 18,
    "fields": {
        "to_node": 2,
        "from_node": 1,
        "bag_valid": null,
        "replication_id": "sdr-18",
        "status": "Requested",
        "fixity_accept": null,
        "protocol": "R",
        "fixity_nonce": "",
        "fixity_algorithm": "sha256",
        "created_at": "2015-05-22T19:56:33.495Z",
        "updated_at": "2015-05-22T20:35:59.506Z",
        "bag": "8a3ff13a-f8e4-415f-b467-5cec55002c81",
        "link": "dpn.hathi@devops.sdr.org:outbound/8a3ff13a-f8e4-415f-b467-5cec55002c81.tar",
        "fixity_value": ""
    }
},
{
    "model": "data.replicationtransfer",
    "pk": 19,
    "fields": {
        "to_node": 5,
        "from_node": 1,
        "bag_valid": null,
        "replication_id": "sdr-19",
        "status": "Requested",
        "fixity_accept": null,
        "protocol": "R",
        "fixity_nonce": "",
        "fixity_algorithm": "sha256",
        "created_at": "2015-05-22T19:58:45.141Z",
        "updated_at": "2015-05-22T20:35:51.999Z",
        "bag": "c32ec5e6-63af-4344-9e8a-a44f372f5540",
        "link": "dpn.sdr@devops.sdr.org:outbound/c32ec5e6-63af-4344-9e8a-a44f372f5540.tar",
        "fixity_value": ""
    }
},
{
    "model": "data.replicationtransfer",
    "pk": 20,
    "fields": {
        "to_node": 5,
        "from_node": 1,
        "bag_valid": null,
        "replication_id": "sdr-20",
        "status": "Requested",
        "fixity_accept": null,
        "protocol": "R",
        "fixity_nonce": "",
        "fixity_algorithm": "sha256",
        "created_at": "2015-05-22T19:59:00.615Z",
        "updated_at": "2015-05-22T20:35:44.029Z",
        "bag": "65a7ad25-eada-44a3-8809-d01029fe26c8",
        "link": "dpn.sdr@devops.sdr.org:outbound/65a7ad25-eada-44a3-8809-d01029fe26c8.tar",
        "fixity_value": ""
    }
},
{
    "model": "data.replicationtransfer",
    "pk": 21,
    "fields": {
        "to_node": 5,
        "from_node": 1,
        "bag_valid": null,
        "replication_id": "sdr-21",
        "status": "Requested",
        "fixity_accept": null,
        "protocol": "R",
        "fixity_nonce": "",
        "fixity_algorithm": "sha256",
        "created_at": "2015-05-22T19:59:17.197Z",
        "updated_at": "2015-05-22T20:35:32.192Z",
        "bag": "1eddfbb5-a030-4e23-9ac5-e5abea4b0b26",
        "link": "dpn.sdr@devops.sdr.org:outbound/1eddfbb5-a030-4e23-9ac5-e5abea4b0b26.tar",
        "fixity_value": ""
    }
},
{
    "model": "data.replicationtransfer",
    "pk": 22,
    "fields": {
        "to_node": 5,
        "from_node": 1,
        "bag_valid": null,
        "replication_id": "sdr-22",
        "status": "Requested",
        "fixity_accept": null,
        "protocol": "R",
        "fixity_nonce": "",
        "fixity_algorithm": "sha256",
        "created_at": "2015-05-22T19:59:34.479Z",
        "updated_at": "2015-05-22T20:35:24.670Z",
        "bag": "e304a855-8258-4937-a18f-647568ce7eb4",
        "link": "dpn.sdr@devops.sdr.org:outbound/e304a855-8258-4937-a18f-647568ce7eb4.tar",
        "fixity_value": ""
    }
},
{
    "model": "data.replicationtransfer",
    "pk": 23,
    "fields": {
        "to_node": 5,
        "from_node": 1,
        "bag_valid": null,
        "replication_id": "sdr-23",
        "status": "Requested",
        "fixity_accept": null,
        "protocol": "R",
        "fixity_nonce": "",
        "fixity_algorithm": "sha256",
        "created_at": "2015-05-22T19:59:54.032Z",
        "updated_at": "2015-05-22T20:35:14.862Z",
        "bag": "9923ef83-423e-439f-8af1-b438748d2509",
        "link": "dpn.sdr@devops.sdr.org:outbound/9923ef83-423e-439f-8af1-b438748d2509.tar",
        "fixity_value": ""
    }
},
{
    "model": "data.replicationtransfer",
    "pk": 24,
    "fields": {
        "to_node": 5,
        "from_node": 1,
        "bag_valid": null,
        "replication_id": "sdr-24",
        "status": "Requested",
        "fixity_accept": null,
        "protocol": "R",
        "fixity_nonce": "",
        "fixity_algorithm": "sha256",
        "created_at": "2015-05-22T20:00:12.597Z",
        "updated_at": "2015-05-22T20:35:04.963Z",
        "bag": "8a3ff13a-f8e4-415f-b467-5cec55002c81",
        "link": "dpn.sdr@devops.sdr.org:outbound/8a3ff13a-f8e4-415f-b467-5cec55002c81.tar",
        "fixity_value": ""
    }
},
{
    "pk": 1,
    "fields": {
        "restore_id": "sdr-1",
        "bag": "e304a855-8258-4937-a18f-647568ce7eb4",
        "protocol": "R",
        "updated_at": "2015-06-01T19:07:53.918Z",
        "to_node": 1,
        "created_at": "2015-06-01T19:07:53.917Z",
        "link": "rsync://mnt/staging/e304a855-8258-4937-a18f-647568ce7eb4.tar",
        "from_node": 4,
        "status": "Requested"
    },
    "model": "data.restoretransfer"
},
{
    "pk": 2,
    "fields": {
        "restore_id": "sdr-2",
        "bag": "8a3ff13a-f8e4-415f-b467-5cec55002c81",
        "protocol": "R",
        "updated_at": "2015-06-01T19:15:14.867Z",
        "to_node": 1,
        "created_at": "2015-06-01T19:07:53.951Z",
        "link": "rsync://mnt/staging/8a3ff13a-f8e4-415f-b467-5cec55002c81.tar",
        "from_node": 3,
        "status": "Prepared"
    },
    "model": "data.restoretransfer"
},
{
    "pk": 3,
    "fields": {
        "restore_id": "sdr-3",
        "bag": "4f0ea99b-97e1-45e0-ac11-bf77bfb0470e",
        "protocol": "R",
        "updated_at": "2015-06-01T19:09:16.091Z",
        "to_node": 1,
        "created_at": "2015-06-01T19:09:16.090Z",
        "link": "rsync://mnt/staging/4f0ea99b-97e1-45e0-ac11-bf77bfb0470e.tar",
        "from_node": 4,
        "status": "Requested"
    },
    "model": "data.restoretransfer"
},
{
    "pk": 4,
    "fields": {
        "restore_id": "sdr-4",
        "bag": "c32ec5e6-63af-4344-9e8a-a44f372f5540",
        "protocol": "R",
        "updated_at": "2015-06-01T19:15:59.535Z",
        "to_node": 1,
        "created_at": "2015-06-01T19:09:16.123Z",
        "link": "rsync://mnt/staging/c32ec5e6-63af-4344-9e8a-a44f372f5540.tar",
        "from_node": 3,
        "status": "Prepared"
    },
    "model": "data.restoretransfer"
},
{
    "model": "auth.permission",
    "pk": 1,
    "fields": {
        "codename": "add_logentry",
        "name": "Can add log entry",
        "content_type": 1
    }
},
{
    "model": "auth.permission",
    "pk": 2,
    "fields": {
        "codename": "change_logentry",
        "name": "Can change log entry",
        "content_type": 1
    }
},
{
    "model": "auth.permission",
    "pk": 3,
    "fields": {
        "codename": "delete_logentry",
        "name": "Can delete log entry",
        "content_type": 1
    }
},
{
    "model": "auth.permission",
    "pk": 4,
    "fields": {
        "codename": "add_permission",
        "name": "Can add permission",
        "content_type": 2
    }
},
{
    "model": "auth.permission",
    "pk": 5,
    "fields": {
        "codename": "change_permission",
        "name": "Can change permission",
        "content_type": 2
    }
},
{
    "model": "auth.permission",
    "pk": 6,
    "fields": {
        "codename": "delete_permission",
        "name": "Can delete permission",
        "content_type": 2
    }
},
{
    "model": "auth.permission",
    "pk": 7,
    "fields": {
        "codename": "add_group",
        "name": "Can add group",
        "content_type": 3
    }
},
{
    "model": "auth.permission",
    "pk": 8,
    "fields": {
        "codename": "change_group",
        "name": "Can change group",
        "content_type": 3
    }
},
{
    "model": "auth.permission",
    "pk": 9,
    "fields": {
        "codename": "delete_group",
        "name": "Can delete group",
        "content_type": 3
    }
},
{
    "model": "auth.permission",
    "pk": 10,
    "fields": {
        "codename": "add_user",
        "name": "Can add user",
        "content_type": 4
    }
},
{
    "model": "auth.permission",
    "pk": 11,
    "fields": {
        "codename": "change_user",
        "name": "Can change user",
        "content_type": 4
    }
},
{
    "model": "auth.permission",
    "pk": 12,
    "fields": {
        "codename": "delete_user",
        "name": "Can delete user",
        "content_type": 4
    }
},
{
    "model": "auth.permission",
    "pk": 13,
    "fields": {
        "codename": "add_contenttype",
        "name": "Can add content type",
        "content_type": 5
    }
},
{
    "model": "auth.permission",
    "pk": 14,
    "fields": {
        "codename": "change_contenttype",
        "name": "Can change content type",
        "content_type": 5
    }
},
{
    "model": "auth.permission",
    "pk": 15,
    "fields": {
        "codename": "delete_contenttype",
        "name": "Can delete content type",
        "content_type": 5
    }
},
{
    "model": "auth.permission",
    "pk": 16,
    "fields": {
        "codename": "add_session",
        "name": "Can add session",
        "content_type": 6
    }
},
{
    "model": "auth.permission",
    "pk": 17,
    "fields": {
        "codename": "change_session",
        "name": "Can change session",
        "content_type": 6
    }
},
{
    "model": "auth.permission",
    "pk": 18,
    "fields": {
        "codename": "delete_session",
        "name": "Can delete session",
        "content_type": 6
    }
},
{
    "model": "auth.permission",
    "pk": 19,
    "fields": {
        "codename": "add_token",
        "name": "Can add token",
        "content_type": 7
    }
},
{
    "model": "auth.permission",
    "pk": 20,
    "fields": {
        "codename": "change_token",
        "name": "Can change token",
        "content_type": 7
    }
},
{
    "model": "auth.permission",
    "pk": 21,
    "fields": {
        "codename": "delete_token",
        "name": "Can delete token",
        "content_type": 7
    }
},
{
    "model": "auth.permission",
    "pk": 22,
    "fields": {
        "codename": "add_protocol",
        "name": "Can add protocol",
        "content_type": 8
    }
},
{
    "model": "auth.permission",
    "pk": 23,
    "fields": {
        "codename": "change_protocol",
        "name": "Can change protocol",
        "content_type": 8
    }
},
{
    "model": "auth.permission",
    "pk": 24,
    "fields": {
        "codename": "delete_protocol",
        "name": "Can delete protocol",
        "content_type": 8
    }
},
{
    "model": "auth.permission",
    "pk": 25,
    "fields": {
        "codename": "add_fixityalgorithm",
        "name": "Can add fixity algorithm",
        "content_type": 9
    }
},
{
    "model": "auth.permission",
    "pk": 26,
    "fields": {
        "codename": "change_fixityalgorithm",
        "name": "Can change fixity algorithm",
        "content_type": 9
    }
},
{
    "model": "auth.permission",
    "pk": 27,
    "fields": {
        "codename": "delete_fixityalgorithm",
        "name": "Can delete fixity algorithm",
        "content_type": 9
    }
},
{
    "model": "auth.permission",
    "pk": 28,
    "fields": {
        "codename": "add_node",
        "name": "Can add node",
        "content_type": 10
    }
},
{
    "model": "auth.permission",
    "pk": 29,
    "fields": {
        "codename": "change_node",
        "name": "Can change node",
        "content_type": 10
    }
},
{
    "model": "auth.permission",
    "pk": 30,
    "fields": {
        "codename": "delete_node",
        "name": "Can delete node",
        "content_type": 10
    }
},
{
    "model": "auth.permission",
    "pk": 31,
    "fields": {
        "codename": "add_storage",
        "name": "Can add storage",
        "content_type": 11
    }
},
{
    "model": "auth.permission",
    "pk": 32,
    "fields": {
        "codename": "change_storage",
        "name": "Can change storage",
        "content_type": 11
    }
},
{
    "model": "auth.permission",
    "pk": 33,
    "fields": {
        "codename": "delete_storage",
        "name": "Can delete storage",
        "content_type": 11
    }
},
{
    "model": "auth.permission",
    "pk": 34,
    "fields": {
        "codename": "add_bag",
        "name": "Can add bag",
        "content_type": 12
    }
},
{
    "model": "auth.permission",
    "pk": 35,
    "fields": {
        "codename": "change_bag",
        "name": "Can change bag",
        "content_type": 12
    }
},
{
    "model": "auth.permission",
    "pk": 36,
    "fields": {
        "codename": "delete_bag",
        "name": "Can delete bag",
        "content_type": 12
    }
},
{
    "model": "auth.permission",
    "pk": 37,
    "fields": {
        "codename": "add_fixity",
        "name": "Can add fixity",
        "content_type": 13
    }
},
{
    "model": "auth.permission",
    "pk": 38,
    "fields": {
        "codename": "change_fixity",
        "name": "Can change fixity",
        "content_type": 13
    }
},
{
    "model": "auth.permission",
    "pk": 39,
    "fields": {
        "codename": "delete_fixity",
        "name": "Can delete fixity",
        "content_type": 13
    }
},
{
    "model": "auth.permission",
    "pk": 40,
    "fields": {
        "codename": "add_replicationtransfer",
        "name": "Can add replication transfer",
        "content_type": 14
    }
},
{
    "model": "auth.permission",
    "pk": 41,
    "fields": {
        "codename": "change_replicationtransfer",
        "name": "Can change replication transfer",
        "content_type": 14
    }
},
{
    "model": "auth.permission",
    "pk": 42,
    "fields": {
        "codename": "delete_replicationtransfer",
        "name": "Can delete replication transfer",
        "content_type": 14
    }
},
{
    "model": "auth.permission",
    "pk": 43,
    "fields": {
        "codename": "add_restoretransfer",
        "name": "Can add restore transfer",
        "content_type": 15
    }
},
{
    "model": "auth.permission",
    "pk": 44,
    "fields": {
        "codename": "change_restoretransfer",
        "name": "Can change restore transfer",
        "content_type": 15
    }
},
{
    "model": "auth.permission",
    "pk": 45,
    "fields": {
        "codename": "delete_restoretransfer",
        "name": "Can delete restore transfer",
        "content_type": 15
    }
},
{
    "model": "auth.permission",
    "pk": 46,
    "fields": {
        "codename": "add_userprofile",
        "name": "Can add user profile",
        "content_type": 16
    }
},
{
    "model": "auth.permission",
    "pk": 47,
    "fields": {
        "codename": "change_userprofile",
        "name": "Can change user profile",
        "content_type": 16
    }
},
{
    "model": "auth.permission",
    "pk": 48,
    "fields": {
        "codename": "delete_userprofile",
        "name": "Can delete user profile",
        "content_type": 16
    }
},
{
    "model": "auth.group",
    "pk": 1,
    "fields": {
        "permissions": [
            41,
            44
        ],
        "name": "api_users"
    }
},
{
    "model": "auth.group",
    "pk": 2,
    "fields": {
        "permissions": [
            34,
            35,
            37,
            28,
            29,
            40,
            41,
            43,
            44
        ],
        "name": "api_admins"
    }
},
{
    "model": "auth.user",
    "pk": 1,
    "fields": {
        "last_login": "2015-05-28T15:37:38Z",
        "user_permissions": [],
        "is_superuser": true,
        "password": "pbkdf2_sha256$15000$Klz2TFoxY8xE$/I58ocVVFVI2xLCEfaCS0BJXEuKbCMSu7nmBAPENGXo=",
        "last_name": "",
        "date_joined": "2015-05-04T17:27:12Z",
        "is_staff": true,
        "username": "andrew.diamond@aptrust.org",
 "is_superuser": false,        "is_active": true,
        "groups": [
            2
        ],
        "first_name": "",
        "email": "andrew.diamond@sdr.org"
    }
},
{
    "model": "auth.user",
    "pk": 2,
    "fields": {
        "last_login": "2015-05-04T17:30:31Z",
        "user_permissions": [],
        "is_superuser": false,
        "password": "pbkdf2_sha256$15000$Vjhj7WKEdpQ6$SqeAlTHG9ViWwlWjt0ETYLFIN97WjOBb5uOb9x3hBSE=",
        "last_name": "",
        "date_joined": "2015-05-04T17:30:31Z",
        "is_staff": false,
        "username": "chron_user",
 "is_superuser": false,        "is_active": true,
        "groups": [
            1
        ],
        "first_name": "",
        "email": ""
    }
},
{
    "model": "auth.user",
    "pk": 3,
    "fields": {
        "last_login": "2015-05-04T17:30:42Z",
        "user_permissions": [],
        "is_superuser": false,
        "password": "pbkdf2_sha256$15000$6QXSo1C11nc9$C+Dult7lXQtHbHYeJmwqzbyUuCXeF6acDPNtmy9eVqo=",
        "last_name": "",
        "date_joined": "2015-05-04T17:30:42Z",
        "is_staff": false,
        "username": "hathi_user",
 "is_superuser": false,        "is_active": true,
        "groups": [
            1
        ],
        "first_name": "",
        "email": ""
    }
},
{
    "model": "auth.user",
    "pk": 4,
    "fields": {
        "last_login": "2015-05-04T17:31:13Z",
        "user_permissions": [],
        "is_superuser": false,
        "password": "pbkdf2_sha256$15000$as2Swb1GL41J$RKGTkc9PtK5lVvqQ+lIgYI0N9EXxbbbiBq7OTausqiA=",
        "last_name": "",
        "date_joined": "2015-05-04T17:31:13Z",
        "is_staff": false,
        "username": "sdr_user",
 "is_superuser": true,        "is_active": true,
        "groups": [
            1
        ],
        "first_name": "",
        "email": ""
    }
},
{
    "model": "auth.user",
    "pk": 5,
    "fields": {
        "last_login": "2015-05-04T17:31:28Z",
        "user_permissions": [],
        "is_superuser": false,
        "password": "pbkdf2_sha256$15000$vuhkbKTdL7Y2$73CBo5jQEpVmVLmwshbbTYX4aQNuHm4DOA8b/HW6O8w=",
        "last_name": "",
        "date_joined": "2015-05-04T17:31:28Z",
        "is_staff": false,
        "username": "tdr_user",
 "is_superuser": false,        "is_active": true,
        "groups": [
            1
        ],
        "first_name": "",
        "email": ""
    }
},
{
    "model": "auth.user",
    "pk": 6,
    "fields": {
        "last_login": "2015-05-04T17:32:19Z",
        "user_permissions": [],
        "is_superuser": false,
        "password": "pbkdf2_sha256$15000$Quw05XjFKquA$/07Iz2oNKFAYdmG+FOqH5AVtpCc59sQAHuSFBEZrZnE=",
        "last_name": "",
        "date_joined": "2015-05-04T17:32:19Z",
        "is_staff": false,
        "username": "aptrust_user",
 "is_superuser": false,        "is_active": true,
        "groups": [
            2
        ],
        "first_name": "",
        "email": ""
    }
},
{
    "model": "authtoken.token",
    "pk": "5b5092dcc327213c971b968a3a88408b0a583d13",
    "fields": {
        "user": 4,
        "created": "2015-05-04T17:32:48.340Z"
    }
},
{
    "model": "authtoken.token",
    "pk": "76348ba56e8ef8cfb58e29b451882b5a3e8e0d89",
    "fields": {
        "user": 2,
        "created": "2015-05-04T17:32:02.226Z"
    }
},
{
    "model": "authtoken.token",
    "pk": "bce7d48cfac8dfff962f32cdd8e270c77691fd91",
    "fields": {
        "user": 5,
        "created": "2015-05-04T17:32:51.887Z"
    }
},
{
    "model": "authtoken.token",
    "pk": "ccbdd12c6ab58a5f38533b84e5fa4f646dc6841e",
    "fields": {
        "user": 3,
        "created": "2015-05-04T17:32:44.335Z"
    }
},
{
    "model": "authtoken.token",
    "pk": "f12c2ecf5edbc087172a040cdda713e641e4a0ea",
    "fields": {
        "user": 6,
        "created": "2015-05-04T17:32:40.676Z"
    }
},
{
    "model": "data.userprofile",
    "pk": 1,
    "fields": {
        "user": 1,
        "node": 1
    }
},
{
    "model": "data.userprofile",
    "pk": 2,
    "fields": {
        "user": 2,
        "node": 3
    }
},
{
    "model": "data.userprofile",
    "pk": 3,
    "fields": {
        "user": 3,
        "node": 2
    }
},
{
    "model": "data.userprofile",
    "pk": 4,
    "fields": {
        "user": 4,
        "node": 5
    }
},
{
    "model": "data.userprofile",
    "pk": 5,
    "fields": {
        "user": 5,
        "node": 4
    }
},
{
    "model": "data.userprofile",
    "pk": 6,
    "fields": {
        "user": 6,
        "node": 1
    }
}
]
