[
{
    "pk": 1,
    "fields": {
        "app_label": "admin",
        "name": "log entry",
        "model": "logentry"
    },
    "model": "contenttypes.contenttype"
},
{
    "pk": 2,
    "fields": {
        "app_label": "auth",
        "name": "permission",
        "model": "permission"
    },
    "model": "contenttypes.contenttype"
},
{
    "pk": 3,
    "fields": {
        "app_label": "auth",
        "name": "group",
        "model": "group"
    },
    "model": "contenttypes.contenttype"
},
{
    "pk": 4,
    "fields": {
        "app_label": "auth",
        "name": "user",
        "model": "user"
    },
    "model": "contenttypes.contenttype"
},
{
    "pk": 5,
    "fields": {
        "app_label": "contenttypes",
        "name": "content type",
        "model": "contenttype"
    },
    "model": "contenttypes.contenttype"
},
{
    "pk": 6,
    "fields": {
        "app_label": "sessions",
        "name": "session",
        "model": "session"
    },
    "model": "contenttypes.contenttype"
},
{
    "pk": 7,
    "fields": {
        "app_label": "authtoken",
        "name": "token",
        "model": "token"
    },
    "model": "contenttypes.contenttype"
},
{
    "pk": 8,
    "fields": {
        "app_label": "data",
        "name": "protocol",
        "model": "protocol"
    },
    "model": "contenttypes.contenttype"
},
{
    "pk": 9,
    "fields": {
        "app_label": "data",
        "name": "fixity algorithm",
        "model": "fixityalgorithm"
    },
    "model": "contenttypes.contenttype"
},
{
    "pk": 10,
    "fields": {
        "app_label": "data",
        "name": "node",
        "model": "node"
    },
    "model": "contenttypes.contenttype"
},
{
    "pk": 11,
    "fields": {
        "app_label": "data",
        "name": "storage",
        "model": "storage"
    },
    "model": "contenttypes.contenttype"
},
{
    "pk": 12,
    "fields": {
        "app_label": "data",
        "name": "bag",
        "model": "bag"
    },
    "model": "contenttypes.contenttype"
},
{
    "pk": 13,
    "fields": {
        "app_label": "data",
        "name": "fixity",
        "model": "fixity"
    },
    "model": "contenttypes.contenttype"
},
{
    "pk": 14,
    "fields": {
        "app_label": "data",
        "name": "replication transfer",
        "model": "replicationtransfer"
    },
    "model": "contenttypes.contenttype"
},
{
    "pk": 15,
    "fields": {
        "app_label": "data",
        "name": "restore transfer",
        "model": "restoretransfer"
    },
    "model": "contenttypes.contenttype"
},
{
    "pk": 16,
    "fields": {
        "app_label": "data",
        "name": "user profile",
        "model": "userprofile"
    },
    "model": "contenttypes.contenttype"
},
{
    "pk": "avyqv3v2o241jaeubjgrqxhvuusq5869",
    "fields": {
        "session_data": "NTg2OGYzZGY0ZDg4NzgzMmJhNjc1ZmI1YTVkNTU4NjQ5OTI4ZWI0Zjp7fQ==",
        "expire_date": "2015-06-11T15:27:32.973Z"
    },
    "model": "sessions.session"
},
{
    "pk": "mwq5wdy13bdicy3q0aa81fxgds57io1s",
    "fields": {
        "session_data": "NGQ0M2M5Y2VmYTdmYTU1N2Q3ODY4YTcyYWYwZTI3ZTY0MWViOTIzZjp7Il9hdXRoX3VzZXJfaGFzaCI6IjYyNzc0ZDEzNjU5ZDNmMjMzZjU1YTU0ZmIyMTFkN2QxY2I4Y2EyMTAiLCJfYXV0aF91c2VyX2lkIjoxLCJfYXV0aF91c2VyX2JhY2tlbmQiOiJkamFuZ28uY29udHJpYi5hdXRoLmJhY2tlbmRzLk1vZGVsQmFja2VuZCJ9",
        "expire_date": "2015-06-11T15:37:38.369Z"
    },
    "model": "sessions.session"
},
{
    "pk": "r7qvyc2j5b61anwkwkdjycjo4ooi6tw6",
    "fields": {
        "session_data": "MTdjM2MwMDhiMjk3ZTkzNzZhNzQ2NjJhYjY0ZDI3Nzc0MzE3OTc2ZTp7Il9hdXRoX3VzZXJfaWQiOjEsIl9hdXRoX3VzZXJfaGFzaCI6IjJiOThkZjg4NWFkZTBkNjM1MzAyNWQ4ZWUxNThmMzM4YTUyMzQxMDIiLCJfYXV0aF91c2VyX2JhY2tlbmQiOiJkamFuZ28uY29udHJpYi5hdXRoLmJhY2tlbmRzLk1vZGVsQmFja2VuZCJ9",
        "expire_date": "2015-06-19T14:46:20.746Z"
    },
    "model": "sessions.session"
},
{
    "pk": "u2vcbildcyb30u58brkxt5dt3klydizn",
    "fields": {
        "session_data": "MjZlYmU4OTIyYmE0ZDk1NDgxZWI2OTg4N2FjYWQ5NTJjMjQ0NmE0Njp7Il9hdXRoX3VzZXJfaWQiOjEsIl9hdXRoX3VzZXJfYmFja2VuZCI6ImRqYW5nby5jb250cmliLmF1dGguYmFja2VuZHMuTW9kZWxCYWNrZW5kIiwiX2F1dGhfdXNlcl9oYXNoIjoiNjI3NzRkMTM2NTlkM2YyMzNmNTVhNTRmYjIxMWQ3ZDFjYjhjYTIxMCJ9",
        "expire_date": "2015-05-18T17:28:10.868Z"
    },
    "model": "sessions.session"
},
{
    "pk": "rsync",
    "fields": {},
    "model": "data.protocol"
},
{
    "pk": "sha256",
    "fields": {},
    "model": "data.fixityalgorithm"
},
{
    "pk": 1,
    "fields": {
        "api_root": "https://devops.tdr.org/dpnode/",
        "replicate_to": [
            2,
            3,
            4,
            5
        ],
        "namespace": "aptrust",
        "protocols": [
            "rsync"
        ],
        "replicate_from": [
            2,
            3,
            4,
            5
        ],
        "last_pull_date": null,
        "restore_from": [
            2,
            3,
            4,
            5
        ],
        "ssh_username": "dpn.aptrust",
        "name": "APTrust",
        "fixity_algorithms": [
            "sha256"
        ],
        "restore_to": [
            2,
            3,
            4,
            5
        ],
        "created_at": "2015-05-04T17:34:41.782Z",
        "ssh_pubkey": "",
        "updated_at": "2015-05-22T19:31:13.235Z"
    },
    "model": "data.node"
},
{
    "pk": 2,
    "fields": {
        "api_root": "https://dpn.hathitrust.org/dpnrest/",
        "replicate_to": [
            1,
            3,
            4,
            5
        ],
        "namespace": "hathi",
        "protocols": [
            "rsync"
        ],
        "replicate_from": [
            1,
            3,
            4,
            5
        ],
        "last_pull_date": null,
        "restore_from": [
            1,
            3,
            4,
            5
        ],
        "ssh_username": "dpn.hathi",
        "name": "Hathi Trust",
        "fixity_algorithms": [
            "sha256"
        ],
        "restore_to": [
            1,
            3,
            4,
            5
        ],
        "created_at": "2015-05-04T17:36:16.462Z",
        "ssh_pubkey": "",
        "updated_at": "2015-05-22T19:31:06.857Z"
    },
    "model": "data.node"
},
{
    "pk": 3,
    "fields": {
        "api_root": "https://chronopolis01.umiacs.umd.edu/",
        "replicate_to": [
            1,
            2,
            4,
            5
        ],
        "namespace": "chron",
        "protocols": [
            "rsync"
        ],
        "replicate_from": [
            1,
            2,
            4,
            5
        ],
        "last_pull_date": null,
        "restore_from": [
            1,
            2,
            4,
            5
        ],
        "ssh_username": "dpn.chron",
        "name": "Chronopolis",
        "fixity_algorithms": [
            "sha256"
        ],
        "restore_to": [
            1,
            2,
            4,
            5
        ],
        "created_at": "2015-05-04T17:36:47.116Z",
        "ssh_pubkey": "",
        "updated_at": "2015-05-22T19:31:00.048Z"
    },
    "model": "data.node"
},
{
    "pk": 4,
    "fields": {
        "api_root": "https://rest.lib.utexas.edu/",
        "replicate_to": [
            1,
            2,
            3,
            5
        ],
        "namespace": "tdr",
        "protocols": [
            "rsync"
        ],
        "replicate_from": [
            1,
            2,
            3,
            5
        ],
        "last_pull_date": null,
        "restore_from": [
            1,
            2,
            3,
            5
        ],
        "ssh_username": "dpn.tdr",
        "name": "TDR",
        "fixity_algorithms": [
            "sha256"
        ],
        "restore_to": [
            1,
            2,
            3,
            5
        ],
        "created_at": "2015-05-04T17:37:14.930Z",
        "ssh_pubkey": "ssh-rsa AAAAB3NzaC1yc2EAAAADAQABAAABAQCs/ZRcJQhegudN7jWEbW7jUJuMtiIruhNeiLOUXQwfZ4tV4ksOFribYLHnFaTTPtPVFtkt6Rsc+4h9FfqPE83QXKFucJ3DYAmW0/baYbzOmdEn+EsajiDQA4B/mCbjfiFTHK0bLsYshCx+jfcRmKzgMHbj5qoW8Dy8IK0TR+iA+KyPLaZPoXB+jb7xlF8lKppsvNfZzebMGqvO3XMGM0QIVKzmJEOg8QBCUl4hPxRApwLc5UJz2up/nhO4g3Yv6Uh1/IGpxZopCF9Svl3rQNPyu43rsWuyF/R0tu0saVCb/e21L9ZUG3jb2BOmRIPozwPgpWMNFrnk3dDmcpVHc0Kp tdr@rest.lib.utexas.edu",
        "updated_at": "2015-05-22T19:30:53.523Z"
    },
    "model": "data.node"
},
{
    "pk": 5,
    "fields": {
        "api_root": "https://dpn.stanford.edu/dpnrest/",
        "replicate_to": [
            1,
            2,
            3,
            4
        ],
        "namespace": "sdr",
        "protocols": [
            "rsync"
        ],
        "replicate_from": [
            1,
            2,
            3,
            4
        ],
        "last_pull_date": null,
        "restore_from": [
            1,
            2,
            3,
            4
        ],
        "ssh_username": "dpn.sdr",
        "name": "SDR",
        "fixity_algorithms": [
            "sha256"
        ],
        "restore_to": [
            1,
            2,
            3,
            4
        ],
        "created_at": "2015-05-04T17:37:43.640Z",
        "ssh_pubkey": "",
        "updated_at": "2015-05-22T19:30:47.386Z"
    },
    "model": "data.node"
},
{
    "pk": 1,
    "fields": {
        "node": 5,
        "region": "CA",
        "storage_type": "Disk"
    },
    "model": "data.storage"
},
{
    "pk": 2,
    "fields": {
        "node": 4,
        "region": "TX",
        "storage_type": "irods"
    },
    "model": "data.storage"
},
{
    "pk": 3,
    "fields": {
        "node": 3,
        "region": "CA",
        "storage_type": "Disk"
    },
    "model": "data.storage"
},
{
    "pk": 4,
    "fields": {
        "node": 3,
        "region": "CO",
        "storage_type": "Disk"
    },
    "model": "data.storage"
},
{
    "pk": 5,
    "fields": {
        "node": 1,
        "region": "VA",
        "storage_type": "Amazon Glacier"
    },
    "model": "data.storage"
},
{
    "pk": "b7c86dbc-67d4-4d98-ad7a-462876900637",
    "fields": {
        "ingest_node": 4,
        "rights": [],
        "interpretive": [],
        "admin_node": 4,
        "bag_type": "D",
        "size": 71680,
        "version": 1,
        "replicating_nodes": [
            4
        ],
        "local_id": "tdr_bag_1",
        "first_version_uuid": "b7c86dbc-67d4-4d98-ad7a-462876900637",
        "created_at": "2015-05-22T19:08:37.847Z",
        "updated_at": "2015-05-22T19:08:37.847Z"
    },
    "model": "data.bag"
},
{
    "pk": "6bf780d6-932a-4c97-8ac9-c5ddcc37eedf",
    "fields": {
        "ingest_node": 4,
        "rights": [],
        "interpretive": [],
        "admin_node": 4,
        "bag_type": "D",
        "size": 4005888,
        "version": 1,
        "replicating_nodes": [
            4
        ],
        "local_id": "tdr_bag_2",
        "first_version_uuid": "6bf780d6-932a-4c97-8ac9-c5ddcc37eedf",
        "created_at": "2015-05-22T19:08:34.295Z",
        "updated_at": "2015-05-22T19:08:34.295Z"
    },
    "model": "data.bag"
},
{
    "pk": "8d15d474-3146-4906-84fa-696d984eaaf9",
    "fields": {
        "ingest_node": 4,
        "rights": [],
        "interpretive": [],
        "admin_node": 4,
        "bag_type": "D",
        "size": 44544,
        "version": 1,
        "replicating_nodes": [
            4
        ],
        "local_id": "tdr_bag_3",
        "first_version_uuid": "8d15d474-3146-4906-84fa-696d984eaaf9",
        "created_at": "2015-05-22T19:08:36.599Z",
        "updated_at": "2015-05-22T19:08:36.599Z"
    },
    "model": "data.bag"
},
{
    "pk": "45d82459-7635-4f81-8f9d-9a21e63b3b34",
    "fields": {
        "ingest_node": 4,
        "rights": [],
        "interpretive": [],
        "admin_node": 4,
        "bag_type": "D",
        "size": 3974144,
        "version": 1,
        "replicating_nodes": [
            4
        ],
        "local_id": "tdr_bag_4",
        "first_version_uuid": "45d82459-7635-4f81-8f9d-9a21e63b3b34",
        "created_at": "2015-05-22T19:08:48.299Z",
        "updated_at": "2015-05-22T19:08:48.299Z"
    },
    "model": "data.bag"
},
{
    "pk": "f2c0fbaa-9503-4442-83ef-4a01e9c5413b",
    "fields": {
        "ingest_node": 4,
        "rights": [],
        "interpretive": [],
        "admin_node": 4,
        "bag_type": "D",
        "size": 44544,
        "version": 1,
        "replicating_nodes": [
            4
        ],
        "local_id": "tdr_bag_5",
        "first_version_uuid": "f2c0fbaa-9503-4442-83ef-4a01e9c5413b",
        "created_at": "2015-05-22T19:08:38.798Z",
        "updated_at": "2015-05-22T19:08:38.798Z"
    },
    "model": "data.bag"
},
{
    "pk": "fa120ee8-9973-4d72-9bbd-6c7809fa776d",
    "fields": {
        "ingest_node": 4,
        "rights": [],
        "interpretive": [],
        "admin_node": 4,
        "bag_type": "D",
        "size": 44455566,
        "version": 1,
        "replicating_nodes": [],
        "local_id": "tdr_bag_6",
        "first_version_uuid": "fa120ee8-9973-4d72-9bbd-6c7809fa776d",
        "created_at": "2015-05-04T17:41:22.903Z",
        "updated_at": "2015-05-04T17:41:22.903Z"
    },
    "model": "data.bag"
},
{
    "pk": "79dc5aa8-a9d5-4fb4-b53d-93e3c00abd42",
    "fields": {
        "ingest_node": 4,
        "rights": [],
        "interpretive": [],
        "admin_node": 4,
        "bag_type": "D",
        "size": 7766554,
        "version": 1,
        "replicating_nodes": [],
        "local_id": "tdr_bag_7",
        "first_version_uuid": "79dc5aa8-a9d5-4fb4-b53d-93e3c00abd42",
        "created_at": "2015-05-04T17:41:51.909Z",
        "updated_at": "2015-05-04T17:41:51.909Z"
    },
    "model": "data.bag"
},
{
    "pk": "05d959a6-272b-4a62-b587-99f6d35a2920",
    "fields": {
        "ingest_node": 4,
        "rights": [],
        "interpretive": [],
        "admin_node": 4,
        "bag_type": "D",
        "size": 62464,
        "version": 1,
        "replicating_nodes": [
            4
        ],
        "local_id": "tdr_bag_8",
        "first_version_uuid": "05d959a6-272b-4a62-b587-99f6d35a2920",
        "created_at": "2015-05-22T19:08:35.388Z",
        "updated_at": "2015-05-22T19:08:35.388Z"
    },
    "model": "data.bag"
},
{
    "pk": 1180,
    "fields": {
        "digest": "353fba29e2bad3101de89533eb3b5882646af1353ab3aec7e27e5c5b8e0c5b69",
        "algorithm": "sha256",
        "created_at": "2015-05-22T19:08:34.298Z",
        "bag": "6bf780d6-932a-4c97-8ac9-c5ddcc37eedf"
    },
    "model": "data.fixity"
},
{
    "pk": 1181,
    "fields": {
        "digest": "e81f79fed2b4515e6a5c3f23161d0805172be1ca1f560ce29d3793cec2c79d89",
        "algorithm": "sha256",
        "created_at": "2015-05-22T19:08:35.390Z",
        "bag": "05d959a6-272b-4a62-b587-99f6d35a2920"
    },
    "model": "data.fixity"
},
{
    "pk": 1182,
    "fields": {
        "digest": "e112ad47b3b280b92a38af2c5be38da7f04b79f4b180cbb92811f74ebc831d18",
        "algorithm": "sha256",
        "created_at": "2015-05-22T19:08:36.602Z",
        "bag": "8d15d474-3146-4906-84fa-696d984eaaf9"
    },
    "model": "data.fixity"
},
{
    "pk": 1183,
    "fields": {
        "digest": "13743e26e07afcdab0600104989c5e5de0271ed2dff61cf7804ea294060a75ac",
        "algorithm": "sha256",
        "created_at": "2015-05-22T19:08:37.850Z",
        "bag": "b7c86dbc-67d4-4d98-ad7a-462876900637"
    },
    "model": "data.fixity"
},
{
    "pk": 1184,
    "fields": {
        "digest": "6cb820f17c147ab9cd25a8c1f2adc7cf12a8070448dba35551e9c992e409688c",
        "algorithm": "sha256",
        "created_at": "2015-05-22T19:08:38.800Z",
        "bag": "f2c0fbaa-9503-4442-83ef-4a01e9c5413b"
    },
    "model": "data.fixity"
},
{
    "pk": 1185,
    "fields": {
        "digest": "5329a5d06216ca9effc42a6f5b7c492952334d8b188ebbdefbbd0b970ab981a3",
        "algorithm": "sha256",
        "created_at": "2015-05-22T19:08:48.301Z",
        "bag": "45d82459-7635-4f81-8f9d-9a21e63b3b34"
    },
    "model": "data.fixity"
},
{
    "pk": 1186,
    "fields": {
        "digest": "0000000000000000000000000000000000000000000000000000000000000000",
        "algorithm": "sha256",
        "created_at": "2015-06-05T14:56:54.626Z",
        "bag": "79dc5aa8-a9d5-4fb4-b53d-93e3c00abd42"
    },
    "model": "data.fixity"
},
{
    "pk": 1187,
    "fields": {
        "digest": "9999999999999999999999999999999999999999999999999999999999999999",
        "algorithm": "sha256",
        "created_at": "2015-06-05T14:58:37.263Z",
        "bag": "fa120ee8-9973-4d72-9bbd-6c7809fa776d"
    },
    "model": "data.fixity"
},
{
    "pk": 1,
    "fields": {
        "replication_id": "tdr-1",
        "fixity_value": "5329a5d06216ca9effc42a6f5b7c492952334d8b188ebbdefbbd0b970ab981a3",
        "bag_valid": null,
        "fixity_accept": true,
        "fixity_nonce": "",
        "created_at": "2015-05-22T19:46:45.761Z",
        "to_node": 4,
        "link": "dpn.tdr@devops.tdr.org:outbound/45d82459-7635-4f81-8f9d-9a21e63b3b34.tar",
        "status": "Confirmed",
        "protocol": "R",
        "from_node": 4,
        "updated_at": "2015-05-28T16:15:35.884Z",
        "fixity_algorithm": "sha256",
        "bag": "45d82459-7635-4f81-8f9d-9a21e63b3b34"
    },
    "model": "data.replicationtransfer"
},
{
    "pk": 2,
    "fields": {
        "replication_id": "tdr-2",
        "fixity_value": "6cb820f17c147ab9cd25a8c1f2adc7cf12a8070448dba35551e9c992e409688c",
        "bag_valid": null,
        "fixity_accept": true,
        "fixity_nonce": "",
        "created_at": "2015-05-22T19:47:17.440Z",
        "to_node": 4,
        "link": "dpn.tdr@devops.tdr.org:outbound/f2c0fbaa-9503-4442-83ef-4a01e9c5413b.tar",
        "status": "Confirmed",
        "protocol": "R",
        "from_node": 4,
        "updated_at": "2015-05-28T16:15:37.916Z",
        "fixity_algorithm": "sha256",
        "bag": "f2c0fbaa-9503-4442-83ef-4a01e9c5413b"
    },
    "model": "data.replicationtransfer"
},
{
    "pk": 3,
    "fields": {
        "replication_id": "tdr-3",
        "fixity_value": "13743e26e07afcdab0600104989c5e5de0271ed2dff61cf7804ea294060a75ac",
        "bag_valid": null,
        "fixity_accept": true,
        "fixity_nonce": "",
        "created_at": "2015-05-22T19:47:54.012Z",
        "to_node": 4,
        "link": "dpn.tdr@devops.tdr.org:outbound/b7c86dbc-67d4-4d98-ad7a-462876900637.tar",
        "status": "Confirmed",
        "protocol": "R",
        "from_node": 4,
        "updated_at": "2015-05-28T16:15:39.936Z",
        "fixity_algorithm": "sha256",
        "bag": "b7c86dbc-67d4-4d98-ad7a-462876900637"
    },
    "model": "data.replicationtransfer"
},
{
    "pk": 4,
    "fields": {
        "replication_id": "tdr-4",
        "fixity_value": "e112ad47b3b280b92a38af2c5be38da7f04b79f4b180cbb92811f74ebc831d18",
        "bag_valid": null,
        "fixity_accept": true,
        "fixity_nonce": "",
        "created_at": "2015-05-22T19:48:25.049Z",
        "to_node": 4,
        "link": "dpn.tdr@devops.tdr.org:outbound/8d15d474-3146-4906-84fa-696d984eaaf9.tar",
        "status": "Confirmed",
        "protocol": "R",
        "from_node": 4,
        "updated_at": "2015-05-28T16:15:41.844Z",
        "fixity_algorithm": "sha256",
        "bag": "8d15d474-3146-4906-84fa-696d984eaaf9"
    },
    "model": "data.replicationtransfer"
},
{
    "pk": 5,
    "fields": {
        "replication_id": "tdr-5",
        "fixity_value": "e81f79fed2b4515e6a5c3f23161d0805172be1ca1f560ce29d3793cec2c79d89",
        "bag_valid": null,
        "fixity_accept": true,
        "fixity_nonce": "",
        "created_at": "2015-05-22T19:48:47.638Z",
        "to_node": 4,
        "link": "dpn.tdr@devops.tdr.org:outbound/05d959a6-272b-4a62-b587-99f6d35a2920.tar",
        "status": "Confirmed",
        "protocol": "R",
        "from_node": 4,
        "updated_at": "2015-05-28T16:15:43.665Z",
        "fixity_algorithm": "sha256",
        "bag": "05d959a6-272b-4a62-b587-99f6d35a2920"
    },
    "model": "data.replicationtransfer"
},
{
    "pk": 6,
    "fields": {
        "replication_id": "tdr-6",
        "fixity_value": "353fba29e2bad3101de89533eb3b5882646af1353ab3aec7e27e5c5b8e0c5b69",
        "bag_valid": null,
        "fixity_accept": true,
        "fixity_nonce": "",
        "created_at": "2015-05-22T19:49:14.137Z",
        "to_node": 4,
        "link": "dpn.tdr@devops.tdr.org:outbound/6bf780d6-932a-4c97-8ac9-c5ddcc37eedf.tar",
        "status": "Confirmed",
        "protocol": "R",
        "from_node": 4,
        "updated_at": "2015-05-28T16:15:46.247Z",
        "fixity_algorithm": "sha256",
        "bag": "6bf780d6-932a-4c97-8ac9-c5ddcc37eedf"
    },
    "model": "data.replicationtransfer"
},
{
    "pk": 7,
    "fields": {
        "replication_id": "tdr-7",
        "fixity_value": "",
        "bag_valid": null,
        "fixity_accept": null,
        "fixity_nonce": "",
        "created_at": "2015-05-22T19:52:35.558Z",
        "to_node": 3,
        "link": "dpn.chron@devops.tdr.org:outbound/45d82459-7635-4f81-8f9d-9a21e63b3b34.tar",
        "status": "Requested",
        "protocol": "R",
        "from_node": 4,
        "updated_at": "2015-05-22T20:37:49.018Z",
        "fixity_algorithm": "sha256",
        "bag": "45d82459-7635-4f81-8f9d-9a21e63b3b34"
    },
    "model": "data.replicationtransfer"
},
{
    "pk": 8,
    "fields": {
        "replication_id": "tdr-8",
        "fixity_value": "",
        "bag_valid": null,
        "fixity_accept": null,
        "fixity_nonce": "",
        "created_at": "2015-05-22T19:53:05.313Z",
        "to_node": 3,
        "link": "dpn.chron@devops.tdr.org:outbound/f2c0fbaa-9503-4442-83ef-4a01e9c5413b.tar",
        "status": "Requested",
        "protocol": "R",
        "from_node": 4,
        "updated_at": "2015-05-22T20:37:39.660Z",
        "fixity_algorithm": "sha256",
        "bag": "f2c0fbaa-9503-4442-83ef-4a01e9c5413b"
    },
    "model": "data.replicationtransfer"
},
{
    "pk": 9,
    "fields": {
        "replication_id": "tdr-9",
        "fixity_value": "",
        "bag_valid": null,
        "fixity_accept": null,
        "fixity_nonce": "",
        "created_at": "2015-05-22T19:53:26.965Z",
        "to_node": 3,
        "link": "dpn.chron@devops.tdr.org:outbound/b7c86dbc-67d4-4d98-ad7a-462876900637.tar",
        "status": "Requested",
        "protocol": "R",
        "from_node": 4,
        "updated_at": "2015-05-22T20:37:29.331Z",
        "fixity_algorithm": "sha256",
        "bag": "b7c86dbc-67d4-4d98-ad7a-462876900637"
    },
    "model": "data.replicationtransfer"
},
{
    "pk": 10,
    "fields": {
        "replication_id": "tdr-10",
        "fixity_value": "",
        "bag_valid": null,
        "fixity_accept": null,
        "fixity_nonce": "",
        "created_at": "2015-05-22T19:53:53.202Z",
        "to_node": 3,
        "link": "dpn.chron@devops.tdr.org:outbound/8d15d474-3146-4906-84fa-696d984eaaf9.tar",
        "status": "Requested",
        "protocol": "R",
        "from_node": 4,
        "updated_at": "2015-05-22T20:37:19.193Z",
        "fixity_algorithm": "sha256",
        "bag": "8d15d474-3146-4906-84fa-696d984eaaf9"
    },
    "model": "data.replicationtransfer"
},
{
    "pk": 11,
    "fields": {
        "replication_id": "tdr-11",
        "fixity_value": "",
        "bag_valid": null,
        "fixity_accept": null,
        "fixity_nonce": "",
        "created_at": "2015-05-22T19:54:22.781Z",
        "to_node": 3,
        "link": "dpn.chron@devops.tdr.org:outbound/05d959a6-272b-4a62-b587-99f6d35a2920.tar",
        "status": "Requested",
        "protocol": "R",
        "from_node": 4,
        "updated_at": "2015-05-22T20:37:09.977Z",
        "fixity_algorithm": "sha256",
        "bag": "05d959a6-272b-4a62-b587-99f6d35a2920"
    },
    "model": "data.replicationtransfer"
},
{
    "pk": 12,
    "fields": {
        "replication_id": "tdr-12",
        "fixity_value": "",
        "bag_valid": null,
        "fixity_accept": null,
        "fixity_nonce": "",
        "created_at": "2015-05-22T19:54:46.423Z",
        "to_node": 3,
        "link": "dpn.chron@devops.tdr.org:outbound/6bf780d6-932a-4c97-8ac9-c5ddcc37eedf.tar",
        "status": "Requested",
        "protocol": "R",
        "from_node": 4,
        "updated_at": "2015-05-22T20:37:00.601Z",
        "fixity_algorithm": "sha256",
        "bag": "6bf780d6-932a-4c97-8ac9-c5ddcc37eedf"
    },
    "model": "data.replicationtransfer"
},
{
    "pk": 13,
    "fields": {
        "replication_id": "tdr-13",
        "fixity_value": "",
        "bag_valid": null,
        "fixity_accept": null,
        "fixity_nonce": "",
        "created_at": "2015-05-22T19:55:04.597Z",
        "to_node": 2,
        "link": "dpn.hathi@devops.tdr.org:outbound/45d82459-7635-4f81-8f9d-9a21e63b3b34.tar",
        "status": "Requested",
        "protocol": "R",
        "from_node": 4,
        "updated_at": "2015-05-22T20:36:50.800Z",
        "fixity_algorithm": "sha256",
        "bag": "45d82459-7635-4f81-8f9d-9a21e63b3b34"
    },
    "model": "data.replicationtransfer"
},
{
    "pk": 14,
    "fields": {
        "replication_id": "tdr-14",
        "fixity_value": "",
        "bag_valid": null,
        "fixity_accept": null,
        "fixity_nonce": "",
        "created_at": "2015-05-22T19:55:22.456Z",
        "to_node": 2,
        "link": "dpn.hathi@devops.tdr.org:outbound/f2c0fbaa-9503-4442-83ef-4a01e9c5413b.tar",
        "status": "Requested",
        "protocol": "R",
        "from_node": 4,
        "updated_at": "2015-05-22T20:36:41.319Z",
        "fixity_algorithm": "sha256",
        "bag": "f2c0fbaa-9503-4442-83ef-4a01e9c5413b"
    },
    "model": "data.replicationtransfer"
},
{
    "pk": 15,
    "fields": {
        "replication_id": "tdr-15",
        "fixity_value": "",
        "bag_valid": null,
        "fixity_accept": null,
        "fixity_nonce": "",
        "created_at": "2015-05-22T19:55:39.498Z",
        "to_node": 2,
        "link": "dpn.hathi@devops.tdr.org:outbound/b7c86dbc-67d4-4d98-ad7a-462876900637.tar",
        "status": "Requested",
        "protocol": "R",
        "from_node": 4,
        "updated_at": "2015-05-22T20:36:32.965Z",
        "fixity_algorithm": "sha256",
        "bag": "b7c86dbc-67d4-4d98-ad7a-462876900637"
    },
    "model": "data.replicationtransfer"
},
{
    "pk": 16,
    "fields": {
        "replication_id": "tdr-16",
        "fixity_value": "",
        "bag_valid": null,
        "fixity_accept": null,
        "fixity_nonce": "",
        "created_at": "2015-05-22T19:55:56.121Z",
        "to_node": 2,
        "link": "dpn.hathi@devops.tdr.org:outbound/8d15d474-3146-4906-84fa-696d984eaaf9.tar",
        "status": "Requested",
        "protocol": "R",
        "from_node": 4,
        "updated_at": "2015-05-22T20:36:23.461Z",
        "fixity_algorithm": "sha256",
        "bag": "8d15d474-3146-4906-84fa-696d984eaaf9"
    },
    "model": "data.replicationtransfer"
},
{
    "pk": 17,
    "fields": {
        "replication_id": "tdr-17",
        "fixity_value": "",
        "bag_valid": null,
        "fixity_accept": null,
        "fixity_nonce": "",
        "created_at": "2015-05-22T19:56:15.190Z",
        "to_node": 2,
        "link": "dpn.hathi@devops.tdr.org:outbound/05d959a6-272b-4a62-b587-99f6d35a2920.tar",
        "status": "Requested",
        "protocol": "R",
        "from_node": 4,
        "updated_at": "2015-05-22T20:36:13.376Z",
        "fixity_algorithm": "sha256",
        "bag": "05d959a6-272b-4a62-b587-99f6d35a2920"
    },
    "model": "data.replicationtransfer"
},
{
    "pk": 18,
    "fields": {
        "replication_id": "tdr-18",
        "fixity_value": "",
        "bag_valid": null,
        "fixity_accept": null,
        "fixity_nonce": "",
        "created_at": "2015-05-22T19:56:33.495Z",
        "to_node": 2,
        "link": "dpn.hathi@devops.tdr.org:outbound/6bf780d6-932a-4c97-8ac9-c5ddcc37eedf.tar",
        "status": "Requested",
        "protocol": "R",
        "from_node": 4,
        "updated_at": "2015-05-22T20:35:59.506Z",
        "fixity_algorithm": "sha256",
        "bag": "6bf780d6-932a-4c97-8ac9-c5ddcc37eedf"
    },
    "model": "data.replicationtransfer"
},
{
    "pk": 19,
    "fields": {
        "replication_id": "tdr-19",
        "fixity_value": "",
        "bag_valid": null,
        "fixity_accept": null,
        "fixity_nonce": "",
        "created_at": "2015-05-22T19:58:45.141Z",
        "to_node": 5,
        "link": "dpn.sdr@devops.tdr.org:outbound/45d82459-7635-4f81-8f9d-9a21e63b3b34.tar",
        "status": "Requested",
        "protocol": "R",
        "from_node": 4,
        "updated_at": "2015-05-22T20:35:51.999Z",
        "fixity_algorithm": "sha256",
        "bag": "45d82459-7635-4f81-8f9d-9a21e63b3b34"
    },
    "model": "data.replicationtransfer"
},
{
    "pk": 20,
    "fields": {
        "replication_id": "tdr-20",
        "fixity_value": "",
        "bag_valid": null,
        "fixity_accept": null,
        "fixity_nonce": "",
        "created_at": "2015-05-22T19:59:00.615Z",
        "to_node": 5,
        "link": "dpn.sdr@devops.tdr.org:outbound/f2c0fbaa-9503-4442-83ef-4a01e9c5413b.tar",
        "status": "Requested",
        "protocol": "R",
        "from_node": 4,
        "updated_at": "2015-05-22T20:35:44.029Z",
        "fixity_algorithm": "sha256",
        "bag": "f2c0fbaa-9503-4442-83ef-4a01e9c5413b"
    },
    "model": "data.replicationtransfer"
},
{
    "pk": 21,
    "fields": {
        "replication_id": "tdr-21",
        "fixity_value": "",
        "bag_valid": null,
        "fixity_accept": null,
        "fixity_nonce": "",
        "created_at": "2015-05-22T19:59:17.197Z",
        "to_node": 5,
        "link": "dpn.sdr@devops.tdr.org:outbound/b7c86dbc-67d4-4d98-ad7a-462876900637.tar",
        "status": "Requested",
        "protocol": "R",
        "from_node": 4,
        "updated_at": "2015-05-22T20:35:32.192Z",
        "fixity_algorithm": "sha256",
        "bag": "b7c86dbc-67d4-4d98-ad7a-462876900637"
    },
    "model": "data.replicationtransfer"
},
{
    "pk": 22,
    "fields": {
        "replication_id": "tdr-22",
        "fixity_value": "",
        "bag_valid": null,
        "fixity_accept": null,
        "fixity_nonce": "",
        "created_at": "2015-05-22T19:59:34.479Z",
        "to_node": 5,
        "link": "dpn.sdr@devops.tdr.org:outbound/8d15d474-3146-4906-84fa-696d984eaaf9.tar",
        "status": "Requested",
        "protocol": "R",
        "from_node": 4,
        "updated_at": "2015-05-22T20:35:24.670Z",
        "fixity_algorithm": "sha256",
        "bag": "8d15d474-3146-4906-84fa-696d984eaaf9"
    },
    "model": "data.replicationtransfer"
},
{
    "pk": 23,
    "fields": {
        "replication_id": "tdr-23",
        "fixity_value": "",
        "bag_valid": null,
        "fixity_accept": null,
        "fixity_nonce": "",
        "created_at": "2015-05-22T19:59:54.032Z",
        "to_node": 5,
        "link": "dpn.sdr@devops.tdr.org:outbound/05d959a6-272b-4a62-b587-99f6d35a2920.tar",
        "status": "Requested",
        "protocol": "R",
        "from_node": 4,
        "updated_at": "2015-05-22T20:35:14.862Z",
        "fixity_algorithm": "sha256",
        "bag": "05d959a6-272b-4a62-b587-99f6d35a2920"
    },
    "model": "data.replicationtransfer"
},
{
    "pk": 24,
    "fields": {
        "replication_id": "tdr-24",
        "fixity_value": "",
        "bag_valid": null,
        "fixity_accept": null,
        "fixity_nonce": "",
        "created_at": "2015-05-22T20:00:12.597Z",
        "to_node": 5,
        "link": "dpn.sdr@devops.tdr.org:outbound/6bf780d6-932a-4c97-8ac9-c5ddcc37eedf.tar",
        "status": "Requested",
        "protocol": "R",
        "from_node": 4,
        "updated_at": "2015-05-22T20:35:04.963Z",
        "fixity_algorithm": "sha256",
        "bag": "6bf780d6-932a-4c97-8ac9-c5ddcc37eedf"
    },
    "model": "data.replicationtransfer"
},
{
    "pk": 1,
    "fields": {
        "to_node": 4,
        "from_node": 4,
        "status": "Requested",
        "protocol": "R",
        "link": "rsync://mnt/staging/8d15d474-3146-4906-84fa-696d984eaaf9.tar",
        "updated_at": "2015-06-01T19:07:53.918Z",
        "created_at": "2015-06-01T19:07:53.917Z",
        "restore_id": "tdr-1",
        "bag": "8d15d474-3146-4906-84fa-696d984eaaf9"
    },
    "model": "data.restoretransfer"
},
{
    "pk": 2,
    "fields": {
        "to_node": 4,
        "from_node": 3,
        "status": "Prepared",
        "protocol": "R",
        "link": "rsync://mnt/staging/6bf780d6-932a-4c97-8ac9-c5ddcc37eedf.tar",
        "updated_at": "2015-06-01T19:15:14.867Z",
        "created_at": "2015-06-01T19:07:53.951Z",
        "restore_id": "tdr-2",
        "bag": "6bf780d6-932a-4c97-8ac9-c5ddcc37eedf"
    },
    "model": "data.restoretransfer"
},
{
    "pk": 3,
    "fields": {
        "to_node": 4,
        "from_node": 4,
        "status": "Requested",
        "protocol": "R",
        "link": "rsync://mnt/staging/79dc5aa8-a9d5-4fb4-b53d-93e3c00abd42.tar",
        "updated_at": "2015-06-01T19:09:16.091Z",
        "created_at": "2015-06-01T19:09:16.090Z",
        "restore_id": "tdr-3",
        "bag": "79dc5aa8-a9d5-4fb4-b53d-93e3c00abd42"
    },
    "model": "data.restoretransfer"
},
{
    "pk": 4,
    "fields": {
        "to_node": 4,
        "from_node": 3,
        "status": "Prepared",
        "protocol": "R",
        "link": "rsync://mnt/staging/45d82459-7635-4f81-8f9d-9a21e63b3b34.tar",
        "updated_at": "2015-06-01T19:15:59.535Z",
        "created_at": "2015-06-01T19:09:16.123Z",
        "restore_id": "tdr-4",
        "bag": "45d82459-7635-4f81-8f9d-9a21e63b3b34"
    },
    "model": "data.restoretransfer"
},
{
    "pk": 1,
    "fields": {
        "codename": "add_logentry",
        "name": "Can add log entry",
        "content_type": 1
    },
    "model": "auth.permission"
},
{
    "pk": 2,
    "fields": {
        "codename": "change_logentry",
        "name": "Can change log entry",
        "content_type": 1
    },
    "model": "auth.permission"
},
{
    "pk": 3,
    "fields": {
        "codename": "delete_logentry",
        "name": "Can delete log entry",
        "content_type": 1
    },
    "model": "auth.permission"
},
{
    "pk": 4,
    "fields": {
        "codename": "add_permission",
        "name": "Can add permission",
        "content_type": 2
    },
    "model": "auth.permission"
},
{
    "pk": 5,
    "fields": {
        "codename": "change_permission",
        "name": "Can change permission",
        "content_type": 2
    },
    "model": "auth.permission"
},
{
    "pk": 6,
    "fields": {
        "codename": "delete_permission",
        "name": "Can delete permission",
        "content_type": 2
    },
    "model": "auth.permission"
},
{
    "pk": 7,
    "fields": {
        "codename": "add_group",
        "name": "Can add group",
        "content_type": 3
    },
    "model": "auth.permission"
},
{
    "pk": 8,
    "fields": {
        "codename": "change_group",
        "name": "Can change group",
        "content_type": 3
    },
    "model": "auth.permission"
},
{
    "pk": 9,
    "fields": {
        "codename": "delete_group",
        "name": "Can delete group",
        "content_type": 3
    },
    "model": "auth.permission"
},
{
    "pk": 10,
    "fields": {
        "codename": "add_user",
        "name": "Can add user",
        "content_type": 4
    },
    "model": "auth.permission"
},
{
    "pk": 11,
    "fields": {
        "codename": "change_user",
        "name": "Can change user",
        "content_type": 4
    },
    "model": "auth.permission"
},
{
    "pk": 12,
    "fields": {
        "codename": "delete_user",
        "name": "Can delete user",
        "content_type": 4
    },
    "model": "auth.permission"
},
{
    "pk": 13,
    "fields": {
        "codename": "add_contenttype",
        "name": "Can add content type",
        "content_type": 5
    },
    "model": "auth.permission"
},
{
    "pk": 14,
    "fields": {
        "codename": "change_contenttype",
        "name": "Can change content type",
        "content_type": 5
    },
    "model": "auth.permission"
},
{
    "pk": 15,
    "fields": {
        "codename": "delete_contenttype",
        "name": "Can delete content type",
        "content_type": 5
    },
    "model": "auth.permission"
},
{
    "pk": 16,
    "fields": {
        "codename": "add_session",
        "name": "Can add session",
        "content_type": 6
    },
    "model": "auth.permission"
},
{
    "pk": 17,
    "fields": {
        "codename": "change_session",
        "name": "Can change session",
        "content_type": 6
    },
    "model": "auth.permission"
},
{
    "pk": 18,
    "fields": {
        "codename": "delete_session",
        "name": "Can delete session",
        "content_type": 6
    },
    "model": "auth.permission"
},
{
    "pk": 19,
    "fields": {
        "codename": "add_token",
        "name": "Can add token",
        "content_type": 7
    },
    "model": "auth.permission"
},
{
    "pk": 20,
    "fields": {
        "codename": "change_token",
        "name": "Can change token",
        "content_type": 7
    },
    "model": "auth.permission"
},
{
    "pk": 21,
    "fields": {
        "codename": "delete_token",
        "name": "Can delete token",
        "content_type": 7
    },
    "model": "auth.permission"
},
{
    "pk": 22,
    "fields": {
        "codename": "add_protocol",
        "name": "Can add protocol",
        "content_type": 8
    },
    "model": "auth.permission"
},
{
    "pk": 23,
    "fields": {
        "codename": "change_protocol",
        "name": "Can change protocol",
        "content_type": 8
    },
    "model": "auth.permission"
},
{
    "pk": 24,
    "fields": {
        "codename": "delete_protocol",
        "name": "Can delete protocol",
        "content_type": 8
    },
    "model": "auth.permission"
},
{
    "pk": 25,
    "fields": {
        "codename": "add_fixityalgorithm",
        "name": "Can add fixity algorithm",
        "content_type": 9
    },
    "model": "auth.permission"
},
{
    "pk": 26,
    "fields": {
        "codename": "change_fixityalgorithm",
        "name": "Can change fixity algorithm",
        "content_type": 9
    },
    "model": "auth.permission"
},
{
    "pk": 27,
    "fields": {
        "codename": "delete_fixityalgorithm",
        "name": "Can delete fixity algorithm",
        "content_type": 9
    },
    "model": "auth.permission"
},
{
    "pk": 28,
    "fields": {
        "codename": "add_node",
        "name": "Can add node",
        "content_type": 10
    },
    "model": "auth.permission"
},
{
    "pk": 29,
    "fields": {
        "codename": "change_node",
        "name": "Can change node",
        "content_type": 10
    },
    "model": "auth.permission"
},
{
    "pk": 30,
    "fields": {
        "codename": "delete_node",
        "name": "Can delete node",
        "content_type": 10
    },
    "model": "auth.permission"
},
{
    "pk": 31,
    "fields": {
        "codename": "add_storage",
        "name": "Can add storage",
        "content_type": 11
    },
    "model": "auth.permission"
},
{
    "pk": 32,
    "fields": {
        "codename": "change_storage",
        "name": "Can change storage",
        "content_type": 11
    },
    "model": "auth.permission"
},
{
    "pk": 33,
    "fields": {
        "codename": "delete_storage",
        "name": "Can delete storage",
        "content_type": 11
    },
    "model": "auth.permission"
},
{
    "pk": 34,
    "fields": {
        "codename": "add_bag",
        "name": "Can add bag",
        "content_type": 12
    },
    "model": "auth.permission"
},
{
    "pk": 35,
    "fields": {
        "codename": "change_bag",
        "name": "Can change bag",
        "content_type": 12
    },
    "model": "auth.permission"
},
{
    "pk": 36,
    "fields": {
        "codename": "delete_bag",
        "name": "Can delete bag",
        "content_type": 12
    },
    "model": "auth.permission"
},
{
    "pk": 37,
    "fields": {
        "codename": "add_fixity",
        "name": "Can add fixity",
        "content_type": 13
    },
    "model": "auth.permission"
},
{
    "pk": 38,
    "fields": {
        "codename": "change_fixity",
        "name": "Can change fixity",
        "content_type": 13
    },
    "model": "auth.permission"
},
{
    "pk": 39,
    "fields": {
        "codename": "delete_fixity",
        "name": "Can delete fixity",
        "content_type": 13
    },
    "model": "auth.permission"
},
{
    "pk": 40,
    "fields": {
        "codename": "add_replicationtransfer",
        "name": "Can add replication transfer",
        "content_type": 14
    },
    "model": "auth.permission"
},
{
    "pk": 41,
    "fields": {
        "codename": "change_replicationtransfer",
        "name": "Can change replication transfer",
        "content_type": 14
    },
    "model": "auth.permission"
},
{
    "pk": 42,
    "fields": {
        "codename": "delete_replicationtransfer",
        "name": "Can delete replication transfer",
        "content_type": 14
    },
    "model": "auth.permission"
},
{
    "pk": 43,
    "fields": {
        "codename": "add_restoretransfer",
        "name": "Can add restore transfer",
        "content_type": 15
    },
    "model": "auth.permission"
},
{
    "pk": 44,
    "fields": {
        "codename": "change_restoretransfer",
        "name": "Can change restore transfer",
        "content_type": 15
    },
    "model": "auth.permission"
},
{
    "pk": 45,
    "fields": {
        "codename": "delete_restoretransfer",
        "name": "Can delete restore transfer",
        "content_type": 15
    },
    "model": "auth.permission"
},
{
    "pk": 46,
    "fields": {
        "codename": "add_userprofile",
        "name": "Can add user profile",
        "content_type": 16
    },
    "model": "auth.permission"
},
{
    "pk": 47,
    "fields": {
        "codename": "change_userprofile",
        "name": "Can change user profile",
        "content_type": 16
    },
    "model": "auth.permission"
},
{
    "pk": 48,
    "fields": {
        "codename": "delete_userprofile",
        "name": "Can delete user profile",
        "content_type": 16
    },
    "model": "auth.permission"
},
{
    "pk": 1,
    "fields": {
        "permissions": [
            41,
            44
        ],
        "name": "api_users"
    },
    "model": "auth.group"
},
{
    "pk": 2,
    "fields": {
        "permissions": [
            34,
            35,
            37,
            28,
            29,
            40,
            41,
            43,
            44
        ],
        "name": "api_admins"
    },
    "model": "auth.group"
},
{
    "pk": 1,
    "fields": {
        "is_active": true,
        "last_login": "2015-06-05T14:46:20.744Z",
        "date_joined": "2015-05-04T17:27:12Z",
        "user_permissions": [],
        "first_name": "",
        "password": "pbkdf2_sha256$15000$Klz2TFoxY8xE$/I58ocVVFVI2xLCEfaCS0BJXEuKbCMSu7nmBAPENGXo=",
        "username": "andrew.diamond@aptrust.org",
        "email": "andrew.diamond@aptrust.org",
        "last_name": "",
        "is_staff": true,
        "groups": [
            2
        ],
        "is_superuser": true
    },
    "model": "auth.user"
},
{
    "pk": 2,
    "fields": {
        "is_active": true,
        "last_login": "2015-05-04T17:30:31Z",
        "date_joined": "2015-05-04T17:30:31Z",
        "user_permissions": [],
        "first_name": "",
        "password": "pbkdf2_sha256$15000$Vjhj7WKEdpQ6$SqeAlTHG9ViWwlWjt0ETYLFIN97WjOBb5uOb9x3hBSE=",
        "username": "chron_user",
 "is_superuser": false,        "email": "",
        "last_name": "",
        "is_staff": false,
        "groups": [
            1
        ],
        "is_superuser": false
    },
    "model": "auth.user"
},
{
    "pk": 3,
    "fields": {
        "is_active": true,
        "last_login": "2015-05-04T17:30:42Z",
        "date_joined": "2015-05-04T17:30:42Z",
        "user_permissions": [],
        "first_name": "",
        "password": "pbkdf2_sha256$15000$6QXSo1C11nc9$C+Dult7lXQtHbHYeJmwqzbyUuCXeF6acDPNtmy9eVqo=",
        "username": "hathi_user",
 "is_superuser": false,        "email": "",
        "last_name": "",
        "is_staff": false,
        "groups": [
            1
        ],
        "is_superuser": false
    },
    "model": "auth.user"
},
{
    "pk": 4,
    "fields": {
        "is_active": true,
        "last_login": "2015-05-04T17:31:13Z",
        "date_joined": "2015-05-04T17:31:13Z",
        "user_permissions": [],
        "first_name": "",
        "password": "pbkdf2_sha256$15000$as2Swb1GL41J$RKGTkc9PtK5lVvqQ+lIgYI0N9EXxbbbiBq7OTausqiA=",
        "username": "sdr_user",
 "is_superuser": false,        "email": "",
        "last_name": "",
        "is_staff": false,
        "groups": [
            1
        ],
        "is_superuser": false
    },
    "model": "auth.user"
},
{
    "pk": 5,
    "fields": {
        "is_active": true,
        "last_login": "2015-05-04T17:31:28Z",
        "date_joined": "2015-05-04T17:31:28Z",
        "user_permissions": [],
        "first_name": "",
        "password": "pbkdf2_sha256$15000$vuhkbKTdL7Y2$73CBo5jQEpVmVLmwshbbTYX4aQNuHm4DOA8b/HW6O8w=",
        "username": "tdr_user",
 "is_superuser": true,        "email": "",
        "last_name": "",
        "is_staff": false,
        "groups": [
            1
        ],
        "is_superuser": false
    },
    "model": "auth.user"
},
{
    "pk": 6,
    "fields": {
        "is_active": true,
        "last_login": "2015-05-04T17:32:19Z",
        "date_joined": "2015-05-04T17:32:19Z",
        "user_permissions": [],
        "first_name": "",
        "password": "pbkdf2_sha256$15000$Quw05XjFKquA$/07Iz2oNKFAYdmG+FOqH5AVtpCc59sQAHuSFBEZrZnE=",
        "username": "aptrust_user",
 "is_superuser": false,        "email": "",
        "last_name": "",
        "is_staff": false,
        "groups": [
            2
        ],
        "is_superuser": false
    },
    "model": "auth.user"
},
{
    "pk": "5b5092dcc327213c971b968a3a88408b0a583d13",
    "fields": {
        "created": "2015-05-04T17:32:48.340Z",
        "user": 4
    },
    "model": "authtoken.token"
},
{
    "pk": "76348ba56e8ef8cfb58e29b451882b5a3e8e0d89",
    "fields": {
        "created": "2015-05-04T17:32:02.226Z",
        "user": 2
    },
    "model": "authtoken.token"
},
{
    "pk": "bce7d48cfac8dfff962f32cdd8e270c77691fd91",
    "fields": {
        "created": "2015-05-04T17:32:51.887Z",
        "user": 5
    },
    "model": "authtoken.token"
},
{
    "pk": "ccbdd12c6ab58a5f38533b84e5fa4f646dc6841e",
    "fields": {
        "created": "2015-05-04T17:32:44.335Z",
        "user": 3
    },
    "model": "authtoken.token"
},
{
    "pk": "f12c2ecf5edbc087172a040cdda713e641e4a0ea",
    "fields": {
        "created": "2015-05-04T17:32:40.676Z",
        "user": 6
    },
    "model": "authtoken.token"
},
{
    "pk": 1,
    "fields": {
        "node": 1,
        "user": 1
    },
    "model": "data.userprofile"
},
{
    "pk": 2,
    "fields": {
        "node": 3,
        "user": 2
    },
    "model": "data.userprofile"
},
{
    "pk": 3,
    "fields": {
        "node": 2,
        "user": 3
    },
    "model": "data.userprofile"
},
{
    "pk": 4,
    "fields": {
        "node": 5,
        "user": 4
    },
    "model": "data.userprofile"
},
{
    "pk": 5,
    "fields": {
        "node": 4,
        "user": 5
    },
    "model": "data.userprofile"
},
{
    "pk": 6,
    "fields": {
        "node": 1,
        "user": 6
    },
    "model": "data.userprofile"
}
]
