[
    {
        "pk": 1,
        "model": "contenttypes.contenttype",
        "fields": {
            "model": "logentry",
            "app_label": "admin",
            "name": "log entry"
        }
    },
    {
        "pk": 2,
        "model": "contenttypes.contenttype",
        "fields": {
            "model": "permission",
            "app_label": "auth",
            "name": "permission"
        }
    },
    {
        "pk": 3,
        "model": "contenttypes.contenttype",
        "fields": {
            "model": "group",
            "app_label": "auth",
            "name": "group"
        }
    },
    {
        "pk": 4,
        "model": "contenttypes.contenttype",
        "fields": {
            "model": "user",
            "app_label": "auth",
            "name": "user"
        }
    },
    {
        "pk": 5,
        "model": "contenttypes.contenttype",
        "fields": {
            "model": "contenttype",
            "app_label": "contenttypes",
            "name": "content type"
        }
    },
    {
        "pk": 6,
        "model": "contenttypes.contenttype",
        "fields": {
            "model": "session",
            "app_label": "sessions",
            "name": "session"
        }
    },
    {
        "pk": 7,
        "model": "contenttypes.contenttype",
        "fields": {
            "model": "token",
            "app_label": "authtoken",
            "name": "token"
        }
    },
    {
        "pk": 8,
        "model": "contenttypes.contenttype",
        "fields": {
            "model": "protocol",
            "app_label": "data",
            "name": "protocol"
        }
    },
    {
        "pk": 9,
        "model": "contenttypes.contenttype",
        "fields": {
            "model": "fixityalgorithm",
            "app_label": "data",
            "name": "fixity algorithm"
        }
    },
    {
        "pk": 10,
        "model": "contenttypes.contenttype",
        "fields": {
            "model": "node",
            "app_label": "data",
            "name": "node"
        }
    },
    {
        "pk": 11,
        "model": "contenttypes.contenttype",
        "fields": {
            "model": "storage",
            "app_label": "data",
            "name": "storage"
        }
    },
    {
        "pk": 12,
        "model": "contenttypes.contenttype",
        "fields": {
            "model": "bag",
            "app_label": "data",
            "name": "bag"
        }
    },
    {
        "pk": 13,
        "model": "contenttypes.contenttype",
        "fields": {
            "model": "fixity",
            "app_label": "data",
            "name": "fixity"
        }
    },
    {
        "pk": 14,
        "model": "contenttypes.contenttype",
        "fields": {
            "model": "replicationtransfer",
            "app_label": "data",
            "name": "replication transfer"
        }
    },
    {
        "pk": 15,
        "model": "contenttypes.contenttype",
        "fields": {
            "model": "restoretransfer",
            "app_label": "data",
            "name": "restore transfer"
        }
    },
    {
        "pk": 16,
        "model": "contenttypes.contenttype",
        "fields": {
            "model": "userprofile",
            "app_label": "data",
            "name": "user profile"
        }
    },
    {
        "pk": "avyqv3v2o241jaeubjgrqxhvuusq5869",
        "model": "sessions.session",
        "fields": {
            "session_data": "NTg2OGYzZGY0ZDg4NzgzMmJhNjc1ZmI1YTVkNTU4NjQ5OTI4ZWI0Zjp7fQ==",
            "expire_date": "2015-06-11T15:27:32.973Z"
        }
    },
    {
        "pk": "mwq5wdy13bdicy3q0aa81fxgds57io1s",
        "model": "sessions.session",
        "fields": {
            "session_data": "NGQ0M2M5Y2VmYTdmYTU1N2Q3ODY4YTcyYWYwZTI3ZTY0MWViOTIzZjp7Il9hdXRoX3VzZXJfaGFzaCI6IjYyNzc0ZDEzNjU5ZDNmMjMzZjU1YTU0ZmIyMTFkN2QxY2I4Y2EyMTAiLCJfYXV0aF91c2VyX2lkIjoxLCJfYXV0aF91c2VyX2JhY2tlbmQiOiJkamFuZ28uY29udHJpYi5hdXRoLmJhY2tlbmRzLk1vZGVsQmFja2VuZCJ9",
            "expire_date": "2015-06-11T15:37:38.369Z"
        }
    },
    {
        "pk": "r7qvyc2j5b61anwkwkdjycjo4ooi6tw6",
        "model": "sessions.session",
        "fields": {
            "session_data": "MTdjM2MwMDhiMjk3ZTkzNzZhNzQ2NjJhYjY0ZDI3Nzc0MzE3OTc2ZTp7Il9hdXRoX3VzZXJfaWQiOjEsIl9hdXRoX3VzZXJfaGFzaCI6IjJiOThkZjg4NWFkZTBkNjM1MzAyNWQ4ZWUxNThmMzM4YTUyMzQxMDIiLCJfYXV0aF91c2VyX2JhY2tlbmQiOiJkamFuZ28uY29udHJpYi5hdXRoLmJhY2tlbmRzLk1vZGVsQmFja2VuZCJ9",
            "expire_date": "2015-06-19T14:46:20.746Z"
        }
    },
    {
        "pk": "u2vcbildcyb30u58brkxt5dt3klydizn",
        "model": "sessions.session",
        "fields": {
            "session_data": "MjZlYmU4OTIyYmE0ZDk1NDgxZWI2OTg4N2FjYWQ5NTJjMjQ0NmE0Njp7Il9hdXRoX3VzZXJfaWQiOjEsIl9hdXRoX3VzZXJfYmFja2VuZCI6ImRqYW5nby5jb250cmliLmF1dGguYmFja2VuZHMuTW9kZWxCYWNrZW5kIiwiX2F1dGhfdXNlcl9oYXNoIjoiNjI3NzRkMTM2NTlkM2YyMzNmNTVhNTRmYjIxMWQ3ZDFjYjhjYTIxMCJ9",
            "expire_date": "2015-05-18T17:28:10.868Z"
        }
    },
    {
        "pk": "rsync",
        "model": "data.protocol",
        "fields": {}
    },
    {
        "pk": "sha256",
        "model": "data.fixityalgorithm",
        "fields": {}
    },
    {
        "pk": 1,
        "model": "data.node",
        "fields": {
            "protocols": [
                "rsync"
            ],
            "created_at": "2015-05-04T17:34:41.782Z",
            "restore_from": [
                2,
                3,
                4,
                5
            ],
            "ssh_username": "dpn.aptrust",
            "namespace": "aptrust",
            "ssh_pubkey": "",
            "name": "APTrust",
            "last_pull_date": null,
            "replicate_to": [
                3,
                4
            ],
            "api_root": "https://devops.aptrust.org/dpnode/",
            "updated_at": "2015-05-22T19:31:13.235Z",
            "restore_to": [
                2,
                3,
                4,
                5
            ],
            "fixity_algorithms": [
                "sha256"
            ],
            "replicate_from": [
                2,
                3,
                4,
                5
            ]
        }
    },
    {
        "pk": 2,
        "model": "data.node",
        "fields": {
            "protocols": [
                "rsync"
            ],
            "created_at": "2015-05-04T17:36:16.462Z",
            "restore_from": [
                1,
                3,
                4,
                5
            ],
            "ssh_username": "dpn.hathi",
            "namespace": "hathi",
            "ssh_pubkey": "",
            "name": "Hathi Trust",
            "last_pull_date": null,
            "replicate_to": [
                1,
                3,
                4
            ],
            "api_root": "https://dpn.hathitrust.org/dpnrest/",
            "updated_at": "2015-05-22T19:31:06.857Z",
            "restore_to": [
                1,
                3,
                4,
                5
            ],
            "fixity_algorithms": [
                "sha256"
            ],
            "replicate_from": [
                1,
                3,
                4,
                5
            ]
        }
    },
    {
        "pk": 3,
        "model": "data.node",
        "fields": {
            "protocols": [
                "rsync"
            ],
            "created_at": "2015-05-04T17:36:47.116Z",
            "restore_from": [
                1,
                2,
                4,
                5
            ],
            "ssh_username": "dpn.chron",
            "namespace": "chron",
            "ssh_pubkey": "",
            "name": "Chronopolis",
            "last_pull_date": null,
            "replicate_to": [
                1,
                4
            ],
            "api_root": "https://chronopolis01.umiacs.umd.edu/",
            "updated_at": "2015-05-22T19:31:00.048Z",
            "restore_to": [
                1,
                2,
                4,
                5
            ],
            "fixity_algorithms": [
                "sha256"
            ],
            "replicate_from": [
                1,
                2,
                4,
                5
            ]
        }
    },
    {
        "pk": 4,
        "model": "data.node",
        "fields": {
            "protocols": [
                "rsync"
            ],
            "created_at": "2015-05-04T17:37:14.930Z",
            "restore_from": [
                1,
                2,
                3,
                5
            ],
            "ssh_username": "dpn.tdr",
            "namespace": "tdr",
            "ssh_pubkey": "ssh-rsa AAAAB3NzaC1yc2EAAAADAQABAAABAQCs/ZRcJQhegudN7jWEbW7jUJuMtiIruhNeiLOUXQwfZ4tV4ksOFribYLHnFaTTPtPVFtkt6Rsc+4h9FfqPE83QXKFucJ3DYAmW0/baYbzOmdEn+EsajiDQA4B/mCbjfiFTHK0bLsYshCx+jfcRmKzgMHbj5qoW8Dy8IK0TR+iA+KyPLaZPoXB+jb7xlF8lKppsvNfZzebMGqvO3XMGM0QIVKzmJEOg8QBCUl4hPxRApwLc5UJz2up/nhO4g3Yv6Uh1/IGpxZopCF9Svl3rQNPyu43rsWuyF/R0tu0saVCb/e21L9ZUG3jb2BOmRIPozwPgpWMNFrnk3dDmcpVHc0Kp tdr@rest.lib.utexas.edu",
            "name": "TDR",
            "last_pull_date": null,
            "replicate_to": [
                1,
                3
            ],
            "api_root": "https://rest.lib.utexas.edu/",
            "updated_at": "2015-05-22T19:30:53.523Z",
            "restore_to": [
                1,
                2,
                3,
                5
            ],
            "fixity_algorithms": [
                "sha256"
            ],
            "replicate_from": [
                1,
                2,
                3,
                5
            ]
        }
    },
    {
        "pk": 5,
        "model": "data.node",
        "fields": {
            "protocols": [
                "rsync"
            ],
            "created_at": "2015-05-04T17:37:43.640Z",
            "restore_from": [
                1,
                2,
                3,
                4
            ],
            "ssh_username": "dpn.sdr",
            "namespace": "sdr",
            "ssh_pubkey": "",
            "name": "SDR",
            "last_pull_date": null,
            "replicate_to": [
                1,
                3,
                4
            ],
            "api_root": "https://dpn.stanford.edu/dpnrest/",
            "updated_at": "2015-05-22T19:30:47.386Z",
            "restore_to": [
                1,
                2,
                3,
                4
            ],
            "fixity_algorithms": [
                "sha256"
            ],
            "replicate_from": [
                1,
                2,
                3,
                4
            ]
        }
    },
    {
        "pk": 1,
        "model": "data.storage",
        "fields": {
            "storage_type": "Disk",
            "region": "CA",
            "node": 5
        }
    },
    {
        "pk": 2,
        "model": "data.storage",
        "fields": {
            "storage_type": "irods",
            "region": "TX",
            "node": 4
        }
    },
    {
        "pk": 3,
        "model": "data.storage",
        "fields": {
            "storage_type": "Disk",
            "region": "CA",
            "node": 3
        }
    },
    {
        "pk": 4,
        "model": "data.storage",
        "fields": {
            "storage_type": "Disk",
            "region": "CO",
            "node": 3
        }
    },
    {
        "pk": 5,
        "model": "data.storage",
        "fields": {
            "storage_type": "Amazon Glacier",
            "region": "VA",
            "node": 1
        }
    },
    {
        "pk": "58889dbe-d805-43db-9b44-9d221e1ff980",
        "model": "data.bag",
        "fields": {
            "admin_node": "5",
            "ingest_node": "5",
            "rights": [],
            "first_version_uuid": "58889dbe-d805-43db-9b44-9d221e1ff980",
            "version": 1,
            "updated_at": "2015-05-22T19:08:37.847Z",
            "bag_type": "D",
            "size": 71680,
            "local_id": "sdr_bag_1",
            "replicating_nodes": [],
            "interpretive": [],
            "created_at": "2015-05-22T19:08:37.847Z"
        }
    },
    {
        "pk": "76bf66de-d9ad-46b9-8df6-dc38a42dc9bb",
        "model": "data.bag",
        "fields": {
            "admin_node": "5",
            "ingest_node": "5",
            "rights": [],
            "first_version_uuid": "76bf66de-d9ad-46b9-8df6-dc38a42dc9bb",
            "version": 1,
            "updated_at": "2015-05-22T19:08:34.295Z",
            "bag_type": "D",
            "size": 4005888,
            "local_id": "sdr_bag_2",
            "replicating_nodes": [],
            "interpretive": [],
            "created_at": "2015-05-22T19:08:34.295Z"
        }
    },
    {
        "pk": "f679963e-eac7-47e7-b564-2159cc3d2440",
        "model": "data.bag",
        "fields": {
            "admin_node": "5",
            "ingest_node": "5",
            "rights": [],
            "first_version_uuid": "f679963e-eac7-47e7-b564-2159cc3d2440",
            "version": 1,
            "updated_at": "2015-05-22T19:08:36.599Z",
            "bag_type": "D",
            "size": 44544,
            "local_id": "sdr_bag_3",
            "replicating_nodes": [],
            "interpretive": [],
            "created_at": "2015-05-22T19:08:36.599Z"
        }
    },
    {
        "pk": "67952f84-a2f2-4b9c-a6c3-0922b4842296",
        "model": "data.bag",
        "fields": {
            "admin_node": "5",
            "ingest_node": "5",
            "rights": [],
            "first_version_uuid": "67952f84-a2f2-4b9c-a6c3-0922b4842296",
            "version": 1,
            "updated_at": "2015-05-22T19:08:48.299Z",
            "bag_type": "D",
            "size": 3974144,
            "local_id": "sdr_bag_4",
            "replicating_nodes": [],
            "interpretive": [],
            "created_at": "2015-05-22T19:08:48.299Z"
        }
    },
    {
        "pk": "6d3fc81a-6aca-4843-a3df-28b0790eb8fe",
        "model": "data.bag",
        "fields": {
            "admin_node": "5",
            "ingest_node": "5",
            "rights": [],
            "first_version_uuid": "6d3fc81a-6aca-4843-a3df-28b0790eb8fe",
            "version": 1,
            "updated_at": "2015-05-22T19:08:38.798Z",
            "bag_type": "D",
            "size": 44544,
            "local_id": "sdr_bag_5",
            "replicating_nodes": [],
            "interpretive": [],
            "created_at": "2015-05-22T19:08:38.798Z"
        }
    },
    {
        "pk": "f9adebad-1d74-46b8-9b49-4599baae0957",
        "model": "data.bag",
        "fields": {
            "admin_node": "5",
            "ingest_node": "5",
            "rights": [],
            "first_version_uuid": "f9adebad-1d74-46b8-9b49-4599baae0957",
            "version": 1,
            "updated_at": "2015-05-04T17:41:22.903Z",
            "bag_type": "D",
            "size": 44455566,
            "local_id": "sdr_bag_6",
            "replicating_nodes": [],
            "interpretive": [],
            "created_at": "2015-05-04T17:41:22.903Z"
        }
    },
    {
        "pk": "afc25997-471f-46e3-baf6-4ae0caa75cd2",
        "model": "data.bag",
        "fields": {
            "admin_node": "5",
            "ingest_node": "5",
            "rights": [],
            "first_version_uuid": "afc25997-471f-46e3-baf6-4ae0caa75cd2",
            "version": 1,
            "updated_at": "2015-05-04T17:41:51.909Z",
            "bag_type": "D",
            "size": 7766554,
            "local_id": "sdr_bag_7",
            "replicating_nodes": [],
            "interpretive": [],
            "created_at": "2015-05-04T17:41:51.909Z"
        }
    },
    {
        "pk": "306cd851-0cf0-44e0-af9f-7a465db4221d",
        "model": "data.bag",
        "fields": {
            "admin_node": "5",
            "ingest_node": "5",
            "rights": [],
            "first_version_uuid": "306cd851-0cf0-44e0-af9f-7a465db4221d",
            "version": 1,
            "updated_at": "2015-05-22T19:08:35.388Z",
            "bag_type": "D",
            "size": 62464,
            "local_id": "sdr_bag_8",
            "replicating_nodes": [],
            "interpretive": [],
            "created_at": "2015-05-22T19:08:35.388Z"
        }
    },
    {
        "pk": 1180,
        "model": "data.fixity",
        "fields": {
            "bag": "76bf66de-d9ad-46b9-8df6-dc38a42dc9bb",
            "algorithm": "sha256",
            "created_at": "2015-05-22T19:08:34.298Z",
            "digest": "353fba29e2bad3101de89533eb3b5882646af1353ab3aec7e27e5c5b8e0c5b69"
        }
    },
    {
        "pk": 1181,
        "model": "data.fixity",
        "fields": {
            "bag": "306cd851-0cf0-44e0-af9f-7a465db4221d",
            "algorithm": "sha256",
            "created_at": "2015-05-22T19:08:35.390Z",
            "digest": "e81f79fed2b4515e6a5c3f23161d0805172be1ca1f560ce29d3793cec2c79d89"
        }
    },
    {
        "pk": 1182,
        "model": "data.fixity",
        "fields": {
            "bag": "f679963e-eac7-47e7-b564-2159cc3d2440",
            "algorithm": "sha256",
            "created_at": "2015-05-22T19:08:36.602Z",
            "digest": "e112ad47b3b280b92a38af2c5be38da7f04b79f4b180cbb92811f74ebc831d18"
        }
    },
    {
        "pk": 1183,
        "model": "data.fixity",
        "fields": {
            "bag": "58889dbe-d805-43db-9b44-9d221e1ff980",
            "algorithm": "sha256",
            "created_at": "2015-05-22T19:08:37.850Z",
            "digest": "13743e26e07afcdab0600104989c5e5de0271ed2dff61cf7804ea294060a75ac"
        }
    },
    {
        "pk": 1184,
        "model": "data.fixity",
        "fields": {
            "bag": "6d3fc81a-6aca-4843-a3df-28b0790eb8fe",
            "algorithm": "sha256",
            "created_at": "2015-05-22T19:08:38.800Z",
            "digest": "6cb820f17c147ab9cd25a8c1f2adc7cf12a8070448dba35551e9c992e409688c"
        }
    },
    {
        "pk": 1185,
        "model": "data.fixity",
        "fields": {
            "bag": "67952f84-a2f2-4b9c-a6c3-0922b4842296",
            "algorithm": "sha256",
            "created_at": "2015-05-22T19:08:48.301Z",
            "digest": "5329a5d06216ca9effc42a6f5b7c492952334d8b188ebbdefbbd0b970ab981a3"
        }
    },
    {
        "pk": 1186,
        "model": "data.fixity",
        "fields": {
            "bag": "afc25997-471f-46e3-baf6-4ae0caa75cd2",
            "algorithm": "sha256",
            "created_at": "2015-06-05T14:56:54.626Z",
            "digest": "0000000000000000000000000000000000000000000000000000000000000000"
        }
    },
    {
        "pk": 1187,
        "model": "data.fixity",
        "fields": {
            "bag": "f9adebad-1d74-46b8-9b49-4599baae0957",
            "algorithm": "sha256",
            "created_at": "2015-06-05T14:58:37.263Z",
            "digest": "9999999999999999999999999999999999999999999999999999999999999999"
        }
    },
    {
        "pk": 1,
        "model": "data.replicationtransfer",
        "fields": {
            "fixity_nonce": "",
            "replication_id": "sdr-1",
            "created_at": "2015-05-22T19:46:45.761Z",
            "bag": "67952f84-a2f2-4b9c-a6c3-0922b4842296",
            "to_node": 4,
            "from_node": "5",
            "status": "Requested",
            "bag_valid": null,
            "link": "dpn.tdr@devops.sdr.org:outbound/472218b3-95ce-4b8e-6c21-6e514cfbe43f.tar",
            "updated_at": "2015-05-28T16:15:35.884Z",
            "fixity_accept": null,
            "fixity_value": "",
            "protocol": "R",
            "fixity_algorithm": "sha256"
        }
    },
    {
        "pk": 2,
        "model": "data.replicationtransfer",
        "fields": {
            "fixity_nonce": "",
            "replication_id": "sdr-2",
            "created_at": "2015-05-22T19:47:17.440Z",
            "bag": "6d3fc81a-6aca-4843-a3df-28b0790eb8fe",
            "to_node": 4,
            "from_node": "5",
            "status": "Requested",
            "bag_valid": null,
            "link": "dpn.tdr@devops.sdr.org:outbound/4d11736c-c0ab-44b0-66c6-a947f414d4f1.tar",
            "updated_at": "2015-05-28T16:15:37.916Z",
            "fixity_accept": null,
            "fixity_value": "",
            "protocol": "R",
            "fixity_algorithm": "sha256"
        }
    },
    {
        "pk": 3,
        "model": "data.replicationtransfer",
        "fields": {
            "fixity_nonce": "",
            "replication_id": "sdr-3",
            "created_at": "2015-05-22T19:47:54.012Z",
            "bag": "58889dbe-d805-43db-9b44-9d221e1ff980",
            "to_node": 4,
            "from_node": "5",
            "status": "Requested",
            "bag_valid": null,
            "link": "dpn.tdr@devops.sdr.org:outbound/005e7793-8253-4585-7118-2da702e29aa0.tar",
            "updated_at": "2015-05-28T16:15:39.936Z",
            "fixity_accept": null,
            "fixity_value": "",
            "protocol": "R",
            "fixity_algorithm": "sha256"
        }
    },
    {
        "pk": 4,
        "model": "data.replicationtransfer",
        "fields": {
            "fixity_nonce": "",
            "replication_id": "sdr-4",
            "created_at": "2015-05-22T19:48:25.049Z",
            "bag": "f679963e-eac7-47e7-b564-2159cc3d2440",
            "to_node": 4,
            "from_node": "5",
            "status": "Requested",
            "bag_valid": null,
            "link": "dpn.tdr@devops.sdr.org:outbound/41e5376c-cc13-4c3e-6af3-297cc2e005aa.tar",
            "updated_at": "2015-05-28T16:15:41.844Z",
            "fixity_accept": null,
            "fixity_value": "",
            "protocol": "R",
            "fixity_algorithm": "sha256"
        }
    },
    {
        "pk": 5,
        "model": "data.replicationtransfer",
        "fields": {
            "fixity_nonce": "",
            "replication_id": "sdr-5",
            "created_at": "2015-05-22T19:48:47.638Z",
            "bag": "306cd851-0cf0-44e0-af9f-7a465db4221d",
            "to_node": 4,
            "from_node": "5",
            "status": "Requested",
            "bag_valid": null,
            "link": "dpn.tdr@devops.sdr.org:outbound/8839f294-c7c0-404d-4467-7ab223ff461b.tar",
            "updated_at": "2015-05-28T16:15:43.665Z",
            "fixity_accept": null,
            "fixity_value": "",
            "protocol": "R",
            "fixity_algorithm": "sha256"
        }
    },
    {
        "pk": 6,
        "model": "data.replicationtransfer",
        "fields": {
            "fixity_nonce": "",
            "replication_id": "sdr-6",
            "created_at": "2015-05-22T19:49:14.137Z",
            "bag": "76bf66de-d9ad-46b9-8df6-dc38a42dc9bb",
            "to_node": 4,
            "from_node": "5",
            "status": "Requested",
            "bag_valid": null,
            "link": "dpn.tdr@devops.sdr.org:outbound/06edc30f-af04-4a4e-4ad6-3c679a195d46.tar",
            "updated_at": "2015-05-28T16:15:46.247Z",
            "fixity_accept": null,
            "fixity_value": "",
            "protocol": "R",
            "fixity_algorithm": "sha256"
        }
    },
    {
        "pk": 7,
        "model": "data.replicationtransfer",
        "fields": {
            "fixity_nonce": "",
            "replication_id": "sdr-7",
            "created_at": "2015-05-22T19:52:35.558Z",
            "bag": "67952f84-a2f2-4b9c-a6c3-0922b4842296",
            "to_node": 3,
            "from_node": "5",
            "status": "Requested",
            "bag_valid": null,
            "link": "dpn.chron@devops.sdr.org:outbound/472218b3-95ce-4b8e-6c21-6e514cfbe43f.tar",
            "updated_at": "2015-05-22T20:37:49.018Z",
            "fixity_accept": null,
            "fixity_value": "",
            "protocol": "R",
            "fixity_algorithm": "sha256"
        }
    },
    {
        "pk": 8,
        "model": "data.replicationtransfer",
        "fields": {
            "fixity_nonce": "",
            "replication_id": "sdr-8",
            "created_at": "2015-05-22T19:53:05.313Z",
            "bag": "6d3fc81a-6aca-4843-a3df-28b0790eb8fe",
            "to_node": 3,
            "from_node": "5",
            "status": "Requested",
            "bag_valid": null,
            "link": "dpn.chron@devops.sdr.org:outbound/4d11736c-c0ab-44b0-66c6-a947f414d4f1.tar",
            "updated_at": "2015-05-22T20:37:39.660Z",
            "fixity_accept": null,
            "fixity_value": "",
            "protocol": "R",
            "fixity_algorithm": "sha256"
        }
    },
    {
        "pk": 9,
        "model": "data.replicationtransfer",
        "fields": {
            "fixity_nonce": "",
            "replication_id": "sdr-9",
            "created_at": "2015-05-22T19:53:26.965Z",
            "bag": "58889dbe-d805-43db-9b44-9d221e1ff980",
            "to_node": 3,
            "from_node": "5",
            "status": "Requested",
            "bag_valid": null,
            "link": "dpn.chron@devops.sdr.org:outbound/005e7793-8253-4585-7118-2da702e29aa0.tar",
            "updated_at": "2015-05-22T20:37:29.331Z",
            "fixity_accept": null,
            "fixity_value": "",
            "protocol": "R",
            "fixity_algorithm": "sha256"
        }
    },
    {
        "pk": 10,
        "model": "data.replicationtransfer",
        "fields": {
            "fixity_nonce": "",
            "replication_id": "sdr-10",
            "created_at": "2015-05-22T19:53:53.202Z",
            "bag": "f679963e-eac7-47e7-b564-2159cc3d2440",
            "to_node": 3,
            "from_node": "5",
            "status": "Requested",
            "bag_valid": null,
            "link": "dpn.chron@devops.sdr.org:outbound/41e5376c-cc13-4c3e-6af3-297cc2e005aa.tar",
            "updated_at": "2015-05-22T20:37:19.193Z",
            "fixity_accept": null,
            "fixity_value": "",
            "protocol": "R",
            "fixity_algorithm": "sha256"
        }
    },
    {
        "pk": 11,
        "model": "data.replicationtransfer",
        "fields": {
            "fixity_nonce": "",
            "replication_id": "sdr-11",
            "created_at": "2015-05-22T19:54:22.781Z",
            "bag": "306cd851-0cf0-44e0-af9f-7a465db4221d",
            "to_node": 3,
            "from_node": "5",
            "status": "Requested",
            "bag_valid": null,
            "link": "dpn.chron@devops.sdr.org:outbound/8839f294-c7c0-404d-4467-7ab223ff461b.tar",
            "updated_at": "2015-05-22T20:37:09.977Z",
            "fixity_accept": null,
            "fixity_value": "",
            "protocol": "R",
            "fixity_algorithm": "sha256"
        }
    },
    {
        "pk": 12,
        "model": "data.replicationtransfer",
        "fields": {
            "fixity_nonce": "",
            "replication_id": "sdr-12",
            "created_at": "2015-05-22T19:54:46.423Z",
            "bag": "76bf66de-d9ad-46b9-8df6-dc38a42dc9bb",
            "to_node": 3,
            "from_node": "5",
            "status": "Requested",
            "bag_valid": null,
            "link": "dpn.chron@devops.sdr.org:outbound/06edc30f-af04-4a4e-4ad6-3c679a195d46.tar",
            "updated_at": "2015-05-22T20:37:00.601Z",
            "fixity_accept": null,
            "fixity_value": "",
            "protocol": "R",
            "fixity_algorithm": "sha256"
        }
    },
    {
        "pk": 13,
        "model": "data.replicationtransfer",
        "fields": {
            "fixity_nonce": "",
            "replication_id": "sdr-13",
            "created_at": "2015-05-22T19:55:04.597Z",
            "bag": "67952f84-a2f2-4b9c-a6c3-0922b4842296",
            "to_node": 2,
            "from_node": "5",
            "status": "Requested",
            "bag_valid": null,
            "link": "dpn.hathi@devops.sdr.org:outbound/472218b3-95ce-4b8e-6c21-6e514cfbe43f.tar",
            "updated_at": "2015-05-22T20:36:50.800Z",
            "fixity_accept": null,
            "fixity_value": "",
            "protocol": "R",
            "fixity_algorithm": "sha256"
        }
    },
    {
        "pk": 14,
        "model": "data.replicationtransfer",
        "fields": {
            "fixity_nonce": "",
            "replication_id": "sdr-14",
            "created_at": "2015-05-22T19:55:22.456Z",
            "bag": "6d3fc81a-6aca-4843-a3df-28b0790eb8fe",
            "to_node": 2,
            "from_node": "5",
            "status": "Requested",
            "bag_valid": null,
            "link": "dpn.hathi@devops.sdr.org:outbound/4d11736c-c0ab-44b0-66c6-a947f414d4f1.tar",
            "updated_at": "2015-05-22T20:36:41.319Z",
            "fixity_accept": null,
            "fixity_value": "",
            "protocol": "R",
            "fixity_algorithm": "sha256"
        }
    },
    {
        "pk": 15,
        "model": "data.replicationtransfer",
        "fields": {
            "fixity_nonce": "",
            "replication_id": "sdr-15",
            "created_at": "2015-05-22T19:55:39.498Z",
            "bag": "58889dbe-d805-43db-9b44-9d221e1ff980",
            "to_node": 2,
            "from_node": "5",
            "status": "Requested",
            "bag_valid": null,
            "link": "dpn.hathi@devops.sdr.org:outbound/005e7793-8253-4585-7118-2da702e29aa0.tar",
            "updated_at": "2015-05-22T20:36:32.965Z",
            "fixity_accept": null,
            "fixity_value": "",
            "protocol": "R",
            "fixity_algorithm": "sha256"
        }
    },
    {
        "pk": 16,
        "model": "data.replicationtransfer",
        "fields": {
            "fixity_nonce": "",
            "replication_id": "sdr-16",
            "created_at": "2015-05-22T19:55:56.121Z",
            "bag": "f679963e-eac7-47e7-b564-2159cc3d2440",
            "to_node": 2,
            "from_node": "5",
            "status": "Requested",
            "bag_valid": null,
            "link": "dpn.hathi@devops.sdr.org:outbound/41e5376c-cc13-4c3e-6af3-297cc2e005aa.tar",
            "updated_at": "2015-05-22T20:36:23.461Z",
            "fixity_accept": null,
            "fixity_value": "",
            "protocol": "R",
            "fixity_algorithm": "sha256"
        }
    },
    {
        "pk": 17,
        "model": "data.replicationtransfer",
        "fields": {
            "fixity_nonce": "",
            "replication_id": "sdr-17",
            "created_at": "2015-05-22T19:56:15.190Z",
            "bag": "306cd851-0cf0-44e0-af9f-7a465db4221d",
            "to_node": 2,
            "from_node": "5",
            "status": "Requested",
            "bag_valid": null,
            "link": "dpn.hathi@devops.sdr.org:outbound/8839f294-c7c0-404d-4467-7ab223ff461b.tar",
            "updated_at": "2015-05-22T20:36:13.376Z",
            "fixity_accept": null,
            "fixity_value": "",
            "protocol": "R",
            "fixity_algorithm": "sha256"
        }
    },
    {
        "pk": 18,
        "model": "data.replicationtransfer",
        "fields": {
            "fixity_nonce": "",
            "replication_id": "sdr-18",
            "created_at": "2015-05-22T19:56:33.495Z",
            "bag": "76bf66de-d9ad-46b9-8df6-dc38a42dc9bb",
            "to_node": 2,
            "from_node": "5",
            "status": "Requested",
            "bag_valid": null,
            "link": "dpn.hathi@devops.sdr.org:outbound/06edc30f-af04-4a4e-4ad6-3c679a195d46.tar",
            "updated_at": "2015-05-22T20:35:59.506Z",
            "fixity_accept": null,
            "fixity_value": "",
            "protocol": "R",
            "fixity_algorithm": "sha256"
        }
    },
    {
        "pk": 19,
        "model": "data.replicationtransfer",
        "fields": {
            "fixity_nonce": "",
            "replication_id": "sdr-19",
            "created_at": "2015-05-22T19:58:45.141Z",
            "bag": "67952f84-a2f2-4b9c-a6c3-0922b4842296",
            "to_node": 5,
            "from_node": "5",
            "status": "Requested",
            "bag_valid": null,
            "link": "dpn.sdr@devops.sdr.org:outbound/472218b3-95ce-4b8e-6c21-6e514cfbe43f.tar",
            "updated_at": "2015-05-22T20:35:51.999Z",
            "fixity_accept": null,
            "fixity_value": "",
            "protocol": "R",
            "fixity_algorithm": "sha256"
        }
    },
    {
        "pk": 20,
        "model": "data.replicationtransfer",
        "fields": {
            "fixity_nonce": "",
            "replication_id": "sdr-20",
            "created_at": "2015-05-22T19:59:00.615Z",
            "bag": "6d3fc81a-6aca-4843-a3df-28b0790eb8fe",
            "to_node": 5,
            "from_node": "5",
            "status": "Requested",
            "bag_valid": null,
            "link": "dpn.sdr@devops.sdr.org:outbound/4d11736c-c0ab-44b0-66c6-a947f414d4f1.tar",
            "updated_at": "2015-05-22T20:35:44.029Z",
            "fixity_accept": null,
            "fixity_value": "",
            "protocol": "R",
            "fixity_algorithm": "sha256"
        }
    },
    {
        "pk": 21,
        "model": "data.replicationtransfer",
        "fields": {
            "fixity_nonce": "",
            "replication_id": "sdr-21",
            "created_at": "2015-05-22T19:59:17.197Z",
            "bag": "58889dbe-d805-43db-9b44-9d221e1ff980",
            "to_node": 5,
            "from_node": "5",
            "status": "Requested",
            "bag_valid": null,
            "link": "dpn.sdr@devops.sdr.org:outbound/005e7793-8253-4585-7118-2da702e29aa0.tar",
            "updated_at": "2015-05-22T20:35:32.192Z",
            "fixity_accept": null,
            "fixity_value": "",
            "protocol": "R",
            "fixity_algorithm": "sha256"
        }
    },
    {
        "pk": 22,
        "model": "data.replicationtransfer",
        "fields": {
            "fixity_nonce": "",
            "replication_id": "sdr-22",
            "created_at": "2015-05-22T19:59:34.479Z",
            "bag": "f679963e-eac7-47e7-b564-2159cc3d2440",
            "to_node": 5,
            "from_node": "5",
            "status": "Requested",
            "bag_valid": null,
            "link": "dpn.sdr@devops.sdr.org:outbound/41e5376c-cc13-4c3e-6af3-297cc2e005aa.tar",
            "updated_at": "2015-05-22T20:35:24.670Z",
            "fixity_accept": null,
            "fixity_value": "",
            "protocol": "R",
            "fixity_algorithm": "sha256"
        }
    },
    {
        "pk": 23,
        "model": "data.replicationtransfer",
        "fields": {
            "fixity_nonce": "",
            "replication_id": "sdr-23",
            "created_at": "2015-05-22T19:59:54.032Z",
            "bag": "306cd851-0cf0-44e0-af9f-7a465db4221d",
            "to_node": 5,
            "from_node": "5",
            "status": "Requested",
            "bag_valid": null,
            "link": "dpn.sdr@devops.sdr.org:outbound/8839f294-c7c0-404d-4467-7ab223ff461b.tar",
            "updated_at": "2015-05-22T20:35:14.862Z",
            "fixity_accept": null,
            "fixity_value": "",
            "protocol": "R",
            "fixity_algorithm": "sha256"
        }
    },
    {
        "pk": 24,
        "model": "data.replicationtransfer",
        "fields": {
            "fixity_nonce": "",
            "replication_id": "sdr-24",
            "created_at": "2015-05-22T20:00:12.597Z",
            "bag": "76bf66de-d9ad-46b9-8df6-dc38a42dc9bb",
            "to_node": 5,
            "from_node": "5",
            "status": "Requested",
            "bag_valid": null,
            "link": "dpn.sdr@devops.sdr.org:outbound/06edc30f-af04-4a4e-4ad6-3c679a195d46.tar",
            "updated_at": "2015-05-22T20:35:04.963Z",
            "fixity_accept": null,
            "fixity_value": "",
            "protocol": "R",
            "fixity_algorithm": "sha256"
        }
    },
    {
        "pk": 1,
        "model": "data.restoretransfer",
        "fields": {
            "restore_id": "sdr-1",
            "from_node": 4,
            "link": "rsync://mnt/staging/41e5376c-cc13-4c3e-6af3-297cc2e005aa.tar",
            "created_at": "2015-06-01T19:07:53.917Z",
            "bag": "f679963e-eac7-47e7-b564-2159cc3d2440",
            "to_node": "5",
            "updated_at": "2015-06-01T19:07:53.918Z",
            "protocol": "R",
            "status": "Requested"
        }
    },
    {
        "pk": 2,
        "model": "data.restoretransfer",
        "fields": {
            "restore_id": "sdr-2",
            "from_node": 3,
            "link": "rsync://mnt/staging/06edc30f-af04-4a4e-4ad6-3c679a195d46.tar",
            "created_at": "2015-06-01T19:07:53.951Z",
            "bag": "76bf66de-d9ad-46b9-8df6-dc38a42dc9bb",
            "to_node": "5",
            "updated_at": "2015-06-01T19:15:14.867Z",
            "protocol": "R",
            "status": "Requested"
        }
    },
    {
        "pk": 3,
        "model": "data.restoretransfer",
        "fields": {
            "restore_id": "sdr-3",
            "from_node": 4,
            "link": "rsync://mnt/staging/6029850a-b6a3-4c77-8c7a-606170ea9f95.tar",
            "created_at": "2015-06-01T19:09:16.090Z",
            "bag": "afc25997-471f-46e3-baf6-4ae0caa75cd2",
            "to_node": "5",
            "updated_at": "2015-06-01T19:09:16.091Z",
            "protocol": "R",
            "status": "Requested"
        }
    },
    {
        "pk": 4,
        "model": "data.restoretransfer",
        "fields": {
            "restore_id": "sdr-4",
            "from_node": 3,
            "link": "rsync://mnt/staging/472218b3-95ce-4b8e-6c21-6e514cfbe43f.tar",
            "created_at": "2015-06-01T19:09:16.123Z",
            "bag": "67952f84-a2f2-4b9c-a6c3-0922b4842296",
            "to_node": "5",
            "updated_at": "2015-06-01T19:15:59.535Z",
            "protocol": "R",
            "status": "Requested"
        }
    },
    {
        "pk": 1,
        "model": "auth.permission",
        "fields": {
            "codename": "add_logentry",
            "content_type": 1,
            "name": "Can add log entry"
        }
    },
    {
        "pk": 2,
        "model": "auth.permission",
        "fields": {
            "codename": "change_logentry",
            "content_type": 1,
            "name": "Can change log entry"
        }
    },
    {
        "pk": 3,
        "model": "auth.permission",
        "fields": {
            "codename": "delete_logentry",
            "content_type": 1,
            "name": "Can delete log entry"
        }
    },
    {
        "pk": 4,
        "model": "auth.permission",
        "fields": {
            "codename": "add_permission",
            "content_type": 2,
            "name": "Can add permission"
        }
    },
    {
        "pk": 5,
        "model": "auth.permission",
        "fields": {
            "codename": "change_permission",
            "content_type": 2,
            "name": "Can change permission"
        }
    },
    {
        "pk": 6,
        "model": "auth.permission",
        "fields": {
            "codename": "delete_permission",
            "content_type": 2,
            "name": "Can delete permission"
        }
    },
    {
        "pk": 7,
        "model": "auth.permission",
        "fields": {
            "codename": "add_group",
            "content_type": 3,
            "name": "Can add group"
        }
    },
    {
        "pk": 8,
        "model": "auth.permission",
        "fields": {
            "codename": "change_group",
            "content_type": 3,
            "name": "Can change group"
        }
    },
    {
        "pk": 9,
        "model": "auth.permission",
        "fields": {
            "codename": "delete_group",
            "content_type": 3,
            "name": "Can delete group"
        }
    },
    {
        "pk": 10,
        "model": "auth.permission",
        "fields": {
            "codename": "add_user",
            "content_type": 4,
            "name": "Can add user"
        }
    },
    {
        "pk": 11,
        "model": "auth.permission",
        "fields": {
            "codename": "change_user",
            "content_type": 4,
            "name": "Can change user"
        }
    },
    {
        "pk": 12,
        "model": "auth.permission",
        "fields": {
            "codename": "delete_user",
            "content_type": 4,
            "name": "Can delete user"
        }
    },
    {
        "pk": 13,
        "model": "auth.permission",
        "fields": {
            "codename": "add_contenttype",
            "content_type": 5,
            "name": "Can add content type"
        }
    },
    {
        "pk": 14,
        "model": "auth.permission",
        "fields": {
            "codename": "change_contenttype",
            "content_type": 5,
            "name": "Can change content type"
        }
    },
    {
        "pk": 15,
        "model": "auth.permission",
        "fields": {
            "codename": "delete_contenttype",
            "content_type": 5,
            "name": "Can delete content type"
        }
    },
    {
        "pk": 16,
        "model": "auth.permission",
        "fields": {
            "codename": "add_session",
            "content_type": 6,
            "name": "Can add session"
        }
    },
    {
        "pk": 17,
        "model": "auth.permission",
        "fields": {
            "codename": "change_session",
            "content_type": 6,
            "name": "Can change session"
        }
    },
    {
        "pk": 18,
        "model": "auth.permission",
        "fields": {
            "codename": "delete_session",
            "content_type": 6,
            "name": "Can delete session"
        }
    },
    {
        "pk": 19,
        "model": "auth.permission",
        "fields": {
            "codename": "add_token",
            "content_type": 7,
            "name": "Can add token"
        }
    },
    {
        "pk": 20,
        "model": "auth.permission",
        "fields": {
            "codename": "change_token",
            "content_type": 7,
            "name": "Can change token"
        }
    },
    {
        "pk": 21,
        "model": "auth.permission",
        "fields": {
            "codename": "delete_token",
            "content_type": 7,
            "name": "Can delete token"
        }
    },
    {
        "pk": 22,
        "model": "auth.permission",
        "fields": {
            "codename": "add_protocol",
            "content_type": 8,
            "name": "Can add protocol"
        }
    },
    {
        "pk": 23,
        "model": "auth.permission",
        "fields": {
            "codename": "change_protocol",
            "content_type": 8,
            "name": "Can change protocol"
        }
    },
    {
        "pk": 24,
        "model": "auth.permission",
        "fields": {
            "codename": "delete_protocol",
            "content_type": 8,
            "name": "Can delete protocol"
        }
    },
    {
        "pk": 25,
        "model": "auth.permission",
        "fields": {
            "codename": "add_fixityalgorithm",
            "content_type": 9,
            "name": "Can add fixity algorithm"
        }
    },
    {
        "pk": 26,
        "model": "auth.permission",
        "fields": {
            "codename": "change_fixityalgorithm",
            "content_type": 9,
            "name": "Can change fixity algorithm"
        }
    },
    {
        "pk": 27,
        "model": "auth.permission",
        "fields": {
            "codename": "delete_fixityalgorithm",
            "content_type": 9,
            "name": "Can delete fixity algorithm"
        }
    },
    {
        "pk": 28,
        "model": "auth.permission",
        "fields": {
            "codename": "add_node",
            "content_type": 10,
            "name": "Can add node"
        }
    },
    {
        "pk": 29,
        "model": "auth.permission",
        "fields": {
            "codename": "change_node",
            "content_type": 10,
            "name": "Can change node"
        }
    },
    {
        "pk": 30,
        "model": "auth.permission",
        "fields": {
            "codename": "delete_node",
            "content_type": 10,
            "name": "Can delete node"
        }
    },
    {
        "pk": 31,
        "model": "auth.permission",
        "fields": {
            "codename": "add_storage",
            "content_type": 11,
            "name": "Can add storage"
        }
    },
    {
        "pk": 32,
        "model": "auth.permission",
        "fields": {
            "codename": "change_storage",
            "content_type": 11,
            "name": "Can change storage"
        }
    },
    {
        "pk": 33,
        "model": "auth.permission",
        "fields": {
            "codename": "delete_storage",
            "content_type": 11,
            "name": "Can delete storage"
        }
    },
    {
        "pk": 34,
        "model": "auth.permission",
        "fields": {
            "codename": "add_bag",
            "content_type": 12,
            "name": "Can add bag"
        }
    },
    {
        "pk": 35,
        "model": "auth.permission",
        "fields": {
            "codename": "change_bag",
            "content_type": 12,
            "name": "Can change bag"
        }
    },
    {
        "pk": 36,
        "model": "auth.permission",
        "fields": {
            "codename": "delete_bag",
            "content_type": 12,
            "name": "Can delete bag"
        }
    },
    {
        "pk": 37,
        "model": "auth.permission",
        "fields": {
            "codename": "add_fixity",
            "content_type": 13,
            "name": "Can add fixity"
        }
    },
    {
        "pk": 38,
        "model": "auth.permission",
        "fields": {
            "codename": "change_fixity",
            "content_type": 13,
            "name": "Can change fixity"
        }
    },
    {
        "pk": 39,
        "model": "auth.permission",
        "fields": {
            "codename": "delete_fixity",
            "content_type": 13,
            "name": "Can delete fixity"
        }
    },
    {
        "pk": 40,
        "model": "auth.permission",
        "fields": {
            "codename": "add_replicationtransfer",
            "content_type": 14,
            "name": "Can add replication transfer"
        }
    },
    {
        "pk": 41,
        "model": "auth.permission",
        "fields": {
            "codename": "change_replicationtransfer",
            "content_type": 14,
            "name": "Can change replication transfer"
        }
    },
    {
        "pk": 42,
        "model": "auth.permission",
        "fields": {
            "codename": "delete_replicationtransfer",
            "content_type": 14,
            "name": "Can delete replication transfer"
        }
    },
    {
        "pk": 43,
        "model": "auth.permission",
        "fields": {
            "codename": "add_restoretransfer",
            "content_type": 15,
            "name": "Can add restore transfer"
        }
    },
    {
        "pk": 44,
        "model": "auth.permission",
        "fields": {
            "codename": "change_restoretransfer",
            "content_type": 15,
            "name": "Can change restore transfer"
        }
    },
    {
        "pk": 45,
        "model": "auth.permission",
        "fields": {
            "codename": "delete_restoretransfer",
            "content_type": 15,
            "name": "Can delete restore transfer"
        }
    },
    {
        "pk": 46,
        "model": "auth.permission",
        "fields": {
            "codename": "add_userprofile",
            "content_type": 16,
            "name": "Can add user profile"
        }
    },
    {
        "pk": 47,
        "model": "auth.permission",
        "fields": {
            "codename": "change_userprofile",
            "content_type": 16,
            "name": "Can change user profile"
        }
    },
    {
        "pk": 48,
        "model": "auth.permission",
        "fields": {
            "codename": "delete_userprofile",
            "content_type": 16,
            "name": "Can delete user profile"
        }
    },
    {
        "pk": 1,
        "model": "auth.group",
        "fields": {
            "permissions": [
                41,
                44
            ],
            "name": "api_users"
        }
    },
    {
        "pk": 2,
        "model": "auth.group",
        "fields": {
            "permissions": [
                34,
                35,
                37,
                28,
                29,
                40,
                41,
                43,
                44
            ],
            "name": "api_admins"
        }
    },
    {
        "pk": 1,
        "model": "auth.user",
        "fields": {
            "first_name": "",
            "is_superuser": true,
            "password": "pbkdf2_sha256$15000$Klz2TFoxY8xE$/I58ocVVFVI2xLCEfaCS0BJXEuKbCMSu7nmBAPENGXo=",
            "email": "andrew.diamond@aptrust.org",
            "is_staff": true,
            "groups": [
                2
            ],
            "is_active": true,
            "last_login": "2015-06-05T14:46:20.744Z",
            "username": "andrew.diamond@aptrust.org",
            "date_joined": "2015-05-04T17:27:12Z",
            "last_name": "",
            "user_permissions": []
        }
    },
    {
        "pk": 2,
        "model": "auth.user",
        "fields": {
            "first_name": "",
            "is_superuser": false,
            "password": "pbkdf2_sha256$15000$Vjhj7WKEdpQ6$SqeAlTHG9ViWwlWjt0ETYLFIN97WjOBb5uOb9x3hBSE=",
            "email": "",
            "is_staff": false,
            "groups": [
                1
            ],
            "is_active": true,
            "last_login": "2015-05-04T17:30:31Z",
            "username": "chron_user",
            "date_joined": "2015-05-04T17:30:31Z",
            "last_name": "",
            "user_permissions": []
        }
    },
    {
        "pk": 3,
        "model": "auth.user",
        "fields": {
            "first_name": "",
            "is_superuser": false,
            "password": "pbkdf2_sha256$15000$6QXSo1C11nc9$C+Dult7lXQtHbHYeJmwqzbyUuCXeF6acDPNtmy9eVqo=",
            "email": "",
            "is_staff": false,
            "groups": [
                1
            ],
            "is_active": true,
            "last_login": "2015-05-04T17:30:42Z",
            "username": "hathi_user",
            "date_joined": "2015-05-04T17:30:42Z",
            "last_name": "",
            "user_permissions": []
        }
    },
    {
        "pk": 4,
        "model": "auth.user",
        "fields": {
            "first_name": "",
            "is_superuser": false,
            "password": "pbkdf2_sha256$15000$as2Swb1GL41J$RKGTkc9PtK5lVvqQ+lIgYI0N9EXxbbbiBq7OTausqiA=",
            "email": "",
            "is_staff": false,
            "groups": [
                1
            ],
            "is_active": true,
            "last_login": "2015-05-04T17:31:13Z",
            "username": "sdr_user",
            "date_joined": "2015-05-04T17:31:13Z",
            "last_name": "",
            "user_permissions": []
        }
    },
    {
        "pk": 5,
        "model": "auth.user",
        "fields": {
            "first_name": "",
            "is_superuser": false,
            "password": "pbkdf2_sha256$15000$vuhkbKTdL7Y2$73CBo5jQEpVmVLmwshbbTYX4aQNuHm4DOA8b/HW6O8w=",
            "email": "",
            "is_staff": false,
            "groups": [
                1
            ],
            "is_active": true,
            "last_login": "2015-05-04T17:31:28Z",
            "username": "tdr_user",
            "date_joined": "2015-05-04T17:31:28Z",
            "last_name": "",
            "user_permissions": []
        }
    },
    {
        "pk": 6,
        "model": "auth.user",
        "fields": {
            "first_name": "",
            "is_superuser": true,
            "password": "pbkdf2_sha256$15000$Quw05XjFKquA$/07Iz2oNKFAYdmG+FOqH5AVtpCc59sQAHuSFBEZrZnE=",
            "email": "",
            "is_staff": true,
            "groups": [
                2
            ],
            "is_active": true,
            "last_login": "2015-05-04T17:32:19Z",
            "username": "aptrust_user",
            "date_joined": "2015-05-04T17:32:19Z",
            "last_name": "",
            "user_permissions": []
        }
    },
    {
        "pk": "4444444444444444444444444444444444444444",
        "model": "authtoken.token",
        "fields": {
            "user": 4,
            "created": "2015-05-04T17:32:48.340Z"
        }
    },
    {
        "pk": "2222222222222222222222222222222222222222",
        "model": "authtoken.token",
        "fields": {
            "user": 2,
            "created": "2015-05-04T17:32:02.226Z"
        }
    },
    {
        "pk": "5555555555555555555555555555555555555555",
        "model": "authtoken.token",
        "fields": {
            "user": 5,
            "created": "2015-05-04T17:32:51.887Z"
        }
    },
    {
        "pk": "3333333333333333333333333333333333333333",
        "model": "authtoken.token",
        "fields": {
            "user": 3,
            "created": "2015-05-04T17:32:44.335Z"
        }
    },
    {
        "pk": "6666666666666666666666666666666666666666",
        "model": "authtoken.token",
        "fields": {
            "user": 6,
            "created": "2015-05-04T17:32:40.676Z"
        }
    },
    {
        "pk": 1,
        "model": "data.userprofile",
        "fields": {
            "user": 1,
            "node": 1
        }
    },
    {
        "pk": 2,
        "model": "data.userprofile",
        "fields": {
            "user": 2,
            "node": 3
        }
    },
    {
        "pk": 3,
        "model": "data.userprofile",
        "fields": {
            "user": 3,
            "node": 2
        }
    },
    {
        "pk": 4,
        "model": "data.userprofile",
        "fields": {
            "user": 4,
            "node": 5
        }
    },
    {
        "pk": 5,
        "model": "data.userprofile",
        "fields": {
            "user": 5,
            "node": 4
        }
    },
    {
        "pk": 6,
        "model": "data.userprofile",
        "fields": {
            "user": 6,
            "node": 1
        }
    },
    {
        "pk": 7,
        "model": "auth.user",
        "fields": {
            "first_name": "sdr",
            "is_superuser": true,
            "password": "pbkdf2_sha256$15000$Klz2TFoxY8xE$/I58ocVVFVI2xLCEfaCS0BJXEuKbCMSu7nmBAPENGXo=",
            "email": "sdr_admin@aptrust.org",
            "is_staff": true,
            "groups": [
                2
            ],
            "is_active": true,
            "last_login": "2015-06-05T14:46:20.744Z",
            "username": "sdr_admin",
            "date_joined": "2015-05-04T17:27:12Z",
            "last_name": "admin",
            "user_permissions": []
        }
    },
    {
        "pk": "0000000000000000000000000000000000000000",
        "model": "authtoken.token",
        "fields": {
            "user": 7,
            "created": "2015-05-04T17:32:48.340Z"
        }
    },
    {
        "pk": 7,
        "model": "data.userprofile",
        "fields": {
            "user": 7,
            "node": "5"
        }
    }
]
