[
    {
        "model": "contenttypes.contenttype",
        "fields": {
            "name": "log entry",
            "app_label": "admin",
            "model": "logentry"
        },
        "pk": 1
    },
    {
        "model": "contenttypes.contenttype",
        "fields": {
            "name": "permission",
            "app_label": "auth",
            "model": "permission"
        },
        "pk": 2
    },
    {
        "model": "contenttypes.contenttype",
        "fields": {
            "name": "group",
            "app_label": "auth",
            "model": "group"
        },
        "pk": 3
    },
    {
        "model": "contenttypes.contenttype",
        "fields": {
            "name": "user",
            "app_label": "auth",
            "model": "user"
        },
        "pk": 4
    },
    {
        "model": "contenttypes.contenttype",
        "fields": {
            "name": "content type",
            "app_label": "contenttypes",
            "model": "contenttype"
        },
        "pk": 5
    },
    {
        "model": "contenttypes.contenttype",
        "fields": {
            "name": "session",
            "app_label": "sessions",
            "model": "session"
        },
        "pk": 6
    },
    {
        "model": "contenttypes.contenttype",
        "fields": {
            "name": "token",
            "app_label": "authtoken",
            "model": "token"
        },
        "pk": 7
    },
    {
        "model": "contenttypes.contenttype",
        "fields": {
            "name": "protocol",
            "app_label": "data",
            "model": "protocol"
        },
        "pk": 8
    },
    {
        "model": "contenttypes.contenttype",
        "fields": {
            "name": "fixity algorithm",
            "app_label": "data",
            "model": "fixityalgorithm"
        },
        "pk": 9
    },
    {
        "model": "contenttypes.contenttype",
        "fields": {
            "name": "node",
            "app_label": "data",
            "model": "node"
        },
        "pk": 10
    },
    {
        "model": "contenttypes.contenttype",
        "fields": {
            "name": "storage",
            "app_label": "data",
            "model": "storage"
        },
        "pk": 11
    },
    {
        "model": "contenttypes.contenttype",
        "fields": {
            "name": "bag",
            "app_label": "data",
            "model": "bag"
        },
        "pk": 12
    },
    {
        "model": "contenttypes.contenttype",
        "fields": {
            "name": "fixity",
            "app_label": "data",
            "model": "fixity"
        },
        "pk": 13
    },
    {
        "model": "contenttypes.contenttype",
        "fields": {
            "name": "replication transfer",
            "app_label": "data",
            "model": "replicationtransfer"
        },
        "pk": 14
    },
    {
        "model": "contenttypes.contenttype",
        "fields": {
            "name": "restore transfer",
            "app_label": "data",
            "model": "restoretransfer"
        },
        "pk": 15
    },
    {
        "model": "contenttypes.contenttype",
        "fields": {
            "name": "user profile",
            "app_label": "data",
            "model": "userprofile"
        },
        "pk": 16
    },
    {
        "model": "sessions.session",
        "fields": {
            "expire_date": "2015-06-11T15:27:32.973Z",
            "session_data": "NTg2OGYzZGY0ZDg4NzgzMmJhNjc1ZmI1YTVkNTU4NjQ5OTI4ZWI0Zjp7fQ=="
        },
        "pk": "avyqv3v2o241jaeubjgrqxhvuusq5869"
    },
    {
        "model": "sessions.session",
        "fields": {
            "expire_date": "2015-06-11T15:37:38.369Z",
            "session_data": "NGQ0M2M5Y2VmYTdmYTU1N2Q3ODY4YTcyYWYwZTI3ZTY0MWViOTIzZjp7Il9hdXRoX3VzZXJfaGFzaCI6IjYyNzc0ZDEzNjU5ZDNmMjMzZjU1YTU0ZmIyMTFkN2QxY2I4Y2EyMTAiLCJfYXV0aF91c2VyX2lkIjoxLCJfYXV0aF91c2VyX2JhY2tlbmQiOiJkamFuZ28uY29udHJpYi5hdXRoLmJhY2tlbmRzLk1vZGVsQmFja2VuZCJ9"
        },
        "pk": "mwq5wdy13bdicy3q0aa81fxgds57io1s"
    },
    {
        "model": "sessions.session",
        "fields": {
            "expire_date": "2015-06-19T14:46:20.746Z",
            "session_data": "MTdjM2MwMDhiMjk3ZTkzNzZhNzQ2NjJhYjY0ZDI3Nzc0MzE3OTc2ZTp7Il9hdXRoX3VzZXJfaWQiOjEsIl9hdXRoX3VzZXJfaGFzaCI6IjJiOThkZjg4NWFkZTBkNjM1MzAyNWQ4ZWUxNThmMzM4YTUyMzQxMDIiLCJfYXV0aF91c2VyX2JhY2tlbmQiOiJkamFuZ28uY29udHJpYi5hdXRoLmJhY2tlbmRzLk1vZGVsQmFja2VuZCJ9"
        },
        "pk": "r7qvyc2j5b61anwkwkdjycjo4ooi6tw6"
    },
    {
        "model": "sessions.session",
        "fields": {
            "expire_date": "2015-05-18T17:28:10.868Z",
            "session_data": "MjZlYmU4OTIyYmE0ZDk1NDgxZWI2OTg4N2FjYWQ5NTJjMjQ0NmE0Njp7Il9hdXRoX3VzZXJfaWQiOjEsIl9hdXRoX3VzZXJfYmFja2VuZCI6ImRqYW5nby5jb250cmliLmF1dGguYmFja2VuZHMuTW9kZWxCYWNrZW5kIiwiX2F1dGhfdXNlcl9oYXNoIjoiNjI3NzRkMTM2NTlkM2YyMzNmNTVhNTRmYjIxMWQ3ZDFjYjhjYTIxMCJ9"
        },
        "pk": "u2vcbildcyb30u58brkxt5dt3klydizn"
    },
    {
        "model": "data.protocol",
        "fields": {},
        "pk": "rsync"
    },
    {
        "model": "data.fixityalgorithm",
        "fields": {},
        "pk": "sha256"
    },
    {
        "model": "data.node",
        "fields": {
            "restore_from": [
                2,
                3,
                4,
                5
            ],
            "api_root": "https://devops.aptrust.org/dpnode/",
            "last_pull_date": null,
            "replicate_from": [
                2,
                3,
                4,
                5
            ],
            "name": "APTrust",
            "ssh_username": "dpn.aptrust",
            "updated_at": "2015-05-22T19:31:13.235Z",
            "ssh_pubkey": "",
            "restore_to": [
                2,
                3,
                4,
                5
            ],
            "fixity_algorithms": [
                "sha256"
            ],
            "protocols": [
                "rsync"
            ],
            "replicate_to": [
                3,
                4
            ],
            "namespace": "aptrust",
            "created_at": "2015-05-04T17:34:41.782Z"
        },
        "pk": 1
    },
    {
        "model": "data.node",
        "fields": {
            "restore_from": [
                1,
                3,
                4,
                5
            ],
            "api_root": "https://dpn.hathitrust.org/dpnrest/",
            "last_pull_date": null,
            "replicate_from": [
                1,
                3,
                4,
                5
            ],
            "name": "Hathi Trust",
            "ssh_username": "dpn.hathi",
            "updated_at": "2015-05-22T19:31:06.857Z",
            "ssh_pubkey": "",
            "restore_to": [
                1,
                3,
                4,
                5
            ],
            "fixity_algorithms": [
                "sha256"
            ],
            "protocols": [
                "rsync"
            ],
            "replicate_to": [
                1,
                3,
                4
            ],
            "namespace": "hathi",
            "created_at": "2015-05-04T17:36:16.462Z"
        },
        "pk": 2
    },
    {
        "model": "data.node",
        "fields": {
            "restore_from": [
                1,
                2,
                4,
                5
            ],
            "api_root": "https://chronopolis01.umiacs.umd.edu/",
            "last_pull_date": null,
            "replicate_from": [
                1,
                2,
                4,
                5
            ],
            "name": "Chronopolis",
            "ssh_username": "dpn.chron",
            "updated_at": "2015-05-22T19:31:00.048Z",
            "ssh_pubkey": "",
            "restore_to": [
                1,
                2,
                4,
                5
            ],
            "fixity_algorithms": [
                "sha256"
            ],
            "protocols": [
                "rsync"
            ],
            "replicate_to": [
                1,
                4
            ],
            "namespace": "chron",
            "created_at": "2015-05-04T17:36:47.116Z"
        },
        "pk": 3
    },
    {
        "model": "data.node",
        "fields": {
            "restore_from": [
                1,
                2,
                3,
                5
            ],
            "api_root": "https://rest.lib.utexas.edu/",
            "last_pull_date": null,
            "replicate_from": [
                1,
                2,
                3,
                5
            ],
            "name": "TDR",
            "ssh_username": "dpn.tdr",
            "updated_at": "2015-05-22T19:30:53.523Z",
            "ssh_pubkey": "ssh-rsa AAAAB3NzaC1yc2EAAAADAQABAAABAQCs/ZRcJQhegudN7jWEbW7jUJuMtiIruhNeiLOUXQwfZ4tV4ksOFribYLHnFaTTPtPVFtkt6Rsc+4h9FfqPE83QXKFucJ3DYAmW0/baYbzOmdEn+EsajiDQA4B/mCbjfiFTHK0bLsYshCx+jfcRmKzgMHbj5qoW8Dy8IK0TR+iA+KyPLaZPoXB+jb7xlF8lKppsvNfZzebMGqvO3XMGM0QIVKzmJEOg8QBCUl4hPxRApwLc5UJz2up/nhO4g3Yv6Uh1/IGpxZopCF9Svl3rQNPyu43rsWuyF/R0tu0saVCb/e21L9ZUG3jb2BOmRIPozwPgpWMNFrnk3dDmcpVHc0Kp tdr@rest.lib.utexas.edu",
            "restore_to": [
                1,
                2,
                3,
                5
            ],
            "fixity_algorithms": [
                "sha256"
            ],
            "protocols": [
                "rsync"
            ],
            "replicate_to": [
                1,
                3
            ],
            "namespace": "tdr",
            "created_at": "2015-05-04T17:37:14.930Z"
        },
        "pk": 4
    },
    {
        "model": "data.node",
        "fields": {
            "restore_from": [
                1,
                2,
                3,
                4
            ],
            "api_root": "https://dpn.stanford.edu/dpnrest/",
            "last_pull_date": null,
            "replicate_from": [
                1,
                2,
                3,
                4
            ],
            "name": "SDR",
            "ssh_username": "dpn.sdr",
            "updated_at": "2015-05-22T19:30:47.386Z",
            "ssh_pubkey": "",
            "restore_to": [
                1,
                2,
                3,
                4
            ],
            "fixity_algorithms": [
                "sha256"
            ],
            "protocols": [
                "rsync"
            ],
            "replicate_to": [
                1,
                3,
                4
            ],
            "namespace": "sdr",
            "created_at": "2015-05-04T17:37:43.640Z"
        },
        "pk": 5
    },
    {
        "model": "data.storage",
        "fields": {
            "region": "CA",
            "node": 5,
            "storage_type": "Disk"
        },
        "pk": 1
    },
    {
        "model": "data.storage",
        "fields": {
            "region": "TX",
            "node": 4,
            "storage_type": "irods"
        },
        "pk": 2
    },
    {
        "model": "data.storage",
        "fields": {
            "region": "CA",
            "node": 3,
            "storage_type": "Disk"
        },
        "pk": 3
    },
    {
        "model": "data.storage",
        "fields": {
            "region": "CO",
            "node": 3,
            "storage_type": "Disk"
        },
        "pk": 4
    },
    {
        "model": "data.storage",
        "fields": {
            "region": "VA",
            "node": 1,
            "storage_type": "Amazon Glacier"
        },
        "pk": 5
    },
    {
        "model": "data.bag",
        "fields": {
            "first_version_uuid": "363e799e-1559-46e4-9395-d316928a6927",
            "local_id": "tdr_bag_1",
            "admin_node": "4",
            "rights": [],
            "updated_at": "2015-05-22T19:08:37.847Z",
            "ingest_node": "4",
            "size": 71680,
            "interpretive": [],
            "bag_type": "D",
            "created_at": "2015-05-22T19:08:37.847Z",
            "replicating_nodes": [],
            "version": 1
        },
        "pk": "363e799e-1559-46e4-9395-d316928a6927"
    },
    {
        "model": "data.bag",
        "fields": {
            "first_version_uuid": "2cffca9d-0b49-446f-b127-bc846c6e1ce9",
            "local_id": "tdr_bag_2",
            "admin_node": "4",
            "rights": [],
            "updated_at": "2015-05-22T19:08:34.295Z",
            "ingest_node": "4",
            "size": 4005888,
            "interpretive": [],
            "bag_type": "D",
            "created_at": "2015-05-22T19:08:34.295Z",
            "replicating_nodes": [],
            "version": 1
        },
        "pk": "2cffca9d-0b49-446f-b127-bc846c6e1ce9"
    },
    {
        "model": "data.bag",
        "fields": {
            "first_version_uuid": "869defa3-c128-451a-b138-8db4a72b6a13",
            "local_id": "tdr_bag_3",
            "admin_node": "4",
            "rights": [],
            "updated_at": "2015-05-22T19:08:36.599Z",
            "ingest_node": "4",
            "size": 44544,
            "interpretive": [],
            "bag_type": "D",
            "created_at": "2015-05-22T19:08:36.599Z",
            "replicating_nodes": [],
            "version": 1
        },
        "pk": "869defa3-c128-451a-b138-8db4a72b6a13"
    },
    {
        "model": "data.bag",
        "fields": {
            "first_version_uuid": "acae563f-437c-4ba6-8f5b-43330c8a785c",
            "local_id": "tdr_bag_4",
            "admin_node": "4",
            "rights": [],
            "updated_at": "2015-05-22T19:08:48.299Z",
            "ingest_node": "4",
            "size": 3974144,
            "interpretive": [],
            "bag_type": "D",
            "created_at": "2015-05-22T19:08:48.299Z",
            "replicating_nodes": [],
            "version": 1
        },
        "pk": "acae563f-437c-4ba6-8f5b-43330c8a785c"
    },
    {
        "model": "data.bag",
        "fields": {
            "first_version_uuid": "680911c0-b212-437b-afca-bdd934956802",
            "local_id": "tdr_bag_5",
            "admin_node": "4",
            "rights": [],
            "updated_at": "2015-05-22T19:08:38.798Z",
            "ingest_node": "4",
            "size": 44544,
            "interpretive": [],
            "bag_type": "D",
            "created_at": "2015-05-22T19:08:38.798Z",
            "replicating_nodes": [],
            "version": 1
        },
        "pk": "680911c0-b212-437b-afca-bdd934956802"
    },
    {
        "model": "data.bag",
        "fields": {
            "first_version_uuid": "edc66962-2283-4e48-b441-96e60015d04b",
            "local_id": "tdr_bag_6",
            "admin_node": "4",
            "rights": [],
            "updated_at": "2015-05-04T17:41:22.903Z",
            "ingest_node": "4",
            "size": 44455566,
            "interpretive": [],
            "bag_type": "D",
            "created_at": "2015-05-04T17:41:22.903Z",
            "replicating_nodes": [],
            "version": 1
        },
        "pk": "edc66962-2283-4e48-b441-96e60015d04b"
    },
    {
        "model": "data.bag",
        "fields": {
            "first_version_uuid": "8381a632-687c-4a76-9d99-d1c64be8aa1d",
            "local_id": "tdr_bag_7",
            "admin_node": "4",
            "rights": [],
            "updated_at": "2015-05-04T17:41:51.909Z",
            "ingest_node": "4",
            "size": 7766554,
            "interpretive": [],
            "bag_type": "D",
            "created_at": "2015-05-04T17:41:51.909Z",
            "replicating_nodes": [],
            "version": 1
        },
        "pk": "8381a632-687c-4a76-9d99-d1c64be8aa1d"
    },
    {
        "model": "data.bag",
        "fields": {
            "first_version_uuid": "51ba05c8-a1e9-45d9-a576-fecc732b3d6e",
            "local_id": "tdr_bag_8",
            "admin_node": "4",
            "rights": [],
            "updated_at": "2015-05-22T19:08:35.388Z",
            "ingest_node": "4",
            "size": 62464,
            "interpretive": [],
            "bag_type": "D",
            "created_at": "2015-05-22T19:08:35.388Z",
            "replicating_nodes": [],
            "version": 1
        },
        "pk": "51ba05c8-a1e9-45d9-a576-fecc732b3d6e"
    },
    {
        "model": "data.fixity",
        "fields": {
            "digest": "353fba29e2bad3101de89533eb3b5882646af1353ab3aec7e27e5c5b8e0c5b69",
            "bag": "2cffca9d-0b49-446f-b127-bc846c6e1ce9",
            "created_at": "2015-05-22T19:08:34.298Z",
            "algorithm": "sha256"
        },
        "pk": 1180
    },
    {
        "model": "data.fixity",
        "fields": {
            "digest": "e81f79fed2b4515e6a5c3f23161d0805172be1ca1f560ce29d3793cec2c79d89",
            "bag": "51ba05c8-a1e9-45d9-a576-fecc732b3d6e",
            "created_at": "2015-05-22T19:08:35.390Z",
            "algorithm": "sha256"
        },
        "pk": 1181
    },
    {
        "model": "data.fixity",
        "fields": {
            "digest": "e112ad47b3b280b92a38af2c5be38da7f04b79f4b180cbb92811f74ebc831d18",
            "bag": "869defa3-c128-451a-b138-8db4a72b6a13",
            "created_at": "2015-05-22T19:08:36.602Z",
            "algorithm": "sha256"
        },
        "pk": 1182
    },
    {
        "model": "data.fixity",
        "fields": {
            "digest": "13743e26e07afcdab0600104989c5e5de0271ed2dff61cf7804ea294060a75ac",
            "bag": "363e799e-1559-46e4-9395-d316928a6927",
            "created_at": "2015-05-22T19:08:37.850Z",
            "algorithm": "sha256"
        },
        "pk": 1183
    },
    {
        "model": "data.fixity",
        "fields": {
            "digest": "6cb820f17c147ab9cd25a8c1f2adc7cf12a8070448dba35551e9c992e409688c",
            "bag": "680911c0-b212-437b-afca-bdd934956802",
            "created_at": "2015-05-22T19:08:38.800Z",
            "algorithm": "sha256"
        },
        "pk": 1184
    },
    {
        "model": "data.fixity",
        "fields": {
            "digest": "5329a5d06216ca9effc42a6f5b7c492952334d8b188ebbdefbbd0b970ab981a3",
            "bag": "acae563f-437c-4ba6-8f5b-43330c8a785c",
            "created_at": "2015-05-22T19:08:48.301Z",
            "algorithm": "sha256"
        },
        "pk": 1185
    },
    {
        "model": "data.fixity",
        "fields": {
            "digest": "0000000000000000000000000000000000000000000000000000000000000000",
            "bag": "8381a632-687c-4a76-9d99-d1c64be8aa1d",
            "created_at": "2015-06-05T14:56:54.626Z",
            "algorithm": "sha256"
        },
        "pk": 1186
    },
    {
        "model": "data.fixity",
        "fields": {
            "digest": "9999999999999999999999999999999999999999999999999999999999999999",
            "bag": "edc66962-2283-4e48-b441-96e60015d04b",
            "created_at": "2015-06-05T14:58:37.263Z",
            "algorithm": "sha256"
        },
        "pk": 1187
    },
    {
        "model": "data.replicationtransfer",
        "fields": {
            "to_node": 4,
            "fixity_value": "",
            "fixity_nonce": "",
            "fixity_accept": null,
            "bag_valid": null,
            "from_node": "4",
            "replication_id": "tdr-1",
            "updated_at": "2015-05-28T16:15:35.884Z",
            "created_at": "2015-05-22T19:46:45.761Z",
            "protocol": "R",
            "bag": "acae563f-437c-4ba6-8f5b-43330c8a785c",
            "link": "dpn.tdr@devops.tdr.org:outbound/472218b3-95ce-4b8e-6c21-6e514cfbe43f.tar",
            "status": "Requested",
            "fixity_algorithm": "sha256"
        },
        "pk": 1
    },
    {
        "model": "data.replicationtransfer",
        "fields": {
            "to_node": 4,
            "fixity_value": "",
            "fixity_nonce": "",
            "fixity_accept": null,
            "bag_valid": null,
            "from_node": "4",
            "replication_id": "tdr-2",
            "updated_at": "2015-05-28T16:15:37.916Z",
            "created_at": "2015-05-22T19:47:17.440Z",
            "protocol": "R",
            "bag": "680911c0-b212-437b-afca-bdd934956802",
            "link": "dpn.tdr@devops.tdr.org:outbound/4d11736c-c0ab-44b0-66c6-a947f414d4f1.tar",
            "status": "Requested",
            "fixity_algorithm": "sha256"
        },
        "pk": 2
    },
    {
        "model": "data.replicationtransfer",
        "fields": {
            "to_node": 4,
            "fixity_value": "",
            "fixity_nonce": "",
            "fixity_accept": null,
            "bag_valid": null,
            "from_node": "4",
            "replication_id": "tdr-3",
            "updated_at": "2015-05-28T16:15:39.936Z",
            "created_at": "2015-05-22T19:47:54.012Z",
            "protocol": "R",
            "bag": "363e799e-1559-46e4-9395-d316928a6927",
            "link": "dpn.tdr@devops.tdr.org:outbound/005e7793-8253-4585-7118-2da702e29aa0.tar",
            "status": "Requested",
            "fixity_algorithm": "sha256"
        },
        "pk": 3
    },
    {
        "model": "data.replicationtransfer",
        "fields": {
            "to_node": 4,
            "fixity_value": "",
            "fixity_nonce": "",
            "fixity_accept": null,
            "bag_valid": null,
            "from_node": "4",
            "replication_id": "tdr-4",
            "updated_at": "2015-05-28T16:15:41.844Z",
            "created_at": "2015-05-22T19:48:25.049Z",
            "protocol": "R",
            "bag": "869defa3-c128-451a-b138-8db4a72b6a13",
            "link": "dpn.tdr@devops.tdr.org:outbound/41e5376c-cc13-4c3e-6af3-297cc2e005aa.tar",
            "status": "Requested",
            "fixity_algorithm": "sha256"
        },
        "pk": 4
    },
    {
        "model": "data.replicationtransfer",
        "fields": {
            "to_node": 4,
            "fixity_value": "",
            "fixity_nonce": "",
            "fixity_accept": null,
            "bag_valid": null,
            "from_node": "4",
            "replication_id": "tdr-5",
            "updated_at": "2015-05-28T16:15:43.665Z",
            "created_at": "2015-05-22T19:48:47.638Z",
            "protocol": "R",
            "bag": "51ba05c8-a1e9-45d9-a576-fecc732b3d6e",
            "link": "dpn.tdr@devops.tdr.org:outbound/8839f294-c7c0-404d-4467-7ab223ff461b.tar",
            "status": "Requested",
            "fixity_algorithm": "sha256"
        },
        "pk": 5
    },
    {
        "model": "data.replicationtransfer",
        "fields": {
            "to_node": 4,
            "fixity_value": "",
            "fixity_nonce": "",
            "fixity_accept": null,
            "bag_valid": null,
            "from_node": "4",
            "replication_id": "tdr-6",
            "updated_at": "2015-05-28T16:15:46.247Z",
            "created_at": "2015-05-22T19:49:14.137Z",
            "protocol": "R",
            "bag": "2cffca9d-0b49-446f-b127-bc846c6e1ce9",
            "link": "dpn.tdr@devops.tdr.org:outbound/06edc30f-af04-4a4e-4ad6-3c679a195d46.tar",
            "status": "Requested",
            "fixity_algorithm": "sha256"
        },
        "pk": 6
    },
    {
        "model": "data.replicationtransfer",
        "fields": {
            "to_node": 3,
            "fixity_value": "",
            "fixity_nonce": "",
            "fixity_accept": null,
            "bag_valid": null,
            "from_node": "4",
            "replication_id": "tdr-7",
            "updated_at": "2015-05-22T20:37:49.018Z",
            "created_at": "2015-05-22T19:52:35.558Z",
            "protocol": "R",
            "bag": "acae563f-437c-4ba6-8f5b-43330c8a785c",
            "link": "dpn.chron@devops.tdr.org:outbound/472218b3-95ce-4b8e-6c21-6e514cfbe43f.tar",
            "status": "Requested",
            "fixity_algorithm": "sha256"
        },
        "pk": 7
    },
    {
        "model": "data.replicationtransfer",
        "fields": {
            "to_node": 3,
            "fixity_value": "",
            "fixity_nonce": "",
            "fixity_accept": null,
            "bag_valid": null,
            "from_node": "4",
            "replication_id": "tdr-8",
            "updated_at": "2015-05-22T20:37:39.660Z",
            "created_at": "2015-05-22T19:53:05.313Z",
            "protocol": "R",
            "bag": "680911c0-b212-437b-afca-bdd934956802",
            "link": "dpn.chron@devops.tdr.org:outbound/4d11736c-c0ab-44b0-66c6-a947f414d4f1.tar",
            "status": "Requested",
            "fixity_algorithm": "sha256"
        },
        "pk": 8
    },
    {
        "model": "data.replicationtransfer",
        "fields": {
            "to_node": 3,
            "fixity_value": "",
            "fixity_nonce": "",
            "fixity_accept": null,
            "bag_valid": null,
            "from_node": "4",
            "replication_id": "tdr-9",
            "updated_at": "2015-05-22T20:37:29.331Z",
            "created_at": "2015-05-22T19:53:26.965Z",
            "protocol": "R",
            "bag": "363e799e-1559-46e4-9395-d316928a6927",
            "link": "dpn.chron@devops.tdr.org:outbound/005e7793-8253-4585-7118-2da702e29aa0.tar",
            "status": "Requested",
            "fixity_algorithm": "sha256"
        },
        "pk": 9
    },
    {
        "model": "data.replicationtransfer",
        "fields": {
            "to_node": 3,
            "fixity_value": "",
            "fixity_nonce": "",
            "fixity_accept": null,
            "bag_valid": null,
            "from_node": "4",
            "replication_id": "tdr-10",
            "updated_at": "2015-05-22T20:37:19.193Z",
            "created_at": "2015-05-22T19:53:53.202Z",
            "protocol": "R",
            "bag": "869defa3-c128-451a-b138-8db4a72b6a13",
            "link": "dpn.chron@devops.tdr.org:outbound/41e5376c-cc13-4c3e-6af3-297cc2e005aa.tar",
            "status": "Requested",
            "fixity_algorithm": "sha256"
        },
        "pk": 10
    },
    {
        "model": "data.replicationtransfer",
        "fields": {
            "to_node": 3,
            "fixity_value": "",
            "fixity_nonce": "",
            "fixity_accept": null,
            "bag_valid": null,
            "from_node": "4",
            "replication_id": "tdr-11",
            "updated_at": "2015-05-22T20:37:09.977Z",
            "created_at": "2015-05-22T19:54:22.781Z",
            "protocol": "R",
            "bag": "51ba05c8-a1e9-45d9-a576-fecc732b3d6e",
            "link": "dpn.chron@devops.tdr.org:outbound/8839f294-c7c0-404d-4467-7ab223ff461b.tar",
            "status": "Requested",
            "fixity_algorithm": "sha256"
        },
        "pk": 11
    },
    {
        "model": "data.replicationtransfer",
        "fields": {
            "to_node": 3,
            "fixity_value": "",
            "fixity_nonce": "",
            "fixity_accept": null,
            "bag_valid": null,
            "from_node": "4",
            "replication_id": "tdr-12",
            "updated_at": "2015-05-22T20:37:00.601Z",
            "created_at": "2015-05-22T19:54:46.423Z",
            "protocol": "R",
            "bag": "2cffca9d-0b49-446f-b127-bc846c6e1ce9",
            "link": "dpn.chron@devops.tdr.org:outbound/06edc30f-af04-4a4e-4ad6-3c679a195d46.tar",
            "status": "Requested",
            "fixity_algorithm": "sha256"
        },
        "pk": 12
    },
    {
        "model": "data.replicationtransfer",
        "fields": {
            "to_node": 2,
            "fixity_value": "",
            "fixity_nonce": "",
            "fixity_accept": null,
            "bag_valid": null,
            "from_node": "4",
            "replication_id": "tdr-13",
            "updated_at": "2015-05-22T20:36:50.800Z",
            "created_at": "2015-05-22T19:55:04.597Z",
            "protocol": "R",
            "bag": "acae563f-437c-4ba6-8f5b-43330c8a785c",
            "link": "dpn.hathi@devops.tdr.org:outbound/472218b3-95ce-4b8e-6c21-6e514cfbe43f.tar",
            "status": "Requested",
            "fixity_algorithm": "sha256"
        },
        "pk": 13
    },
    {
        "model": "data.replicationtransfer",
        "fields": {
            "to_node": 2,
            "fixity_value": "",
            "fixity_nonce": "",
            "fixity_accept": null,
            "bag_valid": null,
            "from_node": "4",
            "replication_id": "tdr-14",
            "updated_at": "2015-05-22T20:36:41.319Z",
            "created_at": "2015-05-22T19:55:22.456Z",
            "protocol": "R",
            "bag": "680911c0-b212-437b-afca-bdd934956802",
            "link": "dpn.hathi@devops.tdr.org:outbound/4d11736c-c0ab-44b0-66c6-a947f414d4f1.tar",
            "status": "Requested",
            "fixity_algorithm": "sha256"
        },
        "pk": 14
    },
    {
        "model": "data.replicationtransfer",
        "fields": {
            "to_node": 2,
            "fixity_value": "",
            "fixity_nonce": "",
            "fixity_accept": null,
            "bag_valid": null,
            "from_node": "4",
            "replication_id": "tdr-15",
            "updated_at": "2015-05-22T20:36:32.965Z",
            "created_at": "2015-05-22T19:55:39.498Z",
            "protocol": "R",
            "bag": "363e799e-1559-46e4-9395-d316928a6927",
            "link": "dpn.hathi@devops.tdr.org:outbound/005e7793-8253-4585-7118-2da702e29aa0.tar",
            "status": "Requested",
            "fixity_algorithm": "sha256"
        },
        "pk": 15
    },
    {
        "model": "data.replicationtransfer",
        "fields": {
            "to_node": 2,
            "fixity_value": "",
            "fixity_nonce": "",
            "fixity_accept": null,
            "bag_valid": null,
            "from_node": "4",
            "replication_id": "tdr-16",
            "updated_at": "2015-05-22T20:36:23.461Z",
            "created_at": "2015-05-22T19:55:56.121Z",
            "protocol": "R",
            "bag": "869defa3-c128-451a-b138-8db4a72b6a13",
            "link": "dpn.hathi@devops.tdr.org:outbound/41e5376c-cc13-4c3e-6af3-297cc2e005aa.tar",
            "status": "Requested",
            "fixity_algorithm": "sha256"
        },
        "pk": 16
    },
    {
        "model": "data.replicationtransfer",
        "fields": {
            "to_node": 2,
            "fixity_value": "",
            "fixity_nonce": "",
            "fixity_accept": null,
            "bag_valid": null,
            "from_node": "4",
            "replication_id": "tdr-17",
            "updated_at": "2015-05-22T20:36:13.376Z",
            "created_at": "2015-05-22T19:56:15.190Z",
            "protocol": "R",
            "bag": "51ba05c8-a1e9-45d9-a576-fecc732b3d6e",
            "link": "dpn.hathi@devops.tdr.org:outbound/8839f294-c7c0-404d-4467-7ab223ff461b.tar",
            "status": "Requested",
            "fixity_algorithm": "sha256"
        },
        "pk": 17
    },
    {
        "model": "data.replicationtransfer",
        "fields": {
            "to_node": 2,
            "fixity_value": "",
            "fixity_nonce": "",
            "fixity_accept": null,
            "bag_valid": null,
            "from_node": "4",
            "replication_id": "tdr-18",
            "updated_at": "2015-05-22T20:35:59.506Z",
            "created_at": "2015-05-22T19:56:33.495Z",
            "protocol": "R",
            "bag": "2cffca9d-0b49-446f-b127-bc846c6e1ce9",
            "link": "dpn.hathi@devops.tdr.org:outbound/06edc30f-af04-4a4e-4ad6-3c679a195d46.tar",
            "status": "Requested",
            "fixity_algorithm": "sha256"
        },
        "pk": 18
    },
    {
        "model": "data.replicationtransfer",
        "fields": {
            "to_node": 5,
            "fixity_value": "",
            "fixity_nonce": "",
            "fixity_accept": null,
            "bag_valid": null,
            "from_node": "4",
            "replication_id": "tdr-19",
            "updated_at": "2015-05-22T20:35:51.999Z",
            "created_at": "2015-05-22T19:58:45.141Z",
            "protocol": "R",
            "bag": "acae563f-437c-4ba6-8f5b-43330c8a785c",
            "link": "dpn.sdr@devops.tdr.org:outbound/472218b3-95ce-4b8e-6c21-6e514cfbe43f.tar",
            "status": "Requested",
            "fixity_algorithm": "sha256"
        },
        "pk": 19
    },
    {
        "model": "data.replicationtransfer",
        "fields": {
            "to_node": 5,
            "fixity_value": "",
            "fixity_nonce": "",
            "fixity_accept": null,
            "bag_valid": null,
            "from_node": "4",
            "replication_id": "tdr-20",
            "updated_at": "2015-05-22T20:35:44.029Z",
            "created_at": "2015-05-22T19:59:00.615Z",
            "protocol": "R",
            "bag": "680911c0-b212-437b-afca-bdd934956802",
            "link": "dpn.sdr@devops.tdr.org:outbound/4d11736c-c0ab-44b0-66c6-a947f414d4f1.tar",
            "status": "Requested",
            "fixity_algorithm": "sha256"
        },
        "pk": 20
    },
    {
        "model": "data.replicationtransfer",
        "fields": {
            "to_node": 5,
            "fixity_value": "",
            "fixity_nonce": "",
            "fixity_accept": null,
            "bag_valid": null,
            "from_node": "4",
            "replication_id": "tdr-21",
            "updated_at": "2015-05-22T20:35:32.192Z",
            "created_at": "2015-05-22T19:59:17.197Z",
            "protocol": "R",
            "bag": "363e799e-1559-46e4-9395-d316928a6927",
            "link": "dpn.sdr@devops.tdr.org:outbound/005e7793-8253-4585-7118-2da702e29aa0.tar",
            "status": "Requested",
            "fixity_algorithm": "sha256"
        },
        "pk": 21
    },
    {
        "model": "data.replicationtransfer",
        "fields": {
            "to_node": 5,
            "fixity_value": "",
            "fixity_nonce": "",
            "fixity_accept": null,
            "bag_valid": null,
            "from_node": "4",
            "replication_id": "tdr-22",
            "updated_at": "2015-05-22T20:35:24.670Z",
            "created_at": "2015-05-22T19:59:34.479Z",
            "protocol": "R",
            "bag": "869defa3-c128-451a-b138-8db4a72b6a13",
            "link": "dpn.sdr@devops.tdr.org:outbound/41e5376c-cc13-4c3e-6af3-297cc2e005aa.tar",
            "status": "Requested",
            "fixity_algorithm": "sha256"
        },
        "pk": 22
    },
    {
        "model": "data.replicationtransfer",
        "fields": {
            "to_node": 5,
            "fixity_value": "",
            "fixity_nonce": "",
            "fixity_accept": null,
            "bag_valid": null,
            "from_node": "4",
            "replication_id": "tdr-23",
            "updated_at": "2015-05-22T20:35:14.862Z",
            "created_at": "2015-05-22T19:59:54.032Z",
            "protocol": "R",
            "bag": "51ba05c8-a1e9-45d9-a576-fecc732b3d6e",
            "link": "dpn.sdr@devops.tdr.org:outbound/8839f294-c7c0-404d-4467-7ab223ff461b.tar",
            "status": "Requested",
            "fixity_algorithm": "sha256"
        },
        "pk": 23
    },
    {
        "model": "data.replicationtransfer",
        "fields": {
            "to_node": 5,
            "fixity_value": "",
            "fixity_nonce": "",
            "fixity_accept": null,
            "bag_valid": null,
            "from_node": "4",
            "replication_id": "tdr-24",
            "updated_at": "2015-05-22T20:35:04.963Z",
            "created_at": "2015-05-22T20:00:12.597Z",
            "protocol": "R",
            "bag": "2cffca9d-0b49-446f-b127-bc846c6e1ce9",
            "link": "dpn.sdr@devops.tdr.org:outbound/06edc30f-af04-4a4e-4ad6-3c679a195d46.tar",
            "status": "Requested",
            "fixity_algorithm": "sha256"
        },
        "pk": 24
    },
    {
        "model": "data.restoretransfer",
        "fields": {
            "protocol": "R",
            "to_node": "4",
            "bag": "869defa3-c128-451a-b138-8db4a72b6a13",
            "restore_id": "tdr-1",
            "link": "rsync://mnt/staging/41e5376c-cc13-4c3e-6af3-297cc2e005aa.tar",
            "from_node": 4,
            "status": "Requested",
            "updated_at": "2015-06-01T19:07:53.918Z",
            "created_at": "2015-06-01T19:07:53.917Z"
        },
        "pk": 1
    },
    {
        "model": "data.restoretransfer",
        "fields": {
            "protocol": "R",
            "to_node": "4",
            "bag": "2cffca9d-0b49-446f-b127-bc846c6e1ce9",
            "restore_id": "tdr-2",
            "link": "rsync://mnt/staging/06edc30f-af04-4a4e-4ad6-3c679a195d46.tar",
            "from_node": 3,
            "status": "Requested",
            "updated_at": "2015-06-01T19:15:14.867Z",
            "created_at": "2015-06-01T19:07:53.951Z"
        },
        "pk": 2
    },
    {
        "model": "data.restoretransfer",
        "fields": {
            "protocol": "R",
            "to_node": "4",
            "bag": "8381a632-687c-4a76-9d99-d1c64be8aa1d",
            "restore_id": "tdr-3",
            "link": "rsync://mnt/staging/6029850a-b6a3-4c77-8c7a-606170ea9f95.tar",
            "from_node": 4,
            "status": "Requested",
            "updated_at": "2015-06-01T19:09:16.091Z",
            "created_at": "2015-06-01T19:09:16.090Z"
        },
        "pk": 3
    },
    {
        "model": "data.restoretransfer",
        "fields": {
            "protocol": "R",
            "to_node": "4",
            "bag": "acae563f-437c-4ba6-8f5b-43330c8a785c",
            "restore_id": "tdr-4",
            "link": "rsync://mnt/staging/472218b3-95ce-4b8e-6c21-6e514cfbe43f.tar",
            "from_node": 3,
            "status": "Requested",
            "updated_at": "2015-06-01T19:15:59.535Z",
            "created_at": "2015-06-01T19:09:16.123Z"
        },
        "pk": 4
    },
    {
        "model": "auth.permission",
        "fields": {
            "codename": "add_logentry",
            "name": "Can add log entry",
            "content_type": 1
        },
        "pk": 1
    },
    {
        "model": "auth.permission",
        "fields": {
            "codename": "change_logentry",
            "name": "Can change log entry",
            "content_type": 1
        },
        "pk": 2
    },
    {
        "model": "auth.permission",
        "fields": {
            "codename": "delete_logentry",
            "name": "Can delete log entry",
            "content_type": 1
        },
        "pk": 3
    },
    {
        "model": "auth.permission",
        "fields": {
            "codename": "add_permission",
            "name": "Can add permission",
            "content_type": 2
        },
        "pk": 4
    },
    {
        "model": "auth.permission",
        "fields": {
            "codename": "change_permission",
            "name": "Can change permission",
            "content_type": 2
        },
        "pk": 5
    },
    {
        "model": "auth.permission",
        "fields": {
            "codename": "delete_permission",
            "name": "Can delete permission",
            "content_type": 2
        },
        "pk": 6
    },
    {
        "model": "auth.permission",
        "fields": {
            "codename": "add_group",
            "name": "Can add group",
            "content_type": 3
        },
        "pk": 7
    },
    {
        "model": "auth.permission",
        "fields": {
            "codename": "change_group",
            "name": "Can change group",
            "content_type": 3
        },
        "pk": 8
    },
    {
        "model": "auth.permission",
        "fields": {
            "codename": "delete_group",
            "name": "Can delete group",
            "content_type": 3
        },
        "pk": 9
    },
    {
        "model": "auth.permission",
        "fields": {
            "codename": "add_user",
            "name": "Can add user",
            "content_type": 4
        },
        "pk": 10
    },
    {
        "model": "auth.permission",
        "fields": {
            "codename": "change_user",
            "name": "Can change user",
            "content_type": 4
        },
        "pk": 11
    },
    {
        "model": "auth.permission",
        "fields": {
            "codename": "delete_user",
            "name": "Can delete user",
            "content_type": 4
        },
        "pk": 12
    },
    {
        "model": "auth.permission",
        "fields": {
            "codename": "add_contenttype",
            "name": "Can add content type",
            "content_type": 5
        },
        "pk": 13
    },
    {
        "model": "auth.permission",
        "fields": {
            "codename": "change_contenttype",
            "name": "Can change content type",
            "content_type": 5
        },
        "pk": 14
    },
    {
        "model": "auth.permission",
        "fields": {
            "codename": "delete_contenttype",
            "name": "Can delete content type",
            "content_type": 5
        },
        "pk": 15
    },
    {
        "model": "auth.permission",
        "fields": {
            "codename": "add_session",
            "name": "Can add session",
            "content_type": 6
        },
        "pk": 16
    },
    {
        "model": "auth.permission",
        "fields": {
            "codename": "change_session",
            "name": "Can change session",
            "content_type": 6
        },
        "pk": 17
    },
    {
        "model": "auth.permission",
        "fields": {
            "codename": "delete_session",
            "name": "Can delete session",
            "content_type": 6
        },
        "pk": 18
    },
    {
        "model": "auth.permission",
        "fields": {
            "codename": "add_token",
            "name": "Can add token",
            "content_type": 7
        },
        "pk": 19
    },
    {
        "model": "auth.permission",
        "fields": {
            "codename": "change_token",
            "name": "Can change token",
            "content_type": 7
        },
        "pk": 20
    },
    {
        "model": "auth.permission",
        "fields": {
            "codename": "delete_token",
            "name": "Can delete token",
            "content_type": 7
        },
        "pk": 21
    },
    {
        "model": "auth.permission",
        "fields": {
            "codename": "add_protocol",
            "name": "Can add protocol",
            "content_type": 8
        },
        "pk": 22
    },
    {
        "model": "auth.permission",
        "fields": {
            "codename": "change_protocol",
            "name": "Can change protocol",
            "content_type": 8
        },
        "pk": 23
    },
    {
        "model": "auth.permission",
        "fields": {
            "codename": "delete_protocol",
            "name": "Can delete protocol",
            "content_type": 8
        },
        "pk": 24
    },
    {
        "model": "auth.permission",
        "fields": {
            "codename": "add_fixityalgorithm",
            "name": "Can add fixity algorithm",
            "content_type": 9
        },
        "pk": 25
    },
    {
        "model": "auth.permission",
        "fields": {
            "codename": "change_fixityalgorithm",
            "name": "Can change fixity algorithm",
            "content_type": 9
        },
        "pk": 26
    },
    {
        "model": "auth.permission",
        "fields": {
            "codename": "delete_fixityalgorithm",
            "name": "Can delete fixity algorithm",
            "content_type": 9
        },
        "pk": 27
    },
    {
        "model": "auth.permission",
        "fields": {
            "codename": "add_node",
            "name": "Can add node",
            "content_type": 10
        },
        "pk": 28
    },
    {
        "model": "auth.permission",
        "fields": {
            "codename": "change_node",
            "name": "Can change node",
            "content_type": 10
        },
        "pk": 29
    },
    {
        "model": "auth.permission",
        "fields": {
            "codename": "delete_node",
            "name": "Can delete node",
            "content_type": 10
        },
        "pk": 30
    },
    {
        "model": "auth.permission",
        "fields": {
            "codename": "add_storage",
            "name": "Can add storage",
            "content_type": 11
        },
        "pk": 31
    },
    {
        "model": "auth.permission",
        "fields": {
            "codename": "change_storage",
            "name": "Can change storage",
            "content_type": 11
        },
        "pk": 32
    },
    {
        "model": "auth.permission",
        "fields": {
            "codename": "delete_storage",
            "name": "Can delete storage",
            "content_type": 11
        },
        "pk": 33
    },
    {
        "model": "auth.permission",
        "fields": {
            "codename": "add_bag",
            "name": "Can add bag",
            "content_type": 12
        },
        "pk": 34
    },
    {
        "model": "auth.permission",
        "fields": {
            "codename": "change_bag",
            "name": "Can change bag",
            "content_type": 12
        },
        "pk": 35
    },
    {
        "model": "auth.permission",
        "fields": {
            "codename": "delete_bag",
            "name": "Can delete bag",
            "content_type": 12
        },
        "pk": 36
    },
    {
        "model": "auth.permission",
        "fields": {
            "codename": "add_fixity",
            "name": "Can add fixity",
            "content_type": 13
        },
        "pk": 37
    },
    {
        "model": "auth.permission",
        "fields": {
            "codename": "change_fixity",
            "name": "Can change fixity",
            "content_type": 13
        },
        "pk": 38
    },
    {
        "model": "auth.permission",
        "fields": {
            "codename": "delete_fixity",
            "name": "Can delete fixity",
            "content_type": 13
        },
        "pk": 39
    },
    {
        "model": "auth.permission",
        "fields": {
            "codename": "add_replicationtransfer",
            "name": "Can add replication transfer",
            "content_type": 14
        },
        "pk": 40
    },
    {
        "model": "auth.permission",
        "fields": {
            "codename": "change_replicationtransfer",
            "name": "Can change replication transfer",
            "content_type": 14
        },
        "pk": 41
    },
    {
        "model": "auth.permission",
        "fields": {
            "codename": "delete_replicationtransfer",
            "name": "Can delete replication transfer",
            "content_type": 14
        },
        "pk": 42
    },
    {
        "model": "auth.permission",
        "fields": {
            "codename": "add_restoretransfer",
            "name": "Can add restore transfer",
            "content_type": 15
        },
        "pk": 43
    },
    {
        "model": "auth.permission",
        "fields": {
            "codename": "change_restoretransfer",
            "name": "Can change restore transfer",
            "content_type": 15
        },
        "pk": 44
    },
    {
        "model": "auth.permission",
        "fields": {
            "codename": "delete_restoretransfer",
            "name": "Can delete restore transfer",
            "content_type": 15
        },
        "pk": 45
    },
    {
        "model": "auth.permission",
        "fields": {
            "codename": "add_userprofile",
            "name": "Can add user profile",
            "content_type": 16
        },
        "pk": 46
    },
    {
        "model": "auth.permission",
        "fields": {
            "codename": "change_userprofile",
            "name": "Can change user profile",
            "content_type": 16
        },
        "pk": 47
    },
    {
        "model": "auth.permission",
        "fields": {
            "codename": "delete_userprofile",
            "name": "Can delete user profile",
            "content_type": 16
        },
        "pk": 48
    },
    {
        "model": "auth.group",
        "fields": {
            "name": "api_users",
            "permissions": [
                41,
                44
            ]
        },
        "pk": 1
    },
    {
        "model": "auth.group",
        "fields": {
            "name": "api_admins",
            "permissions": [
                34,
                35,
                37,
                28,
                29,
                40,
                41,
                43,
                44
            ]
        },
        "pk": 2
    },
    {
        "model": "auth.user",
        "fields": {
            "groups": [
                2
            ],
            "is_active": true,
            "date_joined": "2015-05-04T17:27:12Z",
            "password": "pbkdf2_sha256$15000$Klz2TFoxY8xE$/I58ocVVFVI2xLCEfaCS0BJXEuKbCMSu7nmBAPENGXo=",
            "user_permissions": [],
            "username": "andrew.diamond@aptrust.org",
            "last_login": "2015-06-05T14:46:20.744Z",
            "first_name": "",
            "last_name": "",
            "email": "andrew.diamond@aptrust.org",
            "is_staff": true,
            "is_superuser": true
        },
        "pk": 1
    },
    {
        "model": "auth.user",
        "fields": {
            "groups": [
                1
            ],
            "is_active": true,
            "date_joined": "2015-05-04T17:30:31Z",
            "password": "pbkdf2_sha256$15000$Vjhj7WKEdpQ6$SqeAlTHG9ViWwlWjt0ETYLFIN97WjOBb5uOb9x3hBSE=",
            "user_permissions": [],
            "username": "chron_user",
            "last_login": "2015-05-04T17:30:31Z",
            "first_name": "",
            "last_name": "",
            "email": "",
            "is_staff": false,
            "is_superuser": false
        },
        "pk": 2
    },
    {
        "model": "auth.user",
        "fields": {
            "groups": [
                1
            ],
            "is_active": true,
            "date_joined": "2015-05-04T17:30:42Z",
            "password": "pbkdf2_sha256$15000$6QXSo1C11nc9$C+Dult7lXQtHbHYeJmwqzbyUuCXeF6acDPNtmy9eVqo=",
            "user_permissions": [],
            "username": "hathi_user",
            "last_login": "2015-05-04T17:30:42Z",
            "first_name": "",
            "last_name": "",
            "email": "",
            "is_staff": false,
            "is_superuser": false
        },
        "pk": 3
    },
    {
        "model": "auth.user",
        "fields": {
            "groups": [
                1
            ],
            "is_active": true,
            "date_joined": "2015-05-04T17:31:13Z",
            "password": "pbkdf2_sha256$15000$as2Swb1GL41J$RKGTkc9PtK5lVvqQ+lIgYI0N9EXxbbbiBq7OTausqiA=",
            "user_permissions": [],
            "username": "sdr_user",
            "last_login": "2015-05-04T17:31:13Z",
            "first_name": "",
            "last_name": "",
            "email": "",
            "is_staff": false,
            "is_superuser": false
        },
        "pk": 4
    },
    {
        "model": "auth.user",
        "fields": {
            "groups": [
                1
            ],
            "is_active": true,
            "date_joined": "2015-05-04T17:31:28Z",
            "password": "pbkdf2_sha256$15000$vuhkbKTdL7Y2$73CBo5jQEpVmVLmwshbbTYX4aQNuHm4DOA8b/HW6O8w=",
            "user_permissions": [],
            "username": "tdr_user",
            "last_login": "2015-05-04T17:31:28Z",
            "first_name": "",
            "last_name": "",
            "email": "",
            "is_staff": false,
            "is_superuser": false
        },
        "pk": 5
    },
    {
        "model": "auth.user",
        "fields": {
            "groups": [
                2
            ],
            "is_active": true,
            "date_joined": "2015-05-04T17:32:19Z",
            "password": "pbkdf2_sha256$15000$Quw05XjFKquA$/07Iz2oNKFAYdmG+FOqH5AVtpCc59sQAHuSFBEZrZnE=",
            "user_permissions": [],
            "username": "aptrust_user",
            "last_login": "2015-05-04T17:32:19Z",
            "first_name": "",
            "last_name": "",
            "email": "",
            "is_staff": true,
            "is_superuser": true
        },
        "pk": 6
    },
    {
        "model": "authtoken.token",
        "fields": {
            "user": 4,
            "created": "2015-05-04T17:32:48.340Z"
        },
        "pk": "4444444444444444444444444444444444444444"
    },
    {
        "model": "authtoken.token",
        "fields": {
            "user": 2,
            "created": "2015-05-04T17:32:02.226Z"
        },
        "pk": "2222222222222222222222222222222222222222"
    },
    {
        "model": "authtoken.token",
        "fields": {
            "user": 5,
            "created": "2015-05-04T17:32:51.887Z"
        },
        "pk": "5555555555555555555555555555555555555555"
    },
    {
        "model": "authtoken.token",
        "fields": {
            "user": 3,
            "created": "2015-05-04T17:32:44.335Z"
        },
        "pk": "3333333333333333333333333333333333333333"
    },
    {
        "model": "authtoken.token",
        "fields": {
            "user": 6,
            "created": "2015-05-04T17:32:40.676Z"
        },
        "pk": "6666666666666666666666666666666666666666"
    },
    {
        "model": "data.userprofile",
        "fields": {
            "user": 1,
            "node": 1
        },
        "pk": 1
    },
    {
        "model": "data.userprofile",
        "fields": {
            "user": 2,
            "node": 3
        },
        "pk": 2
    },
    {
        "model": "data.userprofile",
        "fields": {
            "user": 3,
            "node": 2
        },
        "pk": 3
    },
    {
        "model": "data.userprofile",
        "fields": {
            "user": 4,
            "node": 5
        },
        "pk": 4
    },
    {
        "model": "data.userprofile",
        "fields": {
            "user": 5,
            "node": 4
        },
        "pk": 5
    },
    {
        "model": "data.userprofile",
        "fields": {
            "user": 6,
            "node": 1
        },
        "pk": 6
    },
    {
        "model": "auth.user",
        "fields": {
            "groups": [
                2
            ],
            "is_active": true,
            "date_joined": "2015-05-04T17:27:12Z",
            "password": "pbkdf2_sha256$15000$Klz2TFoxY8xE$/I58ocVVFVI2xLCEfaCS0BJXEuKbCMSu7nmBAPENGXo=",
            "user_permissions": [],
            "username": "tdr_admin",
            "last_login": "2015-06-05T14:46:20.744Z",
            "first_name": "tdr",
            "last_name": "admin",
            "email": "tdr_admin@aptrust.org",
            "is_staff": true,
            "is_superuser": true
        },
        "pk": 7
    },
    {
        "model": "authtoken.token",
        "fields": {
            "user": 7,
            "created": "2015-05-04T17:32:48.340Z"
        },
        "pk": "0000000000000000000000000000000000000000"
    },
    {
        "model": "data.userprofile",
        "fields": {
            "user": 7,
            "node": "4"
        },
        "pk": 7
    }
]
