[
    {
        "model": "contenttypes.contenttype",
        "fields": {
            "model": "logentry",
            "name": "log entry",
            "app_label": "admin"
        },
        "pk": 1
    },
    {
        "model": "contenttypes.contenttype",
        "fields": {
            "model": "permission",
            "name": "permission",
            "app_label": "auth"
        },
        "pk": 2
    },
    {
        "model": "contenttypes.contenttype",
        "fields": {
            "model": "group",
            "name": "group",
            "app_label": "auth"
        },
        "pk": 3
    },
    {
        "model": "contenttypes.contenttype",
        "fields": {
            "model": "user",
            "name": "user",
            "app_label": "auth"
        },
        "pk": 4
    },
    {
        "model": "contenttypes.contenttype",
        "fields": {
            "model": "contenttype",
            "name": "content type",
            "app_label": "contenttypes"
        },
        "pk": 5
    },
    {
        "model": "contenttypes.contenttype",
        "fields": {
            "model": "session",
            "name": "session",
            "app_label": "sessions"
        },
        "pk": 6
    },
    {
        "model": "contenttypes.contenttype",
        "fields": {
            "model": "token",
            "name": "token",
            "app_label": "authtoken"
        },
        "pk": 7
    },
    {
        "model": "contenttypes.contenttype",
        "fields": {
            "model": "protocol",
            "name": "protocol",
            "app_label": "data"
        },
        "pk": 8
    },
    {
        "model": "contenttypes.contenttype",
        "fields": {
            "model": "fixityalgorithm",
            "name": "fixity algorithm",
            "app_label": "data"
        },
        "pk": 9
    },
    {
        "model": "contenttypes.contenttype",
        "fields": {
            "model": "node",
            "name": "node",
            "app_label": "data"
        },
        "pk": 10
    },
    {
        "model": "contenttypes.contenttype",
        "fields": {
            "model": "storage",
            "name": "storage",
            "app_label": "data"
        },
        "pk": 11
    },
    {
        "model": "contenttypes.contenttype",
        "fields": {
            "model": "bag",
            "name": "bag",
            "app_label": "data"
        },
        "pk": 12
    },
    {
        "model": "contenttypes.contenttype",
        "fields": {
            "model": "fixity",
            "name": "fixity",
            "app_label": "data"
        },
        "pk": 13
    },
    {
        "model": "contenttypes.contenttype",
        "fields": {
            "model": "replicationtransfer",
            "name": "replication transfer",
            "app_label": "data"
        },
        "pk": 14
    },
    {
        "model": "contenttypes.contenttype",
        "fields": {
            "model": "restoretransfer",
            "name": "restore transfer",
            "app_label": "data"
        },
        "pk": 15
    },
    {
        "model": "contenttypes.contenttype",
        "fields": {
            "model": "userprofile",
            "name": "user profile",
            "app_label": "data"
        },
        "pk": 16
    },
    {
        "model": "sessions.session",
        "fields": {
            "expire_date": "2015-06-11T15:27:32.973Z",
            "session_data": "NTg2OGYzZGY0ZDg4NzgzMmJhNjc1ZmI1YTVkNTU4NjQ5OTI4ZWI0Zjp7fQ=="
        },
        "pk": "avyqv3v2o241jaeubjgrqxhvuusq5869"
    },
    {
        "model": "sessions.session",
        "fields": {
            "expire_date": "2015-06-11T15:37:38.369Z",
            "session_data": "NGQ0M2M5Y2VmYTdmYTU1N2Q3ODY4YTcyYWYwZTI3ZTY0MWViOTIzZjp7Il9hdXRoX3VzZXJfaGFzaCI6IjYyNzc0ZDEzNjU5ZDNmMjMzZjU1YTU0ZmIyMTFkN2QxY2I4Y2EyMTAiLCJfYXV0aF91c2VyX2lkIjoxLCJfYXV0aF91c2VyX2JhY2tlbmQiOiJkamFuZ28uY29udHJpYi5hdXRoLmJhY2tlbmRzLk1vZGVsQmFja2VuZCJ9"
        },
        "pk": "mwq5wdy13bdicy3q0aa81fxgds57io1s"
    },
    {
        "model": "sessions.session",
        "fields": {
            "expire_date": "2015-06-19T14:46:20.746Z",
            "session_data": "MTdjM2MwMDhiMjk3ZTkzNzZhNzQ2NjJhYjY0ZDI3Nzc0MzE3OTc2ZTp7Il9hdXRoX3VzZXJfaWQiOjEsIl9hdXRoX3VzZXJfaGFzaCI6IjJiOThkZjg4NWFkZTBkNjM1MzAyNWQ4ZWUxNThmMzM4YTUyMzQxMDIiLCJfYXV0aF91c2VyX2JhY2tlbmQiOiJkamFuZ28uY29udHJpYi5hdXRoLmJhY2tlbmRzLk1vZGVsQmFja2VuZCJ9"
        },
        "pk": "r7qvyc2j5b61anwkwkdjycjo4ooi6tw6"
    },
    {
        "model": "sessions.session",
        "fields": {
            "expire_date": "2015-05-18T17:28:10.868Z",
            "session_data": "MjZlYmU4OTIyYmE0ZDk1NDgxZWI2OTg4N2FjYWQ5NTJjMjQ0NmE0Njp7Il9hdXRoX3VzZXJfaWQiOjEsIl9hdXRoX3VzZXJfYmFja2VuZCI6ImRqYW5nby5jb250cmliLmF1dGguYmFja2VuZHMuTW9kZWxCYWNrZW5kIiwiX2F1dGhfdXNlcl9oYXNoIjoiNjI3NzRkMTM2NTlkM2YyMzNmNTVhNTRmYjIxMWQ3ZDFjYjhjYTIxMCJ9"
        },
        "pk": "u2vcbildcyb30u58brkxt5dt3klydizn"
    },
    {
        "model": "data.protocol",
        "fields": {},
        "pk": "rsync"
    },
    {
        "model": "data.fixityalgorithm",
        "fields": {},
        "pk": "sha256"
    },
    {
        "model": "data.node",
        "fields": {
            "ssh_username": "dpn.aptrust",
            "api_root": "https://devops.aptrust.org/dpnode/",
            "namespace": "aptrust",
            "name": "APTrust",
            "ssh_pubkey": "",
            "replicate_from": [
                2,
                3,
                4,
                5
            ],
            "restore_from": [
                2,
                3,
                4,
                5
            ],
            "last_pull_date": null,
            "protocols": [
                "rsync"
            ],
            "updated_at": "2015-05-22T19:31:13.235Z",
            "created_at": "2015-05-04T17:34:41.782Z",
            "replicate_to": [
                3,
                4
            ],
            "fixity_algorithms": [
                "sha256"
            ],
            "restore_to": [
                2,
                3,
                4,
                5
            ]
        },
        "pk": 1
    },
    {
        "model": "data.node",
        "fields": {
            "ssh_username": "dpn.hathi",
            "api_root": "https://dpn.hathitrust.org/dpnrest/",
            "namespace": "hathi",
            "name": "Hathi Trust",
            "ssh_pubkey": "",
            "replicate_from": [
                1,
                3,
                4,
                5
            ],
            "restore_from": [
                1,
                3,
                4,
                5
            ],
            "last_pull_date": null,
            "protocols": [
                "rsync"
            ],
            "updated_at": "2015-05-22T19:31:06.857Z",
            "created_at": "2015-05-04T17:36:16.462Z",
            "replicate_to": [
                1,
                3,
                4
            ],
            "fixity_algorithms": [
                "sha256"
            ],
            "restore_to": [
                1,
                3,
                4,
                5
            ]
        },
        "pk": 2
    },
    {
        "model": "data.node",
        "fields": {
            "ssh_username": "dpn.chron",
            "api_root": "https://chronopolis01.umiacs.umd.edu/",
            "namespace": "chron",
            "name": "Chronopolis",
            "ssh_pubkey": "",
            "replicate_from": [
                1,
                2,
                4,
                5
            ],
            "restore_from": [
                1,
                2,
                4,
                5
            ],
            "last_pull_date": null,
            "protocols": [
                "rsync"
            ],
            "updated_at": "2015-05-22T19:31:00.048Z",
            "created_at": "2015-05-04T17:36:47.116Z",
            "replicate_to": [
                1,
                4
            ],
            "fixity_algorithms": [
                "sha256"
            ],
            "restore_to": [
                1,
                2,
                4,
                5
            ]
        },
        "pk": 3
    },
    {
        "model": "data.node",
        "fields": {
            "ssh_username": "dpn.tdr",
            "api_root": "https://rest.lib.utexas.edu/",
            "namespace": "tdr",
            "name": "TDR",
            "ssh_pubkey": "ssh-rsa AAAAB3NzaC1yc2EAAAADAQABAAABAQCs/ZRcJQhegudN7jWEbW7jUJuMtiIruhNeiLOUXQwfZ4tV4ksOFribYLHnFaTTPtPVFtkt6Rsc+4h9FfqPE83QXKFucJ3DYAmW0/baYbzOmdEn+EsajiDQA4B/mCbjfiFTHK0bLsYshCx+jfcRmKzgMHbj5qoW8Dy8IK0TR+iA+KyPLaZPoXB+jb7xlF8lKppsvNfZzebMGqvO3XMGM0QIVKzmJEOg8QBCUl4hPxRApwLc5UJz2up/nhO4g3Yv6Uh1/IGpxZopCF9Svl3rQNPyu43rsWuyF/R0tu0saVCb/e21L9ZUG3jb2BOmRIPozwPgpWMNFrnk3dDmcpVHc0Kp tdr@rest.lib.utexas.edu",
            "replicate_from": [
                1,
                2,
                3,
                5
            ],
            "restore_from": [
                1,
                2,
                3,
                5
            ],
            "last_pull_date": null,
            "protocols": [
                "rsync"
            ],
            "updated_at": "2015-05-22T19:30:53.523Z",
            "created_at": "2015-05-04T17:37:14.930Z",
            "replicate_to": [
                1,
                3
            ],
            "fixity_algorithms": [
                "sha256"
            ],
            "restore_to": [
                1,
                2,
                3,
                5
            ]
        },
        "pk": 4
    },
    {
        "model": "data.node",
        "fields": {
            "ssh_username": "dpn.sdr",
            "api_root": "https://dpn.stanford.edu/dpnrest/",
            "namespace": "sdr",
            "name": "SDR",
            "ssh_pubkey": "",
            "replicate_from": [
                1,
                2,
                3,
                4
            ],
            "restore_from": [
                1,
                2,
                3,
                4
            ],
            "last_pull_date": null,
            "protocols": [
                "rsync"
            ],
            "updated_at": "2015-05-22T19:30:47.386Z",
            "created_at": "2015-05-04T17:37:43.640Z",
            "replicate_to": [
                1,
                3,
                4
            ],
            "fixity_algorithms": [
                "sha256"
            ],
            "restore_to": [
                1,
                2,
                3,
                4
            ]
        },
        "pk": 5
    },
    {
        "model": "data.storage",
        "fields": {
            "storage_type": "Disk",
            "node": 5,
            "region": "CA"
        },
        "pk": 1
    },
    {
        "model": "data.storage",
        "fields": {
            "storage_type": "irods",
            "node": 4,
            "region": "TX"
        },
        "pk": 2
    },
    {
        "model": "data.storage",
        "fields": {
            "storage_type": "Disk",
            "node": 3,
            "region": "CA"
        },
        "pk": 3
    },
    {
        "model": "data.storage",
        "fields": {
            "storage_type": "Disk",
            "node": 3,
            "region": "CO"
        },
        "pk": 4
    },
    {
        "model": "data.storage",
        "fields": {
            "storage_type": "Amazon Glacier",
            "node": 1,
            "region": "VA"
        },
        "pk": 5
    },
    {
        "model": "data.bag",
        "fields": {
            "interpretive": [],
            "ingest_node": "2",
            "first_version_uuid": "20de5542-5481-4e29-a845-6a4bb192f82e",
            "created_at": "2015-05-22T19:08:37.847Z",
            "size": 71680,
            "version": 1,
            "updated_at": "2015-05-22T19:08:37.847Z",
            "local_id": "hathi_bag_1",
            "rights": [],
            "bag_type": "D",
            "admin_node": "2",
            "replicating_nodes": []
        },
        "pk": "20de5542-5481-4e29-a845-6a4bb192f82e"
    },
    {
        "model": "data.bag",
        "fields": {
            "interpretive": [],
            "ingest_node": "2",
            "first_version_uuid": "dfdcd3f7-de65-4197-8d62-540e4880bb87",
            "created_at": "2015-05-22T19:08:34.295Z",
            "size": 4005888,
            "version": 1,
            "updated_at": "2015-05-22T19:08:34.295Z",
            "local_id": "hathi_bag_2",
            "rights": [],
            "bag_type": "D",
            "admin_node": "2",
            "replicating_nodes": []
        },
        "pk": "dfdcd3f7-de65-4197-8d62-540e4880bb87"
    },
    {
        "model": "data.bag",
        "fields": {
            "interpretive": [],
            "ingest_node": "2",
            "first_version_uuid": "badd301e-d803-4bab-8b40-1eb4601c7793",
            "created_at": "2015-05-22T19:08:36.599Z",
            "size": 44544,
            "version": 1,
            "updated_at": "2015-05-22T19:08:36.599Z",
            "local_id": "hathi_bag_3",
            "rights": [],
            "bag_type": "D",
            "admin_node": "2",
            "replicating_nodes": []
        },
        "pk": "badd301e-d803-4bab-8b40-1eb4601c7793"
    },
    {
        "model": "data.bag",
        "fields": {
            "interpretive": [],
            "ingest_node": "2",
            "first_version_uuid": "fd7038d8-d664-4f4d-a0ff-c8541f47b4f3",
            "created_at": "2015-05-22T19:08:48.299Z",
            "size": 3974144,
            "version": 1,
            "updated_at": "2015-05-22T19:08:48.299Z",
            "local_id": "hathi_bag_4",
            "rights": [],
            "bag_type": "D",
            "admin_node": "2",
            "replicating_nodes": []
        },
        "pk": "fd7038d8-d664-4f4d-a0ff-c8541f47b4f3"
    },
    {
        "model": "data.bag",
        "fields": {
            "interpretive": [],
            "ingest_node": "2",
            "first_version_uuid": "b6a1906d-f0c5-456a-8d76-4a5c1918a63d",
            "created_at": "2015-05-22T19:08:38.798Z",
            "size": 44544,
            "version": 1,
            "updated_at": "2015-05-22T19:08:38.798Z",
            "local_id": "hathi_bag_5",
            "rights": [],
            "bag_type": "D",
            "admin_node": "2",
            "replicating_nodes": []
        },
        "pk": "b6a1906d-f0c5-456a-8d76-4a5c1918a63d"
    },
    {
        "model": "data.bag",
        "fields": {
            "interpretive": [],
            "ingest_node": "2",
            "first_version_uuid": "1d0588d0-8c10-4159-98e3-d53f26cc7ccb",
            "created_at": "2015-05-04T17:41:22.903Z",
            "size": 44455566,
            "version": 1,
            "updated_at": "2015-05-04T17:41:22.903Z",
            "local_id": "hathi_bag_6",
            "rights": [],
            "bag_type": "D",
            "admin_node": "2",
            "replicating_nodes": []
        },
        "pk": "1d0588d0-8c10-4159-98e3-d53f26cc7ccb"
    },
    {
        "model": "data.bag",
        "fields": {
            "interpretive": [],
            "ingest_node": "2",
            "first_version_uuid": "589633d5-f697-4f4f-8867-bb2a0e65ea85",
            "created_at": "2015-05-04T17:41:51.909Z",
            "size": 7766554,
            "version": 1,
            "updated_at": "2015-05-04T17:41:51.909Z",
            "local_id": "hathi_bag_7",
            "rights": [],
            "bag_type": "D",
            "admin_node": "2",
            "replicating_nodes": []
        },
        "pk": "589633d5-f697-4f4f-8867-bb2a0e65ea85"
    },
    {
        "model": "data.bag",
        "fields": {
            "interpretive": [],
            "ingest_node": "2",
            "first_version_uuid": "b4624962-cf8d-4e35-a6c4-ed6f72d5fc29",
            "created_at": "2015-05-22T19:08:35.388Z",
            "size": 62464,
            "version": 1,
            "updated_at": "2015-05-22T19:08:35.388Z",
            "local_id": "hathi_bag_8",
            "rights": [],
            "bag_type": "D",
            "admin_node": "2",
            "replicating_nodes": []
        },
        "pk": "b4624962-cf8d-4e35-a6c4-ed6f72d5fc29"
    },
    {
        "model": "data.fixity",
        "fields": {
            "digest": "353fba29e2bad3101de89533eb3b5882646af1353ab3aec7e27e5c5b8e0c5b69",
            "algorithm": "sha256",
            "bag": "dfdcd3f7-de65-4197-8d62-540e4880bb87",
            "created_at": "2015-05-22T19:08:34.298Z"
        },
        "pk": 1180
    },
    {
        "model": "data.fixity",
        "fields": {
            "digest": "e81f79fed2b4515e6a5c3f23161d0805172be1ca1f560ce29d3793cec2c79d89",
            "algorithm": "sha256",
            "bag": "b4624962-cf8d-4e35-a6c4-ed6f72d5fc29",
            "created_at": "2015-05-22T19:08:35.390Z"
        },
        "pk": 1181
    },
    {
        "model": "data.fixity",
        "fields": {
            "digest": "e112ad47b3b280b92a38af2c5be38da7f04b79f4b180cbb92811f74ebc831d18",
            "algorithm": "sha256",
            "bag": "badd301e-d803-4bab-8b40-1eb4601c7793",
            "created_at": "2015-05-22T19:08:36.602Z"
        },
        "pk": 1182
    },
    {
        "model": "data.fixity",
        "fields": {
            "digest": "13743e26e07afcdab0600104989c5e5de0271ed2dff61cf7804ea294060a75ac",
            "algorithm": "sha256",
            "bag": "20de5542-5481-4e29-a845-6a4bb192f82e",
            "created_at": "2015-05-22T19:08:37.850Z"
        },
        "pk": 1183
    },
    {
        "model": "data.fixity",
        "fields": {
            "digest": "6cb820f17c147ab9cd25a8c1f2adc7cf12a8070448dba35551e9c992e409688c",
            "algorithm": "sha256",
            "bag": "b6a1906d-f0c5-456a-8d76-4a5c1918a63d",
            "created_at": "2015-05-22T19:08:38.800Z"
        },
        "pk": 1184
    },
    {
        "model": "data.fixity",
        "fields": {
            "digest": "5329a5d06216ca9effc42a6f5b7c492952334d8b188ebbdefbbd0b970ab981a3",
            "algorithm": "sha256",
            "bag": "fd7038d8-d664-4f4d-a0ff-c8541f47b4f3",
            "created_at": "2015-05-22T19:08:48.301Z"
        },
        "pk": 1185
    },
    {
        "model": "data.fixity",
        "fields": {
            "digest": "0000000000000000000000000000000000000000000000000000000000000000",
            "algorithm": "sha256",
            "bag": "589633d5-f697-4f4f-8867-bb2a0e65ea85",
            "created_at": "2015-06-05T14:56:54.626Z"
        },
        "pk": 1186
    },
    {
        "model": "data.fixity",
        "fields": {
            "digest": "9999999999999999999999999999999999999999999999999999999999999999",
            "algorithm": "sha256",
            "bag": "1d0588d0-8c10-4159-98e3-d53f26cc7ccb",
            "created_at": "2015-06-05T14:58:37.263Z"
        },
        "pk": 1187
    },
    {
        "model": "data.replicationtransfer",
        "fields": {
            "created_at": "2015-05-22T19:46:45.761Z",
            "to_node": 4,
            "status": "Requested",
            "fixity_algorithm": "sha256",
            "replication_id": "hathi-1",
            "fixity_nonce": "",
            "updated_at": "2015-05-28T16:15:35.884Z",
            "fixity_accept": null,
            "from_node": "2",
            "bag": "fd7038d8-d664-4f4d-a0ff-c8541f47b4f3",
            "protocol": "R",
            "bag_valid": null,
            "fixity_value": "",
            "link": "dpn.tdr@devops.hathi.org:outbound/472218b3-95ce-4b8e-6c21-6e514cfbe43f.tar"
        },
        "pk": 1
    },
    {
        "model": "data.replicationtransfer",
        "fields": {
            "created_at": "2015-05-22T19:47:17.440Z",
            "to_node": 4,
            "status": "Requested",
            "fixity_algorithm": "sha256",
            "replication_id": "hathi-2",
            "fixity_nonce": "",
            "updated_at": "2015-05-28T16:15:37.916Z",
            "fixity_accept": null,
            "from_node": "2",
            "bag": "b6a1906d-f0c5-456a-8d76-4a5c1918a63d",
            "protocol": "R",
            "bag_valid": null,
            "fixity_value": "",
            "link": "dpn.tdr@devops.hathi.org:outbound/4d11736c-c0ab-44b0-66c6-a947f414d4f1.tar"
        },
        "pk": 2
    },
    {
        "model": "data.replicationtransfer",
        "fields": {
            "created_at": "2015-05-22T19:47:54.012Z",
            "to_node": 4,
            "status": "Requested",
            "fixity_algorithm": "sha256",
            "replication_id": "hathi-3",
            "fixity_nonce": "",
            "updated_at": "2015-05-28T16:15:39.936Z",
            "fixity_accept": null,
            "from_node": "2",
            "bag": "20de5542-5481-4e29-a845-6a4bb192f82e",
            "protocol": "R",
            "bag_valid": null,
            "fixity_value": "",
            "link": "dpn.tdr@devops.hathi.org:outbound/005e7793-8253-4585-7118-2da702e29aa0.tar"
        },
        "pk": 3
    },
    {
        "model": "data.replicationtransfer",
        "fields": {
            "created_at": "2015-05-22T19:48:25.049Z",
            "to_node": 4,
            "status": "Requested",
            "fixity_algorithm": "sha256",
            "replication_id": "hathi-4",
            "fixity_nonce": "",
            "updated_at": "2015-05-28T16:15:41.844Z",
            "fixity_accept": null,
            "from_node": "2",
            "bag": "badd301e-d803-4bab-8b40-1eb4601c7793",
            "protocol": "R",
            "bag_valid": null,
            "fixity_value": "",
            "link": "dpn.tdr@devops.hathi.org:outbound/41e5376c-cc13-4c3e-6af3-297cc2e005aa.tar"
        },
        "pk": 4
    },
    {
        "model": "data.replicationtransfer",
        "fields": {
            "created_at": "2015-05-22T19:48:47.638Z",
            "to_node": 4,
            "status": "Requested",
            "fixity_algorithm": "sha256",
            "replication_id": "hathi-5",
            "fixity_nonce": "",
            "updated_at": "2015-05-28T16:15:43.665Z",
            "fixity_accept": null,
            "from_node": "2",
            "bag": "b4624962-cf8d-4e35-a6c4-ed6f72d5fc29",
            "protocol": "R",
            "bag_valid": null,
            "fixity_value": "",
            "link": "dpn.tdr@devops.hathi.org:outbound/8839f294-c7c0-404d-4467-7ab223ff461b.tar"
        },
        "pk": 5
    },
    {
        "model": "data.replicationtransfer",
        "fields": {
            "created_at": "2015-05-22T19:49:14.137Z",
            "to_node": 4,
            "status": "Requested",
            "fixity_algorithm": "sha256",
            "replication_id": "hathi-6",
            "fixity_nonce": "",
            "updated_at": "2015-05-28T16:15:46.247Z",
            "fixity_accept": null,
            "from_node": "2",
            "bag": "dfdcd3f7-de65-4197-8d62-540e4880bb87",
            "protocol": "R",
            "bag_valid": null,
            "fixity_value": "",
            "link": "dpn.tdr@devops.hathi.org:outbound/06edc30f-af04-4a4e-4ad6-3c679a195d46.tar"
        },
        "pk": 6
    },
    {
        "model": "data.replicationtransfer",
        "fields": {
            "created_at": "2015-05-22T19:52:35.558Z",
            "to_node": 3,
            "status": "Requested",
            "fixity_algorithm": "sha256",
            "replication_id": "hathi-7",
            "fixity_nonce": "",
            "updated_at": "2015-05-22T20:37:49.018Z",
            "fixity_accept": null,
            "from_node": "2",
            "bag": "fd7038d8-d664-4f4d-a0ff-c8541f47b4f3",
            "protocol": "R",
            "bag_valid": null,
            "fixity_value": "",
            "link": "dpn.chron@devops.hathi.org:outbound/472218b3-95ce-4b8e-6c21-6e514cfbe43f.tar"
        },
        "pk": 7
    },
    {
        "model": "data.replicationtransfer",
        "fields": {
            "created_at": "2015-05-22T19:53:05.313Z",
            "to_node": 3,
            "status": "Requested",
            "fixity_algorithm": "sha256",
            "replication_id": "hathi-8",
            "fixity_nonce": "",
            "updated_at": "2015-05-22T20:37:39.660Z",
            "fixity_accept": null,
            "from_node": "2",
            "bag": "b6a1906d-f0c5-456a-8d76-4a5c1918a63d",
            "protocol": "R",
            "bag_valid": null,
            "fixity_value": "",
            "link": "dpn.chron@devops.hathi.org:outbound/4d11736c-c0ab-44b0-66c6-a947f414d4f1.tar"
        },
        "pk": 8
    },
    {
        "model": "data.replicationtransfer",
        "fields": {
            "created_at": "2015-05-22T19:53:26.965Z",
            "to_node": 3,
            "status": "Requested",
            "fixity_algorithm": "sha256",
            "replication_id": "hathi-9",
            "fixity_nonce": "",
            "updated_at": "2015-05-22T20:37:29.331Z",
            "fixity_accept": null,
            "from_node": "2",
            "bag": "20de5542-5481-4e29-a845-6a4bb192f82e",
            "protocol": "R",
            "bag_valid": null,
            "fixity_value": "",
            "link": "dpn.chron@devops.hathi.org:outbound/005e7793-8253-4585-7118-2da702e29aa0.tar"
        },
        "pk": 9
    },
    {
        "model": "data.replicationtransfer",
        "fields": {
            "created_at": "2015-05-22T19:53:53.202Z",
            "to_node": 3,
            "status": "Requested",
            "fixity_algorithm": "sha256",
            "replication_id": "hathi-10",
            "fixity_nonce": "",
            "updated_at": "2015-05-22T20:37:19.193Z",
            "fixity_accept": null,
            "from_node": "2",
            "bag": "badd301e-d803-4bab-8b40-1eb4601c7793",
            "protocol": "R",
            "bag_valid": null,
            "fixity_value": "",
            "link": "dpn.chron@devops.hathi.org:outbound/41e5376c-cc13-4c3e-6af3-297cc2e005aa.tar"
        },
        "pk": 10
    },
    {
        "model": "data.replicationtransfer",
        "fields": {
            "created_at": "2015-05-22T19:54:22.781Z",
            "to_node": 3,
            "status": "Requested",
            "fixity_algorithm": "sha256",
            "replication_id": "hathi-11",
            "fixity_nonce": "",
            "updated_at": "2015-05-22T20:37:09.977Z",
            "fixity_accept": null,
            "from_node": "2",
            "bag": "b4624962-cf8d-4e35-a6c4-ed6f72d5fc29",
            "protocol": "R",
            "bag_valid": null,
            "fixity_value": "",
            "link": "dpn.chron@devops.hathi.org:outbound/8839f294-c7c0-404d-4467-7ab223ff461b.tar"
        },
        "pk": 11
    },
    {
        "model": "data.replicationtransfer",
        "fields": {
            "created_at": "2015-05-22T19:54:46.423Z",
            "to_node": 3,
            "status": "Requested",
            "fixity_algorithm": "sha256",
            "replication_id": "hathi-12",
            "fixity_nonce": "",
            "updated_at": "2015-05-22T20:37:00.601Z",
            "fixity_accept": null,
            "from_node": "2",
            "bag": "dfdcd3f7-de65-4197-8d62-540e4880bb87",
            "protocol": "R",
            "bag_valid": null,
            "fixity_value": "",
            "link": "dpn.chron@devops.hathi.org:outbound/06edc30f-af04-4a4e-4ad6-3c679a195d46.tar"
        },
        "pk": 12
    },
    {
        "model": "data.replicationtransfer",
        "fields": {
            "created_at": "2015-05-22T19:55:04.597Z",
            "to_node": 2,
            "status": "Requested",
            "fixity_algorithm": "sha256",
            "replication_id": "hathi-13",
            "fixity_nonce": "",
            "updated_at": "2015-05-22T20:36:50.800Z",
            "fixity_accept": null,
            "from_node": "2",
            "bag": "fd7038d8-d664-4f4d-a0ff-c8541f47b4f3",
            "protocol": "R",
            "bag_valid": null,
            "fixity_value": "",
            "link": "dpn.hathi@devops.hathi.org:outbound/472218b3-95ce-4b8e-6c21-6e514cfbe43f.tar"
        },
        "pk": 13
    },
    {
        "model": "data.replicationtransfer",
        "fields": {
            "created_at": "2015-05-22T19:55:22.456Z",
            "to_node": 2,
            "status": "Requested",
            "fixity_algorithm": "sha256",
            "replication_id": "hathi-14",
            "fixity_nonce": "",
            "updated_at": "2015-05-22T20:36:41.319Z",
            "fixity_accept": null,
            "from_node": "2",
            "bag": "b6a1906d-f0c5-456a-8d76-4a5c1918a63d",
            "protocol": "R",
            "bag_valid": null,
            "fixity_value": "",
            "link": "dpn.hathi@devops.hathi.org:outbound/4d11736c-c0ab-44b0-66c6-a947f414d4f1.tar"
        },
        "pk": 14
    },
    {
        "model": "data.replicationtransfer",
        "fields": {
            "created_at": "2015-05-22T19:55:39.498Z",
            "to_node": 2,
            "status": "Requested",
            "fixity_algorithm": "sha256",
            "replication_id": "hathi-15",
            "fixity_nonce": "",
            "updated_at": "2015-05-22T20:36:32.965Z",
            "fixity_accept": null,
            "from_node": "2",
            "bag": "20de5542-5481-4e29-a845-6a4bb192f82e",
            "protocol": "R",
            "bag_valid": null,
            "fixity_value": "",
            "link": "dpn.hathi@devops.hathi.org:outbound/005e7793-8253-4585-7118-2da702e29aa0.tar"
        },
        "pk": 15
    },
    {
        "model": "data.replicationtransfer",
        "fields": {
            "created_at": "2015-05-22T19:55:56.121Z",
            "to_node": 2,
            "status": "Requested",
            "fixity_algorithm": "sha256",
            "replication_id": "hathi-16",
            "fixity_nonce": "",
            "updated_at": "2015-05-22T20:36:23.461Z",
            "fixity_accept": null,
            "from_node": "2",
            "bag": "badd301e-d803-4bab-8b40-1eb4601c7793",
            "protocol": "R",
            "bag_valid": null,
            "fixity_value": "",
            "link": "dpn.hathi@devops.hathi.org:outbound/41e5376c-cc13-4c3e-6af3-297cc2e005aa.tar"
        },
        "pk": 16
    },
    {
        "model": "data.replicationtransfer",
        "fields": {
            "created_at": "2015-05-22T19:56:15.190Z",
            "to_node": 2,
            "status": "Requested",
            "fixity_algorithm": "sha256",
            "replication_id": "hathi-17",
            "fixity_nonce": "",
            "updated_at": "2015-05-22T20:36:13.376Z",
            "fixity_accept": null,
            "from_node": "2",
            "bag": "b4624962-cf8d-4e35-a6c4-ed6f72d5fc29",
            "protocol": "R",
            "bag_valid": null,
            "fixity_value": "",
            "link": "dpn.hathi@devops.hathi.org:outbound/8839f294-c7c0-404d-4467-7ab223ff461b.tar"
        },
        "pk": 17
    },
    {
        "model": "data.replicationtransfer",
        "fields": {
            "created_at": "2015-05-22T19:56:33.495Z",
            "to_node": 2,
            "status": "Requested",
            "fixity_algorithm": "sha256",
            "replication_id": "hathi-18",
            "fixity_nonce": "",
            "updated_at": "2015-05-22T20:35:59.506Z",
            "fixity_accept": null,
            "from_node": "2",
            "bag": "dfdcd3f7-de65-4197-8d62-540e4880bb87",
            "protocol": "R",
            "bag_valid": null,
            "fixity_value": "",
            "link": "dpn.hathi@devops.hathi.org:outbound/06edc30f-af04-4a4e-4ad6-3c679a195d46.tar"
        },
        "pk": 18
    },
    {
        "model": "data.replicationtransfer",
        "fields": {
            "created_at": "2015-05-22T19:58:45.141Z",
            "to_node": 5,
            "status": "Requested",
            "fixity_algorithm": "sha256",
            "replication_id": "hathi-19",
            "fixity_nonce": "",
            "updated_at": "2015-05-22T20:35:51.999Z",
            "fixity_accept": null,
            "from_node": "2",
            "bag": "fd7038d8-d664-4f4d-a0ff-c8541f47b4f3",
            "protocol": "R",
            "bag_valid": null,
            "fixity_value": "",
            "link": "dpn.sdr@devops.hathi.org:outbound/472218b3-95ce-4b8e-6c21-6e514cfbe43f.tar"
        },
        "pk": 19
    },
    {
        "model": "data.replicationtransfer",
        "fields": {
            "created_at": "2015-05-22T19:59:00.615Z",
            "to_node": 5,
            "status": "Requested",
            "fixity_algorithm": "sha256",
            "replication_id": "hathi-20",
            "fixity_nonce": "",
            "updated_at": "2015-05-22T20:35:44.029Z",
            "fixity_accept": null,
            "from_node": "2",
            "bag": "b6a1906d-f0c5-456a-8d76-4a5c1918a63d",
            "protocol": "R",
            "bag_valid": null,
            "fixity_value": "",
            "link": "dpn.sdr@devops.hathi.org:outbound/4d11736c-c0ab-44b0-66c6-a947f414d4f1.tar"
        },
        "pk": 20
    },
    {
        "model": "data.replicationtransfer",
        "fields": {
            "created_at": "2015-05-22T19:59:17.197Z",
            "to_node": 5,
            "status": "Requested",
            "fixity_algorithm": "sha256",
            "replication_id": "hathi-21",
            "fixity_nonce": "",
            "updated_at": "2015-05-22T20:35:32.192Z",
            "fixity_accept": null,
            "from_node": "2",
            "bag": "20de5542-5481-4e29-a845-6a4bb192f82e",
            "protocol": "R",
            "bag_valid": null,
            "fixity_value": "",
            "link": "dpn.sdr@devops.hathi.org:outbound/005e7793-8253-4585-7118-2da702e29aa0.tar"
        },
        "pk": 21
    },
    {
        "model": "data.replicationtransfer",
        "fields": {
            "created_at": "2015-05-22T19:59:34.479Z",
            "to_node": 5,
            "status": "Requested",
            "fixity_algorithm": "sha256",
            "replication_id": "hathi-22",
            "fixity_nonce": "",
            "updated_at": "2015-05-22T20:35:24.670Z",
            "fixity_accept": null,
            "from_node": "2",
            "bag": "badd301e-d803-4bab-8b40-1eb4601c7793",
            "protocol": "R",
            "bag_valid": null,
            "fixity_value": "",
            "link": "dpn.sdr@devops.hathi.org:outbound/41e5376c-cc13-4c3e-6af3-297cc2e005aa.tar"
        },
        "pk": 22
    },
    {
        "model": "data.replicationtransfer",
        "fields": {
            "created_at": "2015-05-22T19:59:54.032Z",
            "to_node": 5,
            "status": "Requested",
            "fixity_algorithm": "sha256",
            "replication_id": "hathi-23",
            "fixity_nonce": "",
            "updated_at": "2015-05-22T20:35:14.862Z",
            "fixity_accept": null,
            "from_node": "2",
            "bag": "b4624962-cf8d-4e35-a6c4-ed6f72d5fc29",
            "protocol": "R",
            "bag_valid": null,
            "fixity_value": "",
            "link": "dpn.sdr@devops.hathi.org:outbound/8839f294-c7c0-404d-4467-7ab223ff461b.tar"
        },
        "pk": 23
    },
    {
        "model": "data.replicationtransfer",
        "fields": {
            "created_at": "2015-05-22T20:00:12.597Z",
            "to_node": 5,
            "status": "Requested",
            "fixity_algorithm": "sha256",
            "replication_id": "hathi-24",
            "fixity_nonce": "",
            "updated_at": "2015-05-22T20:35:04.963Z",
            "fixity_accept": null,
            "from_node": "2",
            "bag": "dfdcd3f7-de65-4197-8d62-540e4880bb87",
            "protocol": "R",
            "bag_valid": null,
            "fixity_value": "",
            "link": "dpn.sdr@devops.hathi.org:outbound/06edc30f-af04-4a4e-4ad6-3c679a195d46.tar"
        },
        "pk": 24
    },
    {
        "model": "data.restoretransfer",
        "fields": {
            "updated_at": "2015-06-01T19:07:53.918Z",
            "bag": "badd301e-d803-4bab-8b40-1eb4601c7793",
            "created_at": "2015-06-01T19:07:53.917Z",
            "from_node": 4,
            "to_node": "2",
            "status": "Requested",
            "protocol": "R",
            "restore_id": "hathi-1",
            "link": "rsync://mnt/staging/41e5376c-cc13-4c3e-6af3-297cc2e005aa.tar"
        },
        "pk": 1
    },
    {
        "model": "data.restoretransfer",
        "fields": {
            "updated_at": "2015-06-01T19:15:14.867Z",
            "bag": "dfdcd3f7-de65-4197-8d62-540e4880bb87",
            "created_at": "2015-06-01T19:07:53.951Z",
            "from_node": 3,
            "to_node": "2",
            "status": "Requested",
            "protocol": "R",
            "restore_id": "hathi-2",
            "link": "rsync://mnt/staging/06edc30f-af04-4a4e-4ad6-3c679a195d46.tar"
        },
        "pk": 2
    },
    {
        "model": "data.restoretransfer",
        "fields": {
            "updated_at": "2015-06-01T19:09:16.091Z",
            "bag": "589633d5-f697-4f4f-8867-bb2a0e65ea85",
            "created_at": "2015-06-01T19:09:16.090Z",
            "from_node": 4,
            "to_node": "2",
            "status": "Requested",
            "protocol": "R",
            "restore_id": "hathi-3",
            "link": "rsync://mnt/staging/6029850a-b6a3-4c77-8c7a-606170ea9f95.tar"
        },
        "pk": 3
    },
    {
        "model": "data.restoretransfer",
        "fields": {
            "updated_at": "2015-06-01T19:15:59.535Z",
            "bag": "fd7038d8-d664-4f4d-a0ff-c8541f47b4f3",
            "created_at": "2015-06-01T19:09:16.123Z",
            "from_node": 3,
            "to_node": "2",
            "status": "Requested",
            "protocol": "R",
            "restore_id": "hathi-4",
            "link": "rsync://mnt/staging/472218b3-95ce-4b8e-6c21-6e514cfbe43f.tar"
        },
        "pk": 4
    },
    {
        "model": "auth.permission",
        "fields": {
            "name": "Can add log entry",
            "content_type": 1,
            "codename": "add_logentry"
        },
        "pk": 1
    },
    {
        "model": "auth.permission",
        "fields": {
            "name": "Can change log entry",
            "content_type": 1,
            "codename": "change_logentry"
        },
        "pk": 2
    },
    {
        "model": "auth.permission",
        "fields": {
            "name": "Can delete log entry",
            "content_type": 1,
            "codename": "delete_logentry"
        },
        "pk": 3
    },
    {
        "model": "auth.permission",
        "fields": {
            "name": "Can add permission",
            "content_type": 2,
            "codename": "add_permission"
        },
        "pk": 4
    },
    {
        "model": "auth.permission",
        "fields": {
            "name": "Can change permission",
            "content_type": 2,
            "codename": "change_permission"
        },
        "pk": 5
    },
    {
        "model": "auth.permission",
        "fields": {
            "name": "Can delete permission",
            "content_type": 2,
            "codename": "delete_permission"
        },
        "pk": 6
    },
    {
        "model": "auth.permission",
        "fields": {
            "name": "Can add group",
            "content_type": 3,
            "codename": "add_group"
        },
        "pk": 7
    },
    {
        "model": "auth.permission",
        "fields": {
            "name": "Can change group",
            "content_type": 3,
            "codename": "change_group"
        },
        "pk": 8
    },
    {
        "model": "auth.permission",
        "fields": {
            "name": "Can delete group",
            "content_type": 3,
            "codename": "delete_group"
        },
        "pk": 9
    },
    {
        "model": "auth.permission",
        "fields": {
            "name": "Can add user",
            "content_type": 4,
            "codename": "add_user"
        },
        "pk": 10
    },
    {
        "model": "auth.permission",
        "fields": {
            "name": "Can change user",
            "content_type": 4,
            "codename": "change_user"
        },
        "pk": 11
    },
    {
        "model": "auth.permission",
        "fields": {
            "name": "Can delete user",
            "content_type": 4,
            "codename": "delete_user"
        },
        "pk": 12
    },
    {
        "model": "auth.permission",
        "fields": {
            "name": "Can add content type",
            "content_type": 5,
            "codename": "add_contenttype"
        },
        "pk": 13
    },
    {
        "model": "auth.permission",
        "fields": {
            "name": "Can change content type",
            "content_type": 5,
            "codename": "change_contenttype"
        },
        "pk": 14
    },
    {
        "model": "auth.permission",
        "fields": {
            "name": "Can delete content type",
            "content_type": 5,
            "codename": "delete_contenttype"
        },
        "pk": 15
    },
    {
        "model": "auth.permission",
        "fields": {
            "name": "Can add session",
            "content_type": 6,
            "codename": "add_session"
        },
        "pk": 16
    },
    {
        "model": "auth.permission",
        "fields": {
            "name": "Can change session",
            "content_type": 6,
            "codename": "change_session"
        },
        "pk": 17
    },
    {
        "model": "auth.permission",
        "fields": {
            "name": "Can delete session",
            "content_type": 6,
            "codename": "delete_session"
        },
        "pk": 18
    },
    {
        "model": "auth.permission",
        "fields": {
            "name": "Can add token",
            "content_type": 7,
            "codename": "add_token"
        },
        "pk": 19
    },
    {
        "model": "auth.permission",
        "fields": {
            "name": "Can change token",
            "content_type": 7,
            "codename": "change_token"
        },
        "pk": 20
    },
    {
        "model": "auth.permission",
        "fields": {
            "name": "Can delete token",
            "content_type": 7,
            "codename": "delete_token"
        },
        "pk": 21
    },
    {
        "model": "auth.permission",
        "fields": {
            "name": "Can add protocol",
            "content_type": 8,
            "codename": "add_protocol"
        },
        "pk": 22
    },
    {
        "model": "auth.permission",
        "fields": {
            "name": "Can change protocol",
            "content_type": 8,
            "codename": "change_protocol"
        },
        "pk": 23
    },
    {
        "model": "auth.permission",
        "fields": {
            "name": "Can delete protocol",
            "content_type": 8,
            "codename": "delete_protocol"
        },
        "pk": 24
    },
    {
        "model": "auth.permission",
        "fields": {
            "name": "Can add fixity algorithm",
            "content_type": 9,
            "codename": "add_fixityalgorithm"
        },
        "pk": 25
    },
    {
        "model": "auth.permission",
        "fields": {
            "name": "Can change fixity algorithm",
            "content_type": 9,
            "codename": "change_fixityalgorithm"
        },
        "pk": 26
    },
    {
        "model": "auth.permission",
        "fields": {
            "name": "Can delete fixity algorithm",
            "content_type": 9,
            "codename": "delete_fixityalgorithm"
        },
        "pk": 27
    },
    {
        "model": "auth.permission",
        "fields": {
            "name": "Can add node",
            "content_type": 10,
            "codename": "add_node"
        },
        "pk": 28
    },
    {
        "model": "auth.permission",
        "fields": {
            "name": "Can change node",
            "content_type": 10,
            "codename": "change_node"
        },
        "pk": 29
    },
    {
        "model": "auth.permission",
        "fields": {
            "name": "Can delete node",
            "content_type": 10,
            "codename": "delete_node"
        },
        "pk": 30
    },
    {
        "model": "auth.permission",
        "fields": {
            "name": "Can add storage",
            "content_type": 11,
            "codename": "add_storage"
        },
        "pk": 31
    },
    {
        "model": "auth.permission",
        "fields": {
            "name": "Can change storage",
            "content_type": 11,
            "codename": "change_storage"
        },
        "pk": 32
    },
    {
        "model": "auth.permission",
        "fields": {
            "name": "Can delete storage",
            "content_type": 11,
            "codename": "delete_storage"
        },
        "pk": 33
    },
    {
        "model": "auth.permission",
        "fields": {
            "name": "Can add bag",
            "content_type": 12,
            "codename": "add_bag"
        },
        "pk": 34
    },
    {
        "model": "auth.permission",
        "fields": {
            "name": "Can change bag",
            "content_type": 12,
            "codename": "change_bag"
        },
        "pk": 35
    },
    {
        "model": "auth.permission",
        "fields": {
            "name": "Can delete bag",
            "content_type": 12,
            "codename": "delete_bag"
        },
        "pk": 36
    },
    {
        "model": "auth.permission",
        "fields": {
            "name": "Can add fixity",
            "content_type": 13,
            "codename": "add_fixity"
        },
        "pk": 37
    },
    {
        "model": "auth.permission",
        "fields": {
            "name": "Can change fixity",
            "content_type": 13,
            "codename": "change_fixity"
        },
        "pk": 38
    },
    {
        "model": "auth.permission",
        "fields": {
            "name": "Can delete fixity",
            "content_type": 13,
            "codename": "delete_fixity"
        },
        "pk": 39
    },
    {
        "model": "auth.permission",
        "fields": {
            "name": "Can add replication transfer",
            "content_type": 14,
            "codename": "add_replicationtransfer"
        },
        "pk": 40
    },
    {
        "model": "auth.permission",
        "fields": {
            "name": "Can change replication transfer",
            "content_type": 14,
            "codename": "change_replicationtransfer"
        },
        "pk": 41
    },
    {
        "model": "auth.permission",
        "fields": {
            "name": "Can delete replication transfer",
            "content_type": 14,
            "codename": "delete_replicationtransfer"
        },
        "pk": 42
    },
    {
        "model": "auth.permission",
        "fields": {
            "name": "Can add restore transfer",
            "content_type": 15,
            "codename": "add_restoretransfer"
        },
        "pk": 43
    },
    {
        "model": "auth.permission",
        "fields": {
            "name": "Can change restore transfer",
            "content_type": 15,
            "codename": "change_restoretransfer"
        },
        "pk": 44
    },
    {
        "model": "auth.permission",
        "fields": {
            "name": "Can delete restore transfer",
            "content_type": 15,
            "codename": "delete_restoretransfer"
        },
        "pk": 45
    },
    {
        "model": "auth.permission",
        "fields": {
            "name": "Can add user profile",
            "content_type": 16,
            "codename": "add_userprofile"
        },
        "pk": 46
    },
    {
        "model": "auth.permission",
        "fields": {
            "name": "Can change user profile",
            "content_type": 16,
            "codename": "change_userprofile"
        },
        "pk": 47
    },
    {
        "model": "auth.permission",
        "fields": {
            "name": "Can delete user profile",
            "content_type": 16,
            "codename": "delete_userprofile"
        },
        "pk": 48
    },
    {
        "model": "auth.group",
        "fields": {
            "name": "api_users",
            "permissions": [
                41,
                44
            ]
        },
        "pk": 1
    },
    {
        "model": "auth.group",
        "fields": {
            "name": "api_admins",
            "permissions": [
                34,
                35,
                37,
                28,
                29,
                40,
                41,
                43,
                44
            ]
        },
        "pk": 2
    },
    {
        "model": "auth.user",
        "fields": {
            "groups": [
                2
            ],
            "last_name": "",
            "email": "andrew.diamond@aptrust.org",
            "is_superuser": true,
            "password": "pbkdf2_sha256$15000$Klz2TFoxY8xE$/I58ocVVFVI2xLCEfaCS0BJXEuKbCMSu7nmBAPENGXo=",
            "date_joined": "2015-05-04T17:27:12Z",
            "is_active": true,
            "last_login": "2015-06-05T14:46:20.744Z",
            "user_permissions": [],
            "first_name": "",
            "username": "andrew.diamond@aptrust.org",
            "is_staff": true
        },
        "pk": 1
    },
    {
        "model": "auth.user",
        "fields": {
            "groups": [
                1
            ],
            "last_name": "",
            "email": "",
            "is_superuser": false,
            "password": "pbkdf2_sha256$15000$Vjhj7WKEdpQ6$SqeAlTHG9ViWwlWjt0ETYLFIN97WjOBb5uOb9x3hBSE=",
            "date_joined": "2015-05-04T17:30:31Z",
            "is_active": true,
            "last_login": "2015-05-04T17:30:31Z",
            "user_permissions": [],
            "first_name": "",
            "username": "chron_user",
            "is_staff": false
        },
        "pk": 2
    },
    {
        "model": "auth.user",
        "fields": {
            "groups": [
                1
            ],
            "last_name": "",
            "email": "",
            "is_superuser": false,
            "password": "pbkdf2_sha256$15000$6QXSo1C11nc9$C+Dult7lXQtHbHYeJmwqzbyUuCXeF6acDPNtmy9eVqo=",
            "date_joined": "2015-05-04T17:30:42Z",
            "is_active": true,
            "last_login": "2015-05-04T17:30:42Z",
            "user_permissions": [],
            "first_name": "",
            "username": "hathi_user",
            "is_staff": false
        },
        "pk": 3
    },
    {
        "model": "auth.user",
        "fields": {
            "groups": [
                1
            ],
            "last_name": "",
            "email": "",
            "is_superuser": false,
            "password": "pbkdf2_sha256$15000$as2Swb1GL41J$RKGTkc9PtK5lVvqQ+lIgYI0N9EXxbbbiBq7OTausqiA=",
            "date_joined": "2015-05-04T17:31:13Z",
            "is_active": true,
            "last_login": "2015-05-04T17:31:13Z",
            "user_permissions": [],
            "first_name": "",
            "username": "sdr_user",
            "is_staff": false
        },
        "pk": 4
    },
    {
        "model": "auth.user",
        "fields": {
            "groups": [
                1
            ],
            "last_name": "",
            "email": "",
            "is_superuser": false,
            "password": "pbkdf2_sha256$15000$vuhkbKTdL7Y2$73CBo5jQEpVmVLmwshbbTYX4aQNuHm4DOA8b/HW6O8w=",
            "date_joined": "2015-05-04T17:31:28Z",
            "is_active": true,
            "last_login": "2015-05-04T17:31:28Z",
            "user_permissions": [],
            "first_name": "",
            "username": "tdr_user",
            "is_staff": false
        },
        "pk": 5
    },
    {
        "model": "auth.user",
        "fields": {
            "groups": [
                2
            ],
            "last_name": "",
            "email": "",
            "is_superuser": true,
            "password": "pbkdf2_sha256$15000$Quw05XjFKquA$/07Iz2oNKFAYdmG+FOqH5AVtpCc59sQAHuSFBEZrZnE=",
            "date_joined": "2015-05-04T17:32:19Z",
            "is_active": true,
            "last_login": "2015-05-04T17:32:19Z",
            "user_permissions": [],
            "first_name": "",
            "username": "aptrust_user",
            "is_staff": true
        },
        "pk": 6
    },
    {
        "model": "authtoken.token",
        "fields": {
            "created": "2015-05-04T17:32:48.340Z",
            "user": 4
        },
        "pk": "4444444444444444444444444444444444444444"
    },
    {
        "model": "authtoken.token",
        "fields": {
            "created": "2015-05-04T17:32:02.226Z",
            "user": 2
        },
        "pk": "2222222222222222222222222222222222222222"
    },
    {
        "model": "authtoken.token",
        "fields": {
            "created": "2015-05-04T17:32:51.887Z",
            "user": 5
        },
        "pk": "5555555555555555555555555555555555555555"
    },
    {
        "model": "authtoken.token",
        "fields": {
            "created": "2015-05-04T17:32:44.335Z",
            "user": 3
        },
        "pk": "3333333333333333333333333333333333333333"
    },
    {
        "model": "authtoken.token",
        "fields": {
            "created": "2015-05-04T17:32:40.676Z",
            "user": 6
        },
        "pk": "6666666666666666666666666666666666666666"
    },
    {
        "model": "data.userprofile",
        "fields": {
            "node": 1,
            "user": 1
        },
        "pk": 1
    },
    {
        "model": "data.userprofile",
        "fields": {
            "node": 3,
            "user": 2
        },
        "pk": 2
    },
    {
        "model": "data.userprofile",
        "fields": {
            "node": 2,
            "user": 3
        },
        "pk": 3
    },
    {
        "model": "data.userprofile",
        "fields": {
            "node": 5,
            "user": 4
        },
        "pk": 4
    },
    {
        "model": "data.userprofile",
        "fields": {
            "node": 4,
            "user": 5
        },
        "pk": 5
    },
    {
        "model": "data.userprofile",
        "fields": {
            "node": 1,
            "user": 6
        },
        "pk": 6
    },
    {
        "model": "auth.user",
        "fields": {
            "groups": [
                2
            ],
            "last_name": "admin",
            "email": "hathi_admin@aptrust.org",
            "is_superuser": true,
            "password": "pbkdf2_sha256$15000$Klz2TFoxY8xE$/I58ocVVFVI2xLCEfaCS0BJXEuKbCMSu7nmBAPENGXo=",
            "date_joined": "2015-05-04T17:27:12Z",
            "is_active": true,
            "last_login": "2015-06-05T14:46:20.744Z",
            "user_permissions": [],
            "first_name": "hathi",
            "username": "hathi_admin",
            "is_staff": true
        },
        "pk": 7
    },
    {
        "model": "authtoken.token",
        "fields": {
            "created": "2015-05-04T17:32:48.340Z",
            "user": 7
        },
        "pk": "0000000000000000000000000000000000000000"
    },
    {
        "model": "data.userprofile",
        "fields": {
            "node": "2",
            "user": 7
        },
        "pk": 7
    }
]
