[
    {
        "fields": {
            "app_label": "admin",
            "name": "log entry",
            "model": "logentry"
        },
        "pk": 1,
        "model": "contenttypes.contenttype"
    },
    {
        "fields": {
            "app_label": "auth",
            "name": "permission",
            "model": "permission"
        },
        "pk": 2,
        "model": "contenttypes.contenttype"
    },
    {
        "fields": {
            "app_label": "auth",
            "name": "group",
            "model": "group"
        },
        "pk": 3,
        "model": "contenttypes.contenttype"
    },
    {
        "fields": {
            "app_label": "auth",
            "name": "user",
            "model": "user"
        },
        "pk": 4,
        "model": "contenttypes.contenttype"
    },
    {
        "fields": {
            "app_label": "contenttypes",
            "name": "content type",
            "model": "contenttype"
        },
        "pk": 5,
        "model": "contenttypes.contenttype"
    },
    {
        "fields": {
            "app_label": "sessions",
            "name": "session",
            "model": "session"
        },
        "pk": 6,
        "model": "contenttypes.contenttype"
    },
    {
        "fields": {
            "app_label": "authtoken",
            "name": "token",
            "model": "token"
        },
        "pk": 7,
        "model": "contenttypes.contenttype"
    },
    {
        "fields": {
            "app_label": "data",
            "name": "protocol",
            "model": "protocol"
        },
        "pk": 8,
        "model": "contenttypes.contenttype"
    },
    {
        "fields": {
            "app_label": "data",
            "name": "fixity algorithm",
            "model": "fixityalgorithm"
        },
        "pk": 9,
        "model": "contenttypes.contenttype"
    },
    {
        "fields": {
            "app_label": "data",
            "name": "node",
            "model": "node"
        },
        "pk": 10,
        "model": "contenttypes.contenttype"
    },
    {
        "fields": {
            "app_label": "data",
            "name": "storage",
            "model": "storage"
        },
        "pk": 11,
        "model": "contenttypes.contenttype"
    },
    {
        "fields": {
            "app_label": "data",
            "name": "bag",
            "model": "bag"
        },
        "pk": 12,
        "model": "contenttypes.contenttype"
    },
    {
        "fields": {
            "app_label": "data",
            "name": "fixity",
            "model": "fixity"
        },
        "pk": 13,
        "model": "contenttypes.contenttype"
    },
    {
        "fields": {
            "app_label": "data",
            "name": "replication transfer",
            "model": "replicationtransfer"
        },
        "pk": 14,
        "model": "contenttypes.contenttype"
    },
    {
        "fields": {
            "app_label": "data",
            "name": "restore transfer",
            "model": "restoretransfer"
        },
        "pk": 15,
        "model": "contenttypes.contenttype"
    },
    {
        "fields": {
            "app_label": "data",
            "name": "user profile",
            "model": "userprofile"
        },
        "pk": 16,
        "model": "contenttypes.contenttype"
    },
    {
        "fields": {
            "expire_date": "2015-06-11T15:27:32.973Z",
            "session_data": "NTg2OGYzZGY0ZDg4NzgzMmJhNjc1ZmI1YTVkNTU4NjQ5OTI4ZWI0Zjp7fQ=="
        },
        "pk": "avyqv3v2o241jaeubjgrqxhvuusq5869",
        "model": "sessions.session"
    },
    {
        "fields": {
            "expire_date": "2015-06-11T15:37:38.369Z",
            "session_data": "NGQ0M2M5Y2VmYTdmYTU1N2Q3ODY4YTcyYWYwZTI3ZTY0MWViOTIzZjp7Il9hdXRoX3VzZXJfaGFzaCI6IjYyNzc0ZDEzNjU5ZDNmMjMzZjU1YTU0ZmIyMTFkN2QxY2I4Y2EyMTAiLCJfYXV0aF91c2VyX2lkIjoxLCJfYXV0aF91c2VyX2JhY2tlbmQiOiJkamFuZ28uY29udHJpYi5hdXRoLmJhY2tlbmRzLk1vZGVsQmFja2VuZCJ9"
        },
        "pk": "mwq5wdy13bdicy3q0aa81fxgds57io1s",
        "model": "sessions.session"
    },
    {
        "fields": {
            "expire_date": "2015-06-19T14:46:20.746Z",
            "session_data": "MTdjM2MwMDhiMjk3ZTkzNzZhNzQ2NjJhYjY0ZDI3Nzc0MzE3OTc2ZTp7Il9hdXRoX3VzZXJfaWQiOjEsIl9hdXRoX3VzZXJfaGFzaCI6IjJiOThkZjg4NWFkZTBkNjM1MzAyNWQ4ZWUxNThmMzM4YTUyMzQxMDIiLCJfYXV0aF91c2VyX2JhY2tlbmQiOiJkamFuZ28uY29udHJpYi5hdXRoLmJhY2tlbmRzLk1vZGVsQmFja2VuZCJ9"
        },
        "pk": "r7qvyc2j5b61anwkwkdjycjo4ooi6tw6",
        "model": "sessions.session"
    },
    {
        "fields": {
            "expire_date": "2015-05-18T17:28:10.868Z",
            "session_data": "MjZlYmU4OTIyYmE0ZDk1NDgxZWI2OTg4N2FjYWQ5NTJjMjQ0NmE0Njp7Il9hdXRoX3VzZXJfaWQiOjEsIl9hdXRoX3VzZXJfYmFja2VuZCI6ImRqYW5nby5jb250cmliLmF1dGguYmFja2VuZHMuTW9kZWxCYWNrZW5kIiwiX2F1dGhfdXNlcl9oYXNoIjoiNjI3NzRkMTM2NTlkM2YyMzNmNTVhNTRmYjIxMWQ3ZDFjYjhjYTIxMCJ9"
        },
        "pk": "u2vcbildcyb30u58brkxt5dt3klydizn",
        "model": "sessions.session"
    },
    {
        "fields": {},
        "pk": "rsync",
        "model": "data.protocol"
    },
    {
        "fields": {},
        "pk": "sha256",
        "model": "data.fixityalgorithm"
    },
    {
        "fields": {
            "api_root": "https://devops.aptrust.org/dpnode/",
            "ssh_pubkey": "",
            "replicate_to": [
                3,
                4
            ],
            "namespace": "aptrust",
            "replicate_from": [
                2,
                3,
                4,
                5
            ],
            "fixity_algorithms": [
                "sha256"
            ],
            "name": "APTrust",
            "ssh_username": "dpn.aptrust",
            "protocols": [
                "rsync"
            ],
            "restore_to": [
                2,
                3,
                4,
                5
            ],
            "restore_from": [
                2,
                3,
                4,
                5
            ],
            "created_at": "2015-05-04T17:34:41.782Z",
            "updated_at": "2015-05-22T19:31:13.235Z",
            "last_pull_date": null
        },
        "pk": 1,
        "model": "data.node"
    },
    {
        "fields": {
            "api_root": "https://dpn.hathitrust.org/",
            "ssh_pubkey": "",
            "replicate_to": [
                1,
                3,
                4
            ],
            "namespace": "hathi",
            "replicate_from": [
                1,
                3,
                4,
                5
            ],
            "fixity_algorithms": [
                "sha256"
            ],
            "name": "Hathi Trust",
            "ssh_username": "dpn.hathi",
            "protocols": [
                "rsync"
            ],
            "restore_to": [
                1,
                3,
                4,
                5
            ],
            "restore_from": [
                1,
                3,
                4,
                5
            ],
            "created_at": "2015-05-04T17:36:16.462Z",
            "updated_at": "2015-05-22T19:31:06.857Z",
            "last_pull_date": null
        },
        "pk": 2,
        "model": "data.node"
    },
    {
        "fields": {
            "api_root": "https://chronopolis01.umiacs.umd.edu/",
            "ssh_pubkey": "",
            "replicate_to": [
                1,
                4
            ],
            "namespace": "chron",
            "replicate_from": [
                1,
                2,
                4,
                5
            ],
            "fixity_algorithms": [
                "sha256"
            ],
            "name": "Chronopolis",
            "ssh_username": "dpn.chron",
            "protocols": [
                "rsync"
            ],
            "restore_to": [
                1,
                2,
                4,
                5
            ],
            "restore_from": [
                1,
                2,
                4,
                5
            ],
            "created_at": "2015-05-04T17:36:47.116Z",
            "updated_at": "2015-05-22T19:31:00.048Z",
            "last_pull_date": null
        },
        "pk": 3,
        "model": "data.node"
    },
    {
        "fields": {
            "api_root": "https://rest.lib.utexas.edu/",
            "ssh_pubkey": "ssh-rsa AAAAB3NzaC1yc2EAAAADAQABAAABAQCs/ZRcJQhegudN7jWEbW7jUJuMtiIruhNeiLOUXQwfZ4tV4ksOFribYLHnFaTTPtPVFtkt6Rsc+4h9FfqPE83QXKFucJ3DYAmW0/baYbzOmdEn+EsajiDQA4B/mCbjfiFTHK0bLsYshCx+jfcRmKzgMHbj5qoW8Dy8IK0TR+iA+KyPLaZPoXB+jb7xlF8lKppsvNfZzebMGqvO3XMGM0QIVKzmJEOg8QBCUl4hPxRApwLc5UJz2up/nhO4g3Yv6Uh1/IGpxZopCF9Svl3rQNPyu43rsWuyF/R0tu0saVCb/e21L9ZUG3jb2BOmRIPozwPgpWMNFrnk3dDmcpVHc0Kp tdr@rest.lib.utexas.edu",
            "replicate_to": [
                1,
                3
            ],
            "namespace": "tdr",
            "replicate_from": [
                1,
                2,
                3,
                5
            ],
            "fixity_algorithms": [
                "sha256"
            ],
            "name": "TDR",
            "ssh_username": "dpn.tdr",
            "protocols": [
                "rsync"
            ],
            "restore_to": [
                1,
                2,
                3,
                5
            ],
            "restore_from": [
                1,
                2,
                3,
                5
            ],
            "created_at": "2015-05-04T17:37:14.930Z",
            "updated_at": "2015-05-22T19:30:53.523Z",
            "last_pull_date": null
        },
        "pk": 4,
        "model": "data.node"
    },
    {
        "fields": {
            "api_root": "https://dpn.stanford.edu/dpnrest/",
            "ssh_pubkey": "",
            "replicate_to": [
                1,
                3,
                4
            ],
            "namespace": "sdr",
            "replicate_from": [
                1,
                2,
                3,
                4
            ],
            "fixity_algorithms": [
                "sha256"
            ],
            "name": "SDR",
            "ssh_username": "dpn.sdr",
            "protocols": [
                "rsync"
            ],
            "restore_to": [
                1,
                2,
                3,
                4
            ],
            "restore_from": [
                1,
                2,
                3,
                4
            ],
            "created_at": "2015-05-04T17:37:43.640Z",
            "updated_at": "2015-05-22T19:30:47.386Z",
            "last_pull_date": null
        },
        "pk": 5,
        "model": "data.node"
    },
    {
        "fields": {
            "node": 5,
            "region": "CA",
            "storage_type": "Disk"
        },
        "pk": 1,
        "model": "data.storage"
    },
    {
        "fields": {
            "node": 4,
            "region": "TX",
            "storage_type": "irods"
        },
        "pk": 2,
        "model": "data.storage"
    },
    {
        "fields": {
            "node": 3,
            "region": "CA",
            "storage_type": "Disk"
        },
        "pk": 3,
        "model": "data.storage"
    },
    {
        "fields": {
            "node": 3,
            "region": "CO",
            "storage_type": "Disk"
        },
        "pk": 4,
        "model": "data.storage"
    },
    {
        "fields": {
            "node": 1,
            "region": "VA",
            "storage_type": "Amazon Glacier"
        },
        "pk": 5,
        "model": "data.storage"
    },
    {
        "fields": {
            "ingest_node": "3",
            "interpretive": [],
            "version": 1,
            "replicating_nodes": [],
            "first_version_uuid": "2fe3af6d-fed0-4a0d-bc63-b68ec202ad82",
            "created_at": "2015-05-22T19:08:37.847Z",
            "size": 71680,
            "local_id": "chron_bag_1",
            "updated_at": "2015-05-22T19:08:37.847Z",
            "bag_type": "D",
            "rights": [],
            "admin_node": "3"
        },
        "pk": "2fe3af6d-fed0-4a0d-bc63-b68ec202ad82",
        "model": "data.bag"
    },
    {
        "fields": {
            "ingest_node": "3",
            "interpretive": [],
            "version": 1,
            "replicating_nodes": [],
            "first_version_uuid": "031af3bd-af9d-4105-b440-5bcee6e94c92",
            "created_at": "2015-05-22T19:08:34.295Z",
            "size": 4005888,
            "local_id": "chron_bag_2",
            "updated_at": "2015-05-22T19:08:34.295Z",
            "bag_type": "D",
            "rights": [],
            "admin_node": "3"
        },
        "pk": "031af3bd-af9d-4105-b440-5bcee6e94c92",
        "model": "data.bag"
    },
    {
        "fields": {
            "ingest_node": "3",
            "interpretive": [],
            "version": 1,
            "replicating_nodes": [],
            "first_version_uuid": "66318fe4-45f1-4dd1-b7c1-a7f5b4aeb516",
            "created_at": "2015-05-22T19:08:36.599Z",
            "size": 44544,
            "local_id": "chron_bag_3",
            "updated_at": "2015-05-22T19:08:36.599Z",
            "bag_type": "D",
            "rights": [],
            "admin_node": "3"
        },
        "pk": "66318fe4-45f1-4dd1-b7c1-a7f5b4aeb516",
        "model": "data.bag"
    },
    {
        "fields": {
            "ingest_node": "3",
            "interpretive": [],
            "version": 1,
            "replicating_nodes": [],
            "first_version_uuid": "daa4a099-a643-4431-bd72-dfd5bb942a5b",
            "created_at": "2015-05-22T19:08:48.299Z",
            "size": 3974144,
            "local_id": "chron_bag_4",
            "updated_at": "2015-05-22T19:08:48.299Z",
            "bag_type": "D",
            "rights": [],
            "admin_node": "3"
        },
        "pk": "daa4a099-a643-4431-bd72-dfd5bb942a5b",
        "model": "data.bag"
    },
    {
        "fields": {
            "ingest_node": "3",
            "interpretive": [],
            "version": 1,
            "replicating_nodes": [],
            "first_version_uuid": "0d5cd03d-0b7e-4917-981b-17e90df38c3b",
            "created_at": "2015-05-22T19:08:38.798Z",
            "size": 44544,
            "local_id": "chron_bag_5",
            "updated_at": "2015-05-22T19:08:38.798Z",
            "bag_type": "D",
            "rights": [],
            "admin_node": "3"
        },
        "pk": "0d5cd03d-0b7e-4917-981b-17e90df38c3b",
        "model": "data.bag"
    },
    {
        "fields": {
            "ingest_node": "3",
            "interpretive": [],
            "version": 1,
            "replicating_nodes": [],
            "first_version_uuid": "67c35559-91d6-49e9-abbe-bbc3fd427db1",
            "created_at": "2015-05-04T17:41:22.903Z",
            "size": 44455566,
            "local_id": "chron_bag_6",
            "updated_at": "2015-05-04T17:41:22.903Z",
            "bag_type": "D",
            "rights": [],
            "admin_node": "3"
        },
        "pk": "67c35559-91d6-49e9-abbe-bbc3fd427db1",
        "model": "data.bag"
    },
    {
        "fields": {
            "ingest_node": "3",
            "interpretive": [],
            "version": 1,
            "replicating_nodes": [],
            "first_version_uuid": "ec4d430c-49ed-494e-a203-8a6a42984a25",
            "created_at": "2015-05-04T17:41:51.909Z",
            "size": 7766554,
            "local_id": "chron_bag_7",
            "updated_at": "2015-05-04T17:41:51.909Z",
            "bag_type": "D",
            "rights": [],
            "admin_node": "3"
        },
        "pk": "ec4d430c-49ed-494e-a203-8a6a42984a25",
        "model": "data.bag"
    },
    {
        "fields": {
            "ingest_node": "3",
            "interpretive": [],
            "version": 1,
            "replicating_nodes": [],
            "first_version_uuid": "1c6a24ad-9f6d-47dc-a490-57928f3372a4",
            "created_at": "2015-05-22T19:08:35.388Z",
            "size": 62464,
            "local_id": "chron_bag_8",
            "updated_at": "2015-05-22T19:08:35.388Z",
            "bag_type": "D",
            "rights": [],
            "admin_node": "3"
        },
        "pk": "1c6a24ad-9f6d-47dc-a490-57928f3372a4",
        "model": "data.bag"
    },
    {
        "fields": {
            "created_at": "2015-05-22T19:08:34.298Z",
            "bag": "031af3bd-af9d-4105-b440-5bcee6e94c92",
            "digest": "353fba29e2bad3101de89533eb3b5882646af1353ab3aec7e27e5c5b8e0c5b69",
            "algorithm": "sha256"
        },
        "pk": 1180,
        "model": "data.fixity"
    },
    {
        "fields": {
            "created_at": "2015-05-22T19:08:35.390Z",
            "bag": "1c6a24ad-9f6d-47dc-a490-57928f3372a4",
            "digest": "e81f79fed2b4515e6a5c3f23161d0805172be1ca1f560ce29d3793cec2c79d89",
            "algorithm": "sha256"
        },
        "pk": 1181,
        "model": "data.fixity"
    },
    {
        "fields": {
            "created_at": "2015-05-22T19:08:36.602Z",
            "bag": "66318fe4-45f1-4dd1-b7c1-a7f5b4aeb516",
            "digest": "e112ad47b3b280b92a38af2c5be38da7f04b79f4b180cbb92811f74ebc831d18",
            "algorithm": "sha256"
        },
        "pk": 1182,
        "model": "data.fixity"
    },
    {
        "fields": {
            "created_at": "2015-05-22T19:08:37.850Z",
            "bag": "2fe3af6d-fed0-4a0d-bc63-b68ec202ad82",
            "digest": "13743e26e07afcdab0600104989c5e5de0271ed2dff61cf7804ea294060a75ac",
            "algorithm": "sha256"
        },
        "pk": 1183,
        "model": "data.fixity"
    },
    {
        "fields": {
            "created_at": "2015-05-22T19:08:38.800Z",
            "bag": "0d5cd03d-0b7e-4917-981b-17e90df38c3b",
            "digest": "6cb820f17c147ab9cd25a8c1f2adc7cf12a8070448dba35551e9c992e409688c",
            "algorithm": "sha256"
        },
        "pk": 1184,
        "model": "data.fixity"
    },
    {
        "fields": {
            "created_at": "2015-05-22T19:08:48.301Z",
            "bag": "daa4a099-a643-4431-bd72-dfd5bb942a5b",
            "digest": "5329a5d06216ca9effc42a6f5b7c492952334d8b188ebbdefbbd0b970ab981a3",
            "algorithm": "sha256"
        },
        "pk": 1185,
        "model": "data.fixity"
    },
    {
        "fields": {
            "created_at": "2015-06-05T14:56:54.626Z",
            "bag": "ec4d430c-49ed-494e-a203-8a6a42984a25",
            "digest": "0000000000000000000000000000000000000000000000000000000000000000",
            "algorithm": "sha256"
        },
        "pk": 1186,
        "model": "data.fixity"
    },
    {
        "fields": {
            "created_at": "2015-06-05T14:58:37.263Z",
            "bag": "67c35559-91d6-49e9-abbe-bbc3fd427db1",
            "digest": "9999999999999999999999999999999999999999999999999999999999999999",
            "algorithm": "sha256"
        },
        "pk": 1187,
        "model": "data.fixity"
    },
    {
        "fields": {
            "updated_at": "2015-05-28T16:15:35.884Z",
            "fixity_value": "",
            "link": "dpn.tdr@devops.chron.org:outbound/472218b3-95ce-4b8e-6c21-6e514cfbe43f.tar",
            "protocol": "R",
            "fixity_algorithm": "sha256",
            "bag_valid": null,
            "created_at": "2015-05-22T19:46:45.761Z",
            "to_node": 4,
            "replication_id": "chron-1",
            "fixity_nonce": "",
            "from_node": "3",
            "status": "Requested",
            "bag": "daa4a099-a643-4431-bd72-dfd5bb942a5b",
            "fixity_accept": null
        },
        "pk": 1,
        "model": "data.replicationtransfer"
    },
    {
        "fields": {
            "updated_at": "2015-05-28T16:15:37.916Z",
            "fixity_value": "",
            "link": "dpn.tdr@devops.chron.org:outbound/4d11736c-c0ab-44b0-66c6-a947f414d4f1.tar",
            "protocol": "R",
            "fixity_algorithm": "sha256",
            "bag_valid": null,
            "created_at": "2015-05-22T19:47:17.440Z",
            "to_node": 4,
            "replication_id": "chron-2",
            "fixity_nonce": "",
            "from_node": "3",
            "status": "Requested",
            "bag": "0d5cd03d-0b7e-4917-981b-17e90df38c3b",
            "fixity_accept": null
        },
        "pk": 2,
        "model": "data.replicationtransfer"
    },
    {
        "fields": {
            "updated_at": "2015-05-28T16:15:39.936Z",
            "fixity_value": "",
            "link": "dpn.tdr@devops.chron.org:outbound/005e7793-8253-4585-7118-2da702e29aa0.tar",
            "protocol": "R",
            "fixity_algorithm": "sha256",
            "bag_valid": null,
            "created_at": "2015-05-22T19:47:54.012Z",
            "to_node": 4,
            "replication_id": "chron-3",
            "fixity_nonce": "",
            "from_node": "3",
            "status": "Requested",
            "bag": "2fe3af6d-fed0-4a0d-bc63-b68ec202ad82",
            "fixity_accept": null
        },
        "pk": 3,
        "model": "data.replicationtransfer"
    },
    {
        "fields": {
            "updated_at": "2015-05-28T16:15:41.844Z",
            "fixity_value": "",
            "link": "dpn.tdr@devops.chron.org:outbound/41e5376c-cc13-4c3e-6af3-297cc2e005aa.tar",
            "protocol": "R",
            "fixity_algorithm": "sha256",
            "bag_valid": null,
            "created_at": "2015-05-22T19:48:25.049Z",
            "to_node": 4,
            "replication_id": "chron-4",
            "fixity_nonce": "",
            "from_node": "3",
            "status": "Requested",
            "bag": "66318fe4-45f1-4dd1-b7c1-a7f5b4aeb516",
            "fixity_accept": null
        },
        "pk": 4,
        "model": "data.replicationtransfer"
    },
    {
        "fields": {
            "updated_at": "2015-05-28T16:15:43.665Z",
            "fixity_value": "",
            "link": "dpn.tdr@devops.chron.org:outbound/8839f294-c7c0-404d-4467-7ab223ff461b.tar",
            "protocol": "R",
            "fixity_algorithm": "sha256",
            "bag_valid": null,
            "created_at": "2015-05-22T19:48:47.638Z",
            "to_node": 4,
            "replication_id": "chron-5",
            "fixity_nonce": "",
            "from_node": "3",
            "status": "Requested",
            "bag": "1c6a24ad-9f6d-47dc-a490-57928f3372a4",
            "fixity_accept": null
        },
        "pk": 5,
        "model": "data.replicationtransfer"
    },
    {
        "fields": {
            "updated_at": "2015-05-28T16:15:46.247Z",
            "fixity_value": "",
            "link": "dpn.tdr@devops.chron.org:outbound/06edc30f-af04-4a4e-4ad6-3c679a195d46.tar",
            "protocol": "R",
            "fixity_algorithm": "sha256",
            "bag_valid": null,
            "created_at": "2015-05-22T19:49:14.137Z",
            "to_node": 4,
            "replication_id": "chron-6",
            "fixity_nonce": "",
            "from_node": "3",
            "status": "Requested",
            "bag": "031af3bd-af9d-4105-b440-5bcee6e94c92",
            "fixity_accept": null
        },
        "pk": 6,
        "model": "data.replicationtransfer"
    },
    {
        "fields": {
            "updated_at": "2015-05-22T20:37:49.018Z",
            "fixity_value": "",
            "link": "dpn.chron@devops.chron.org:outbound/472218b3-95ce-4b8e-6c21-6e514cfbe43f.tar",
            "protocol": "R",
            "fixity_algorithm": "sha256",
            "bag_valid": null,
            "created_at": "2015-05-22T19:52:35.558Z",
            "to_node": 3,
            "replication_id": "chron-7",
            "fixity_nonce": "",
            "from_node": "3",
            "status": "Requested",
            "bag": "daa4a099-a643-4431-bd72-dfd5bb942a5b",
            "fixity_accept": null
        },
        "pk": 7,
        "model": "data.replicationtransfer"
    },
    {
        "fields": {
            "updated_at": "2015-05-22T20:37:39.660Z",
            "fixity_value": "",
            "link": "dpn.chron@devops.chron.org:outbound/4d11736c-c0ab-44b0-66c6-a947f414d4f1.tar",
            "protocol": "R",
            "fixity_algorithm": "sha256",
            "bag_valid": null,
            "created_at": "2015-05-22T19:53:05.313Z",
            "to_node": 3,
            "replication_id": "chron-8",
            "fixity_nonce": "",
            "from_node": "3",
            "status": "Requested",
            "bag": "0d5cd03d-0b7e-4917-981b-17e90df38c3b",
            "fixity_accept": null
        },
        "pk": 8,
        "model": "data.replicationtransfer"
    },
    {
        "fields": {
            "updated_at": "2015-05-22T20:37:29.331Z",
            "fixity_value": "",
            "link": "dpn.chron@devops.chron.org:outbound/005e7793-8253-4585-7118-2da702e29aa0.tar",
            "protocol": "R",
            "fixity_algorithm": "sha256",
            "bag_valid": null,
            "created_at": "2015-05-22T19:53:26.965Z",
            "to_node": 3,
            "replication_id": "chron-9",
            "fixity_nonce": "",
            "from_node": "3",
            "status": "Requested",
            "bag": "2fe3af6d-fed0-4a0d-bc63-b68ec202ad82",
            "fixity_accept": null
        },
        "pk": 9,
        "model": "data.replicationtransfer"
    },
    {
        "fields": {
            "updated_at": "2015-05-22T20:37:19.193Z",
            "fixity_value": "",
            "link": "dpn.chron@devops.chron.org:outbound/41e5376c-cc13-4c3e-6af3-297cc2e005aa.tar",
            "protocol": "R",
            "fixity_algorithm": "sha256",
            "bag_valid": null,
            "created_at": "2015-05-22T19:53:53.202Z",
            "to_node": 3,
            "replication_id": "chron-10",
            "fixity_nonce": "",
            "from_node": "3",
            "status": "Requested",
            "bag": "66318fe4-45f1-4dd1-b7c1-a7f5b4aeb516",
            "fixity_accept": null
        },
        "pk": 10,
        "model": "data.replicationtransfer"
    },
    {
        "fields": {
            "updated_at": "2015-05-22T20:37:09.977Z",
            "fixity_value": "",
            "link": "dpn.chron@devops.chron.org:outbound/8839f294-c7c0-404d-4467-7ab223ff461b.tar",
            "protocol": "R",
            "fixity_algorithm": "sha256",
            "bag_valid": null,
            "created_at": "2015-05-22T19:54:22.781Z",
            "to_node": 3,
            "replication_id": "chron-11",
            "fixity_nonce": "",
            "from_node": "3",
            "status": "Requested",
            "bag": "1c6a24ad-9f6d-47dc-a490-57928f3372a4",
            "fixity_accept": null
        },
        "pk": 11,
        "model": "data.replicationtransfer"
    },
    {
        "fields": {
            "updated_at": "2015-05-22T20:37:00.601Z",
            "fixity_value": "",
            "link": "dpn.chron@devops.chron.org:outbound/06edc30f-af04-4a4e-4ad6-3c679a195d46.tar",
            "protocol": "R",
            "fixity_algorithm": "sha256",
            "bag_valid": null,
            "created_at": "2015-05-22T19:54:46.423Z",
            "to_node": 3,
            "replication_id": "chron-12",
            "fixity_nonce": "",
            "from_node": "3",
            "status": "Requested",
            "bag": "031af3bd-af9d-4105-b440-5bcee6e94c92",
            "fixity_accept": null
        },
        "pk": 12,
        "model": "data.replicationtransfer"
    },
    {
        "fields": {
            "updated_at": "2015-05-22T20:36:50.800Z",
            "fixity_value": "",
            "link": "dpn.hathi@devops.chron.org:outbound/472218b3-95ce-4b8e-6c21-6e514cfbe43f.tar",
            "protocol": "R",
            "fixity_algorithm": "sha256",
            "bag_valid": null,
            "created_at": "2015-05-22T19:55:04.597Z",
            "to_node": 2,
            "replication_id": "chron-13",
            "fixity_nonce": "",
            "from_node": "3",
            "status": "Requested",
            "bag": "daa4a099-a643-4431-bd72-dfd5bb942a5b",
            "fixity_accept": null
        },
        "pk": 13,
        "model": "data.replicationtransfer"
    },
    {
        "fields": {
            "updated_at": "2015-05-22T20:36:41.319Z",
            "fixity_value": "",
            "link": "dpn.hathi@devops.chron.org:outbound/4d11736c-c0ab-44b0-66c6-a947f414d4f1.tar",
            "protocol": "R",
            "fixity_algorithm": "sha256",
            "bag_valid": null,
            "created_at": "2015-05-22T19:55:22.456Z",
            "to_node": 2,
            "replication_id": "chron-14",
            "fixity_nonce": "",
            "from_node": "3",
            "status": "Requested",
            "bag": "0d5cd03d-0b7e-4917-981b-17e90df38c3b",
            "fixity_accept": null
        },
        "pk": 14,
        "model": "data.replicationtransfer"
    },
    {
        "fields": {
            "updated_at": "2015-05-22T20:36:32.965Z",
            "fixity_value": "",
            "link": "dpn.hathi@devops.chron.org:outbound/005e7793-8253-4585-7118-2da702e29aa0.tar",
            "protocol": "R",
            "fixity_algorithm": "sha256",
            "bag_valid": null,
            "created_at": "2015-05-22T19:55:39.498Z",
            "to_node": 2,
            "replication_id": "chron-15",
            "fixity_nonce": "",
            "from_node": "3",
            "status": "Requested",
            "bag": "2fe3af6d-fed0-4a0d-bc63-b68ec202ad82",
            "fixity_accept": null
        },
        "pk": 15,
        "model": "data.replicationtransfer"
    },
    {
        "fields": {
            "updated_at": "2015-05-22T20:36:23.461Z",
            "fixity_value": "",
            "link": "dpn.hathi@devops.chron.org:outbound/41e5376c-cc13-4c3e-6af3-297cc2e005aa.tar",
            "protocol": "R",
            "fixity_algorithm": "sha256",
            "bag_valid": null,
            "created_at": "2015-05-22T19:55:56.121Z",
            "to_node": 2,
            "replication_id": "chron-16",
            "fixity_nonce": "",
            "from_node": "3",
            "status": "Requested",
            "bag": "66318fe4-45f1-4dd1-b7c1-a7f5b4aeb516",
            "fixity_accept": null
        },
        "pk": 16,
        "model": "data.replicationtransfer"
    },
    {
        "fields": {
            "updated_at": "2015-05-22T20:36:13.376Z",
            "fixity_value": "",
            "link": "dpn.hathi@devops.chron.org:outbound/8839f294-c7c0-404d-4467-7ab223ff461b.tar",
            "protocol": "R",
            "fixity_algorithm": "sha256",
            "bag_valid": null,
            "created_at": "2015-05-22T19:56:15.190Z",
            "to_node": 2,
            "replication_id": "chron-17",
            "fixity_nonce": "",
            "from_node": "3",
            "status": "Requested",
            "bag": "1c6a24ad-9f6d-47dc-a490-57928f3372a4",
            "fixity_accept": null
        },
        "pk": 17,
        "model": "data.replicationtransfer"
    },
    {
        "fields": {
            "updated_at": "2015-05-22T20:35:59.506Z",
            "fixity_value": "",
            "link": "dpn.hathi@devops.chron.org:outbound/06edc30f-af04-4a4e-4ad6-3c679a195d46.tar",
            "protocol": "R",
            "fixity_algorithm": "sha256",
            "bag_valid": null,
            "created_at": "2015-05-22T19:56:33.495Z",
            "to_node": 2,
            "replication_id": "chron-18",
            "fixity_nonce": "",
            "from_node": "3",
            "status": "Requested",
            "bag": "031af3bd-af9d-4105-b440-5bcee6e94c92",
            "fixity_accept": null
        },
        "pk": 18,
        "model": "data.replicationtransfer"
    },
    {
        "fields": {
            "updated_at": "2015-05-22T20:35:51.999Z",
            "fixity_value": "",
            "link": "dpn.sdr@devops.chron.org:outbound/472218b3-95ce-4b8e-6c21-6e514cfbe43f.tar",
            "protocol": "R",
            "fixity_algorithm": "sha256",
            "bag_valid": null,
            "created_at": "2015-05-22T19:58:45.141Z",
            "to_node": 5,
            "replication_id": "chron-19",
            "fixity_nonce": "",
            "from_node": "3",
            "status": "Requested",
            "bag": "daa4a099-a643-4431-bd72-dfd5bb942a5b",
            "fixity_accept": null
        },
        "pk": 19,
        "model": "data.replicationtransfer"
    },
    {
        "fields": {
            "updated_at": "2015-05-22T20:35:44.029Z",
            "fixity_value": "",
            "link": "dpn.sdr@devops.chron.org:outbound/4d11736c-c0ab-44b0-66c6-a947f414d4f1.tar",
            "protocol": "R",
            "fixity_algorithm": "sha256",
            "bag_valid": null,
            "created_at": "2015-05-22T19:59:00.615Z",
            "to_node": 5,
            "replication_id": "chron-20",
            "fixity_nonce": "",
            "from_node": "3",
            "status": "Requested",
            "bag": "0d5cd03d-0b7e-4917-981b-17e90df38c3b",
            "fixity_accept": null
        },
        "pk": 20,
        "model": "data.replicationtransfer"
    },
    {
        "fields": {
            "updated_at": "2015-05-22T20:35:32.192Z",
            "fixity_value": "",
            "link": "dpn.sdr@devops.chron.org:outbound/005e7793-8253-4585-7118-2da702e29aa0.tar",
            "protocol": "R",
            "fixity_algorithm": "sha256",
            "bag_valid": null,
            "created_at": "2015-05-22T19:59:17.197Z",
            "to_node": 5,
            "replication_id": "chron-21",
            "fixity_nonce": "",
            "from_node": "3",
            "status": "Requested",
            "bag": "2fe3af6d-fed0-4a0d-bc63-b68ec202ad82",
            "fixity_accept": null
        },
        "pk": 21,
        "model": "data.replicationtransfer"
    },
    {
        "fields": {
            "updated_at": "2015-05-22T20:35:24.670Z",
            "fixity_value": "",
            "link": "dpn.sdr@devops.chron.org:outbound/41e5376c-cc13-4c3e-6af3-297cc2e005aa.tar",
            "protocol": "R",
            "fixity_algorithm": "sha256",
            "bag_valid": null,
            "created_at": "2015-05-22T19:59:34.479Z",
            "to_node": 5,
            "replication_id": "chron-22",
            "fixity_nonce": "",
            "from_node": "3",
            "status": "Requested",
            "bag": "66318fe4-45f1-4dd1-b7c1-a7f5b4aeb516",
            "fixity_accept": null
        },
        "pk": 22,
        "model": "data.replicationtransfer"
    },
    {
        "fields": {
            "updated_at": "2015-05-22T20:35:14.862Z",
            "fixity_value": "",
            "link": "dpn.sdr@devops.chron.org:outbound/8839f294-c7c0-404d-4467-7ab223ff461b.tar",
            "protocol": "R",
            "fixity_algorithm": "sha256",
            "bag_valid": null,
            "created_at": "2015-05-22T19:59:54.032Z",
            "to_node": 5,
            "replication_id": "chron-23",
            "fixity_nonce": "",
            "from_node": "3",
            "status": "Requested",
            "bag": "1c6a24ad-9f6d-47dc-a490-57928f3372a4",
            "fixity_accept": null
        },
        "pk": 23,
        "model": "data.replicationtransfer"
    },
    {
        "fields": {
            "updated_at": "2015-05-22T20:35:04.963Z",
            "fixity_value": "",
            "link": "dpn.sdr@devops.chron.org:outbound/06edc30f-af04-4a4e-4ad6-3c679a195d46.tar",
            "protocol": "R",
            "fixity_algorithm": "sha256",
            "bag_valid": null,
            "created_at": "2015-05-22T20:00:12.597Z",
            "to_node": 5,
            "replication_id": "chron-24",
            "fixity_nonce": "",
            "from_node": "3",
            "status": "Requested",
            "bag": "031af3bd-af9d-4105-b440-5bcee6e94c92",
            "fixity_accept": null
        },
        "pk": 24,
        "model": "data.replicationtransfer"
    },
    {
        "fields": {
            "to_node": "3",
            "bag": "66318fe4-45f1-4dd1-b7c1-a7f5b4aeb516",
            "from_node": 4,
            "status": "Requested",
            "link": "rsync://mnt/staging/41e5376c-cc13-4c3e-6af3-297cc2e005aa.tar",
            "protocol": "R",
            "restore_id": "chron-1",
            "updated_at": "2015-06-01T19:07:53.918Z",
            "created_at": "2015-06-01T19:07:53.917Z"
        },
        "pk": 1,
        "model": "data.restoretransfer"
    },
    {
        "fields": {
            "to_node": "3",
            "bag": "031af3bd-af9d-4105-b440-5bcee6e94c92",
            "from_node": 3,
            "status": "Requested",
            "link": "rsync://mnt/staging/06edc30f-af04-4a4e-4ad6-3c679a195d46.tar",
            "protocol": "R",
            "restore_id": "chron-2",
            "updated_at": "2015-06-01T19:15:14.867Z",
            "created_at": "2015-06-01T19:07:53.951Z"
        },
        "pk": 2,
        "model": "data.restoretransfer"
    },
    {
        "fields": {
            "to_node": "3",
            "bag": "ec4d430c-49ed-494e-a203-8a6a42984a25",
            "from_node": 4,
            "status": "Requested",
            "link": "rsync://mnt/staging/6029850a-b6a3-4c77-8c7a-606170ea9f95.tar",
            "protocol": "R",
            "restore_id": "chron-3",
            "updated_at": "2015-06-01T19:09:16.091Z",
            "created_at": "2015-06-01T19:09:16.090Z"
        },
        "pk": 3,
        "model": "data.restoretransfer"
    },
    {
        "fields": {
            "to_node": "3",
            "bag": "daa4a099-a643-4431-bd72-dfd5bb942a5b",
            "from_node": 3,
            "status": "Requested",
            "link": "rsync://mnt/staging/472218b3-95ce-4b8e-6c21-6e514cfbe43f.tar",
            "protocol": "R",
            "restore_id": "chron-4",
            "updated_at": "2015-06-01T19:15:59.535Z",
            "created_at": "2015-06-01T19:09:16.123Z"
        },
        "pk": 4,
        "model": "data.restoretransfer"
    },
    {
        "fields": {
            "content_type": 1,
            "name": "Can add log entry",
            "codename": "add_logentry"
        },
        "pk": 1,
        "model": "auth.permission"
    },
    {
        "fields": {
            "content_type": 1,
            "name": "Can change log entry",
            "codename": "change_logentry"
        },
        "pk": 2,
        "model": "auth.permission"
    },
    {
        "fields": {
            "content_type": 1,
            "name": "Can delete log entry",
            "codename": "delete_logentry"
        },
        "pk": 3,
        "model": "auth.permission"
    },
    {
        "fields": {
            "content_type": 2,
            "name": "Can add permission",
            "codename": "add_permission"
        },
        "pk": 4,
        "model": "auth.permission"
    },
    {
        "fields": {
            "content_type": 2,
            "name": "Can change permission",
            "codename": "change_permission"
        },
        "pk": 5,
        "model": "auth.permission"
    },
    {
        "fields": {
            "content_type": 2,
            "name": "Can delete permission",
            "codename": "delete_permission"
        },
        "pk": 6,
        "model": "auth.permission"
    },
    {
        "fields": {
            "content_type": 3,
            "name": "Can add group",
            "codename": "add_group"
        },
        "pk": 7,
        "model": "auth.permission"
    },
    {
        "fields": {
            "content_type": 3,
            "name": "Can change group",
            "codename": "change_group"
        },
        "pk": 8,
        "model": "auth.permission"
    },
    {
        "fields": {
            "content_type": 3,
            "name": "Can delete group",
            "codename": "delete_group"
        },
        "pk": 9,
        "model": "auth.permission"
    },
    {
        "fields": {
            "content_type": 4,
            "name": "Can add user",
            "codename": "add_user"
        },
        "pk": 10,
        "model": "auth.permission"
    },
    {
        "fields": {
            "content_type": 4,
            "name": "Can change user",
            "codename": "change_user"
        },
        "pk": 11,
        "model": "auth.permission"
    },
    {
        "fields": {
            "content_type": 4,
            "name": "Can delete user",
            "codename": "delete_user"
        },
        "pk": 12,
        "model": "auth.permission"
    },
    {
        "fields": {
            "content_type": 5,
            "name": "Can add content type",
            "codename": "add_contenttype"
        },
        "pk": 13,
        "model": "auth.permission"
    },
    {
        "fields": {
            "content_type": 5,
            "name": "Can change content type",
            "codename": "change_contenttype"
        },
        "pk": 14,
        "model": "auth.permission"
    },
    {
        "fields": {
            "content_type": 5,
            "name": "Can delete content type",
            "codename": "delete_contenttype"
        },
        "pk": 15,
        "model": "auth.permission"
    },
    {
        "fields": {
            "content_type": 6,
            "name": "Can add session",
            "codename": "add_session"
        },
        "pk": 16,
        "model": "auth.permission"
    },
    {
        "fields": {
            "content_type": 6,
            "name": "Can change session",
            "codename": "change_session"
        },
        "pk": 17,
        "model": "auth.permission"
    },
    {
        "fields": {
            "content_type": 6,
            "name": "Can delete session",
            "codename": "delete_session"
        },
        "pk": 18,
        "model": "auth.permission"
    },
    {
        "fields": {
            "content_type": 7,
            "name": "Can add token",
            "codename": "add_token"
        },
        "pk": 19,
        "model": "auth.permission"
    },
    {
        "fields": {
            "content_type": 7,
            "name": "Can change token",
            "codename": "change_token"
        },
        "pk": 20,
        "model": "auth.permission"
    },
    {
        "fields": {
            "content_type": 7,
            "name": "Can delete token",
            "codename": "delete_token"
        },
        "pk": 21,
        "model": "auth.permission"
    },
    {
        "fields": {
            "content_type": 8,
            "name": "Can add protocol",
            "codename": "add_protocol"
        },
        "pk": 22,
        "model": "auth.permission"
    },
    {
        "fields": {
            "content_type": 8,
            "name": "Can change protocol",
            "codename": "change_protocol"
        },
        "pk": 23,
        "model": "auth.permission"
    },
    {
        "fields": {
            "content_type": 8,
            "name": "Can delete protocol",
            "codename": "delete_protocol"
        },
        "pk": 24,
        "model": "auth.permission"
    },
    {
        "fields": {
            "content_type": 9,
            "name": "Can add fixity algorithm",
            "codename": "add_fixityalgorithm"
        },
        "pk": 25,
        "model": "auth.permission"
    },
    {
        "fields": {
            "content_type": 9,
            "name": "Can change fixity algorithm",
            "codename": "change_fixityalgorithm"
        },
        "pk": 26,
        "model": "auth.permission"
    },
    {
        "fields": {
            "content_type": 9,
            "name": "Can delete fixity algorithm",
            "codename": "delete_fixityalgorithm"
        },
        "pk": 27,
        "model": "auth.permission"
    },
    {
        "fields": {
            "content_type": 10,
            "name": "Can add node",
            "codename": "add_node"
        },
        "pk": 28,
        "model": "auth.permission"
    },
    {
        "fields": {
            "content_type": 10,
            "name": "Can change node",
            "codename": "change_node"
        },
        "pk": 29,
        "model": "auth.permission"
    },
    {
        "fields": {
            "content_type": 10,
            "name": "Can delete node",
            "codename": "delete_node"
        },
        "pk": 30,
        "model": "auth.permission"
    },
    {
        "fields": {
            "content_type": 11,
            "name": "Can add storage",
            "codename": "add_storage"
        },
        "pk": 31,
        "model": "auth.permission"
    },
    {
        "fields": {
            "content_type": 11,
            "name": "Can change storage",
            "codename": "change_storage"
        },
        "pk": 32,
        "model": "auth.permission"
    },
    {
        "fields": {
            "content_type": 11,
            "name": "Can delete storage",
            "codename": "delete_storage"
        },
        "pk": 33,
        "model": "auth.permission"
    },
    {
        "fields": {
            "content_type": 12,
            "name": "Can add bag",
            "codename": "add_bag"
        },
        "pk": 34,
        "model": "auth.permission"
    },
    {
        "fields": {
            "content_type": 12,
            "name": "Can change bag",
            "codename": "change_bag"
        },
        "pk": 35,
        "model": "auth.permission"
    },
    {
        "fields": {
            "content_type": 12,
            "name": "Can delete bag",
            "codename": "delete_bag"
        },
        "pk": 36,
        "model": "auth.permission"
    },
    {
        "fields": {
            "content_type": 13,
            "name": "Can add fixity",
            "codename": "add_fixity"
        },
        "pk": 37,
        "model": "auth.permission"
    },
    {
        "fields": {
            "content_type": 13,
            "name": "Can change fixity",
            "codename": "change_fixity"
        },
        "pk": 38,
        "model": "auth.permission"
    },
    {
        "fields": {
            "content_type": 13,
            "name": "Can delete fixity",
            "codename": "delete_fixity"
        },
        "pk": 39,
        "model": "auth.permission"
    },
    {
        "fields": {
            "content_type": 14,
            "name": "Can add replication transfer",
            "codename": "add_replicationtransfer"
        },
        "pk": 40,
        "model": "auth.permission"
    },
    {
        "fields": {
            "content_type": 14,
            "name": "Can change replication transfer",
            "codename": "change_replicationtransfer"
        },
        "pk": 41,
        "model": "auth.permission"
    },
    {
        "fields": {
            "content_type": 14,
            "name": "Can delete replication transfer",
            "codename": "delete_replicationtransfer"
        },
        "pk": 42,
        "model": "auth.permission"
    },
    {
        "fields": {
            "content_type": 15,
            "name": "Can add restore transfer",
            "codename": "add_restoretransfer"
        },
        "pk": 43,
        "model": "auth.permission"
    },
    {
        "fields": {
            "content_type": 15,
            "name": "Can change restore transfer",
            "codename": "change_restoretransfer"
        },
        "pk": 44,
        "model": "auth.permission"
    },
    {
        "fields": {
            "content_type": 15,
            "name": "Can delete restore transfer",
            "codename": "delete_restoretransfer"
        },
        "pk": 45,
        "model": "auth.permission"
    },
    {
        "fields": {
            "content_type": 16,
            "name": "Can add user profile",
            "codename": "add_userprofile"
        },
        "pk": 46,
        "model": "auth.permission"
    },
    {
        "fields": {
            "content_type": 16,
            "name": "Can change user profile",
            "codename": "change_userprofile"
        },
        "pk": 47,
        "model": "auth.permission"
    },
    {
        "fields": {
            "content_type": 16,
            "name": "Can delete user profile",
            "codename": "delete_userprofile"
        },
        "pk": 48,
        "model": "auth.permission"
    },
    {
        "fields": {
            "permissions": [
                41,
                44
            ],
            "name": "api_users"
        },
        "pk": 1,
        "model": "auth.group"
    },
    {
        "fields": {
            "permissions": [
                34,
                35,
                37,
                28,
                29,
                40,
                41,
                43,
                44
            ],
            "name": "api_admins"
        },
        "pk": 2,
        "model": "auth.group"
    },
    {
        "fields": {
            "last_name": "",
            "is_superuser": true,
            "password": "pbkdf2_sha256$15000$Klz2TFoxY8xE$/I58ocVVFVI2xLCEfaCS0BJXEuKbCMSu7nmBAPENGXo=",
            "groups": [
                2
            ],
            "email": "andrew.diamond@aptrust.org",
            "is_active": true,
            "last_login": "2015-06-05T14:46:20.744Z",
            "first_name": "",
            "date_joined": "2015-05-04T17:27:12Z",
            "is_staff": true,
            "username": "andrew.diamond@aptrust.org",
            "user_permissions": []
        },
        "pk": 1,
        "model": "auth.user"
    },
    {
        "fields": {
            "last_name": "",
            "is_superuser": false,
            "password": "pbkdf2_sha256$15000$Vjhj7WKEdpQ6$SqeAlTHG9ViWwlWjt0ETYLFIN97WjOBb5uOb9x3hBSE=",
            "groups": [
                1
            ],
            "email": "",
            "is_active": true,
            "last_login": "2015-05-04T17:30:31Z",
            "first_name": "",
            "date_joined": "2015-05-04T17:30:31Z",
            "is_staff": false,
            "username": "chron_user",
            "user_permissions": []
        },
        "pk": 2,
        "model": "auth.user"
    },
    {
        "fields": {
            "last_name": "",
            "is_superuser": false,
            "password": "pbkdf2_sha256$15000$6QXSo1C11nc9$C+Dult7lXQtHbHYeJmwqzbyUuCXeF6acDPNtmy9eVqo=",
            "groups": [
                1
            ],
            "email": "",
            "is_active": true,
            "last_login": "2015-05-04T17:30:42Z",
            "first_name": "",
            "date_joined": "2015-05-04T17:30:42Z",
            "is_staff": false,
            "username": "hathi_user",
            "user_permissions": []
        },
        "pk": 3,
        "model": "auth.user"
    },
    {
        "fields": {
            "last_name": "",
            "is_superuser": false,
            "password": "pbkdf2_sha256$15000$as2Swb1GL41J$RKGTkc9PtK5lVvqQ+lIgYI0N9EXxbbbiBq7OTausqiA=",
            "groups": [
                1
            ],
            "email": "",
            "is_active": true,
            "last_login": "2015-05-04T17:31:13Z",
            "first_name": "",
            "date_joined": "2015-05-04T17:31:13Z",
            "is_staff": false,
            "username": "sdr_user",
            "user_permissions": []
        },
        "pk": 4,
        "model": "auth.user"
    },
    {
        "fields": {
            "last_name": "",
            "is_superuser": false,
            "password": "pbkdf2_sha256$15000$vuhkbKTdL7Y2$73CBo5jQEpVmVLmwshbbTYX4aQNuHm4DOA8b/HW6O8w=",
            "groups": [
                1
            ],
            "email": "",
            "is_active": true,
            "last_login": "2015-05-04T17:31:28Z",
            "first_name": "",
            "date_joined": "2015-05-04T17:31:28Z",
            "is_staff": false,
            "username": "tdr_user",
            "user_permissions": []
        },
        "pk": 5,
        "model": "auth.user"
    },
    {
        "fields": {
            "last_name": "",
            "is_superuser": true,
            "password": "pbkdf2_sha256$15000$Quw05XjFKquA$/07Iz2oNKFAYdmG+FOqH5AVtpCc59sQAHuSFBEZrZnE=",
            "groups": [
                2
            ],
            "email": "",
            "is_active": true,
            "last_login": "2015-05-04T17:32:19Z",
            "first_name": "",
            "date_joined": "2015-05-04T17:32:19Z",
            "is_staff": true,
            "username": "aptrust_user",
            "user_permissions": []
        },
        "pk": 6,
        "model": "auth.user"
    },
    {
        "fields": {
            "user": 4,
            "created": "2015-05-04T17:32:48.340Z"
        },
        "pk": "4444444444444444444444444444444444444444",
        "model": "authtoken.token"
    },
    {
        "fields": {
            "user": 2,
            "created": "2015-05-04T17:32:02.226Z"
        },
        "pk": "2222222222222222222222222222222222222222",
        "model": "authtoken.token"
    },
    {
        "fields": {
            "user": 5,
            "created": "2015-05-04T17:32:51.887Z"
        },
        "pk": "5555555555555555555555555555555555555555",
        "model": "authtoken.token"
    },
    {
        "fields": {
            "user": 3,
            "created": "2015-05-04T17:32:44.335Z"
        },
        "pk": "3333333333333333333333333333333333333333",
        "model": "authtoken.token"
    },
    {
        "fields": {
            "user": 6,
            "created": "2015-05-04T17:32:40.676Z"
        },
        "pk": "6666666666666666666666666666666666666666",
        "model": "authtoken.token"
    },
    {
        "fields": {
            "node": 1,
            "user": 1
        },
        "pk": 1,
        "model": "data.userprofile"
    },
    {
        "fields": {
            "node": 3,
            "user": 2
        },
        "pk": 2,
        "model": "data.userprofile"
    },
    {
        "fields": {
            "node": 2,
            "user": 3
        },
        "pk": 3,
        "model": "data.userprofile"
    },
    {
        "fields": {
            "node": 5,
            "user": 4
        },
        "pk": 4,
        "model": "data.userprofile"
    },
    {
        "fields": {
            "node": 4,
            "user": 5
        },
        "pk": 5,
        "model": "data.userprofile"
    },
    {
        "fields": {
            "node": 1,
            "user": 6
        },
        "pk": 6,
        "model": "data.userprofile"
    },
    {
        "fields": {
            "last_name": "admin",
            "is_superuser": true,
            "password": "pbkdf2_sha256$15000$Klz2TFoxY8xE$/I58ocVVFVI2xLCEfaCS0BJXEuKbCMSu7nmBAPENGXo=",
            "groups": [
                2
            ],
            "email": "chron_admin@aptrust.org",
            "is_active": true,
            "last_login": "2015-06-05T14:46:20.744Z",
            "first_name": "chron",
            "date_joined": "2015-05-04T17:27:12Z",
            "is_staff": true,
            "username": "chron_admin",
            "user_permissions": []
        },
        "pk": 7,
        "model": "auth.user"
    },
    {
        "fields": {
            "user": 7,
            "created": "2015-05-04T17:32:48.340Z"
        },
        "pk": "0000000000000000000000000000000000000000",
        "model": "authtoken.token"
    },
    {
        "fields": {
            "node": "3",
            "user": 7
        },
        "pk": 7,
        "model": "data.userprofile"
    }
]
