[
    {
        "pk": 1,
        "model": "contenttypes.contenttype",
        "fields": {
            "model": "logentry",
            "app_label": "admin",
            "name": "log entry"
        }
    },
    {
        "pk": 2,
        "model": "contenttypes.contenttype",
        "fields": {
            "model": "permission",
            "app_label": "auth",
            "name": "permission"
        }
    },
    {
        "pk": 3,
        "model": "contenttypes.contenttype",
        "fields": {
            "model": "group",
            "app_label": "auth",
            "name": "group"
        }
    },
    {
        "pk": 4,
        "model": "contenttypes.contenttype",
        "fields": {
            "model": "user",
            "app_label": "auth",
            "name": "user"
        }
    },
    {
        "pk": 5,
        "model": "contenttypes.contenttype",
        "fields": {
            "model": "contenttype",
            "app_label": "contenttypes",
            "name": "content type"
        }
    },
    {
        "pk": 6,
        "model": "contenttypes.contenttype",
        "fields": {
            "model": "session",
            "app_label": "sessions",
            "name": "session"
        }
    },
    {
        "pk": 7,
        "model": "contenttypes.contenttype",
        "fields": {
            "model": "token",
            "app_label": "authtoken",
            "name": "token"
        }
    },
    {
        "pk": 8,
        "model": "contenttypes.contenttype",
        "fields": {
            "model": "protocol",
            "app_label": "data",
            "name": "protocol"
        }
    },
    {
        "pk": 9,
        "model": "contenttypes.contenttype",
        "fields": {
            "model": "fixityalgorithm",
            "app_label": "data",
            "name": "fixity algorithm"
        }
    },
    {
        "pk": 10,
        "model": "contenttypes.contenttype",
        "fields": {
            "model": "node",
            "app_label": "data",
            "name": "node"
        }
    },
    {
        "pk": 11,
        "model": "contenttypes.contenttype",
        "fields": {
            "model": "storage",
            "app_label": "data",
            "name": "storage"
        }
    },
    {
        "pk": 12,
        "model": "contenttypes.contenttype",
        "fields": {
            "model": "bag",
            "app_label": "data",
            "name": "bag"
        }
    },
    {
        "pk": 13,
        "model": "contenttypes.contenttype",
        "fields": {
            "model": "fixity",
            "app_label": "data",
            "name": "fixity"
        }
    },
    {
        "pk": 14,
        "model": "contenttypes.contenttype",
        "fields": {
            "model": "replicationtransfer",
            "app_label": "data",
            "name": "replication transfer"
        }
    },
    {
        "pk": 15,
        "model": "contenttypes.contenttype",
        "fields": {
            "model": "restoretransfer",
            "app_label": "data",
            "name": "restore transfer"
        }
    },
    {
        "pk": 16,
        "model": "contenttypes.contenttype",
        "fields": {
            "model": "userprofile",
            "app_label": "data",
            "name": "user profile"
        }
    },
    {
        "pk": "avyqv3v2o241jaeubjgrqxhvuusq5869",
        "model": "sessions.session",
        "fields": {
            "expire_date": "2015-06-11T15:27:32.973Z",
            "session_data": "NTg2OGYzZGY0ZDg4NzgzMmJhNjc1ZmI1YTVkNTU4NjQ5OTI4ZWI0Zjp7fQ=="
        }
    },
    {
        "pk": "mwq5wdy13bdicy3q0aa81fxgds57io1s",
        "model": "sessions.session",
        "fields": {
            "expire_date": "2015-06-11T15:37:38.369Z",
            "session_data": "NGQ0M2M5Y2VmYTdmYTU1N2Q3ODY4YTcyYWYwZTI3ZTY0MWViOTIzZjp7Il9hdXRoX3VzZXJfaGFzaCI6IjYyNzc0ZDEzNjU5ZDNmMjMzZjU1YTU0ZmIyMTFkN2QxY2I4Y2EyMTAiLCJfYXV0aF91c2VyX2lkIjoxLCJfYXV0aF91c2VyX2JhY2tlbmQiOiJkamFuZ28uY29udHJpYi5hdXRoLmJhY2tlbmRzLk1vZGVsQmFja2VuZCJ9"
        }
    },
    {
        "pk": "r7qvyc2j5b61anwkwkdjycjo4ooi6tw6",
        "model": "sessions.session",
        "fields": {
            "expire_date": "2015-06-19T14:46:20.746Z",
            "session_data": "MTdjM2MwMDhiMjk3ZTkzNzZhNzQ2NjJhYjY0ZDI3Nzc0MzE3OTc2ZTp7Il9hdXRoX3VzZXJfaWQiOjEsIl9hdXRoX3VzZXJfaGFzaCI6IjJiOThkZjg4NWFkZTBkNjM1MzAyNWQ4ZWUxNThmMzM4YTUyMzQxMDIiLCJfYXV0aF91c2VyX2JhY2tlbmQiOiJkamFuZ28uY29udHJpYi5hdXRoLmJhY2tlbmRzLk1vZGVsQmFja2VuZCJ9"
        }
    },
    {
        "pk": "u2vcbildcyb30u58brkxt5dt3klydizn",
        "model": "sessions.session",
        "fields": {
            "expire_date": "2015-05-18T17:28:10.868Z",
            "session_data": "MjZlYmU4OTIyYmE0ZDk1NDgxZWI2OTg4N2FjYWQ5NTJjMjQ0NmE0Njp7Il9hdXRoX3VzZXJfaWQiOjEsIl9hdXRoX3VzZXJfYmFja2VuZCI6ImRqYW5nby5jb250cmliLmF1dGguYmFja2VuZHMuTW9kZWxCYWNrZW5kIiwiX2F1dGhfdXNlcl9oYXNoIjoiNjI3NzRkMTM2NTlkM2YyMzNmNTVhNTRmYjIxMWQ3ZDFjYjhjYTIxMCJ9"
        }
    },
    {
        "pk": "rsync",
        "model": "data.protocol",
        "fields": {}
    },
    {
        "pk": "sha256",
        "model": "data.fixityalgorithm",
        "fields": {}
    },
    {
        "pk": 1,
        "model": "data.node",
        "fields": {
            "restore_to": [
                2,
                3,
                4,
                5
            ],
            "api_root": "https://devops.aptrust.org/dpnode/",
            "replicate_to": [
                3,
                4
            ],
            "protocols": [
                "rsync"
            ],
            "namespace": "aptrust",
            "name": "APTrust",
            "restore_from": [
                2,
                3,
                4,
                5
            ],
            "created_at": "2015-05-04T17:34:41.782Z",
            "fixity_algorithms": [
                "sha256"
            ],
            "replicate_from": [
                2,
                3,
                4,
                5
            ],
            "updated_at": "2015-05-22T19:31:13.235Z",
            "ssh_pubkey": "",
            "last_pull_date": null,
            "ssh_username": "dpn.aptrust"
        }
    },
    {
        "pk": 2,
        "model": "data.node",
        "fields": {
            "restore_to": [
                1,
                3,
                4,
                5
            ],
            "api_root": "https://dpn.hathitrust.org/dpnrest/",
            "replicate_to": [
                1,
                3,
                4
            ],
            "protocols": [
                "rsync"
            ],
            "namespace": "hathi",
            "name": "Hathi Trust",
            "restore_from": [
                1,
                3,
                4,
                5
            ],
            "created_at": "2015-05-04T17:36:16.462Z",
            "fixity_algorithms": [
                "sha256"
            ],
            "replicate_from": [
                1,
                3,
                4,
                5
            ],
            "updated_at": "2015-05-22T19:31:06.857Z",
            "ssh_pubkey": "",
            "last_pull_date": null,
            "ssh_username": "dpn.hathi"
        }
    },
    {
        "pk": 3,
        "model": "data.node",
        "fields": {
            "restore_to": [
                1,
                2,
                4,
                5
            ],
            "api_root": "https://chronopolis01.umiacs.umd.edu/",
            "replicate_to": [
                1,
                4
            ],
            "protocols": [
                "rsync"
            ],
            "namespace": "chron",
            "name": "Chronopolis",
            "restore_from": [
                1,
                2,
                4,
                5
            ],
            "created_at": "2015-05-04T17:36:47.116Z",
            "fixity_algorithms": [
                "sha256"
            ],
            "replicate_from": [
                1,
                2,
                4,
                5
            ],
            "updated_at": "2015-05-22T19:31:00.048Z",
            "ssh_pubkey": "",
            "last_pull_date": null,
            "ssh_username": "dpn.chron"
        }
    },
    {
        "pk": 4,
        "model": "data.node",
        "fields": {
            "restore_to": [
                1,
                2,
                3,
                5
            ],
            "api_root": "https://rest.lib.utexas.edu/",
            "replicate_to": [
                1,
                3
            ],
            "protocols": [
                "rsync"
            ],
            "namespace": "tdr",
            "name": "TDR",
            "restore_from": [
                1,
                2,
                3,
                5
            ],
            "created_at": "2015-05-04T17:37:14.930Z",
            "fixity_algorithms": [
                "sha256"
            ],
            "replicate_from": [
                1,
                2,
                3,
                5
            ],
            "updated_at": "2015-05-22T19:30:53.523Z",
            "ssh_pubkey": "ssh-rsa AAAAB3NzaC1yc2EAAAADAQABAAABAQCs/ZRcJQhegudN7jWEbW7jUJuMtiIruhNeiLOUXQwfZ4tV4ksOFribYLHnFaTTPtPVFtkt6Rsc+4h9FfqPE83QXKFucJ3DYAmW0/baYbzOmdEn+EsajiDQA4B/mCbjfiFTHK0bLsYshCx+jfcRmKzgMHbj5qoW8Dy8IK0TR+iA+KyPLaZPoXB+jb7xlF8lKppsvNfZzebMGqvO3XMGM0QIVKzmJEOg8QBCUl4hPxRApwLc5UJz2up/nhO4g3Yv6Uh1/IGpxZopCF9Svl3rQNPyu43rsWuyF/R0tu0saVCb/e21L9ZUG3jb2BOmRIPozwPgpWMNFrnk3dDmcpVHc0Kp tdr@rest.lib.utexas.edu",
            "last_pull_date": null,
            "ssh_username": "dpn.tdr"
        }
    },
    {
        "pk": 5,
        "model": "data.node",
        "fields": {
            "restore_to": [
                1,
                2,
                3,
                4
            ],
            "api_root": "https://dpn.stanford.edu/dpnrest/",
            "replicate_to": [
                1,
                3,
                4
            ],
            "protocols": [
                "rsync"
            ],
            "namespace": "sdr",
            "name": "SDR",
            "restore_from": [
                1,
                2,
                3,
                4
            ],
            "created_at": "2015-05-04T17:37:43.640Z",
            "fixity_algorithms": [
                "sha256"
            ],
            "replicate_from": [
                1,
                2,
                3,
                4
            ],
            "updated_at": "2015-05-22T19:30:47.386Z",
            "ssh_pubkey": "",
            "last_pull_date": null,
            "ssh_username": "dpn.sdr"
        }
    },
    {
        "pk": 1,
        "model": "data.storage",
        "fields": {
            "region": "CA",
            "storage_type": "Disk",
            "node": 5
        }
    },
    {
        "pk": 2,
        "model": "data.storage",
        "fields": {
            "region": "TX",
            "storage_type": "irods",
            "node": 4
        }
    },
    {
        "pk": 3,
        "model": "data.storage",
        "fields": {
            "region": "CA",
            "storage_type": "Disk",
            "node": 3
        }
    },
    {
        "pk": 4,
        "model": "data.storage",
        "fields": {
            "region": "CO",
            "storage_type": "Disk",
            "node": 3
        }
    },
    {
        "pk": 5,
        "model": "data.storage",
        "fields": {
            "region": "VA",
            "storage_type": "Amazon Glacier",
            "node": 1
        }
    },
    {
        "pk": "94ab37b8-89cf-4fa2-9e8d-4386eaa44ab5",
        "model": "data.bag",
        "fields": {
            "ingest_node": "4",
            "admin_node": "4",
            "first_version_uuid": "94ab37b8-89cf-4fa2-9e8d-4386eaa44ab5",
            "replicating_nodes": [],
            "local_id": "tdr_bag_1",
            "bag_type": "D",
            "rights": [],
            "version": 1,
            "updated_at": "2015-05-22T19:08:37.847Z",
            "size": 71680,
            "created_at": "2015-05-22T19:08:37.847Z",
            "interpretive": []
        }
    },
    {
        "pk": "dd234b3e-f8e9-4dbc-a1d6-f360021cc776",
        "model": "data.bag",
        "fields": {
            "ingest_node": "4",
            "admin_node": "4",
            "first_version_uuid": "dd234b3e-f8e9-4dbc-a1d6-f360021cc776",
            "replicating_nodes": [],
            "local_id": "tdr_bag_2",
            "bag_type": "D",
            "rights": [],
            "version": 1,
            "updated_at": "2015-05-22T19:08:34.295Z",
            "size": 4005888,
            "created_at": "2015-05-22T19:08:34.295Z",
            "interpretive": []
        }
    },
    {
        "pk": "8a235385-8e88-403e-8e74-3c5252ce62ef",
        "model": "data.bag",
        "fields": {
            "ingest_node": "4",
            "admin_node": "4",
            "first_version_uuid": "8a235385-8e88-403e-8e74-3c5252ce62ef",
            "replicating_nodes": [],
            "local_id": "tdr_bag_3",
            "bag_type": "D",
            "rights": [],
            "version": 1,
            "updated_at": "2015-05-22T19:08:36.599Z",
            "size": 44544,
            "created_at": "2015-05-22T19:08:36.599Z",
            "interpretive": []
        }
    },
    {
        "pk": "9ecf9558-e8b7-4947-8c6a-2e2063fb6ca4",
        "model": "data.bag",
        "fields": {
            "ingest_node": "4",
            "admin_node": "4",
            "first_version_uuid": "9ecf9558-e8b7-4947-8c6a-2e2063fb6ca4",
            "replicating_nodes": [],
            "local_id": "tdr_bag_4",
            "bag_type": "D",
            "rights": [],
            "version": 1,
            "updated_at": "2015-05-22T19:08:48.299Z",
            "size": 3974144,
            "created_at": "2015-05-22T19:08:48.299Z",
            "interpretive": []
        }
    },
    {
        "pk": "9953a5f9-184f-4c19-821f-093cda58a1a1",
        "model": "data.bag",
        "fields": {
            "ingest_node": "4",
            "admin_node": "4",
            "first_version_uuid": "9953a5f9-184f-4c19-821f-093cda58a1a1",
            "replicating_nodes": [],
            "local_id": "tdr_bag_5",
            "bag_type": "D",
            "rights": [],
            "version": 1,
            "updated_at": "2015-05-22T19:08:38.798Z",
            "size": 44544,
            "created_at": "2015-05-22T19:08:38.798Z",
            "interpretive": []
        }
    },
    {
        "pk": "d1bbc748-79fe-4f07-ae01-596aee1d87a9",
        "model": "data.bag",
        "fields": {
            "ingest_node": "4",
            "admin_node": "4",
            "first_version_uuid": "d1bbc748-79fe-4f07-ae01-596aee1d87a9",
            "replicating_nodes": [],
            "local_id": "tdr_bag_6",
            "bag_type": "D",
            "rights": [],
            "version": 1,
            "updated_at": "2015-05-04T17:41:22.903Z",
            "size": 44455566,
            "created_at": "2015-05-04T17:41:22.903Z",
            "interpretive": []
        }
    },
    {
        "pk": "f227425f-9df1-4de6-bfd8-3d0edaf08484",
        "model": "data.bag",
        "fields": {
            "ingest_node": "4",
            "admin_node": "4",
            "first_version_uuid": "f227425f-9df1-4de6-bfd8-3d0edaf08484",
            "replicating_nodes": [],
            "local_id": "tdr_bag_7",
            "bag_type": "D",
            "rights": [],
            "version": 1,
            "updated_at": "2015-05-04T17:41:51.909Z",
            "size": 7766554,
            "created_at": "2015-05-04T17:41:51.909Z",
            "interpretive": []
        }
    },
    {
        "pk": "e92a8409-f69f-46a9-b561-3e58f02ea50d",
        "model": "data.bag",
        "fields": {
            "ingest_node": "4",
            "admin_node": "4",
            "first_version_uuid": "e92a8409-f69f-46a9-b561-3e58f02ea50d",
            "replicating_nodes": [],
            "local_id": "tdr_bag_8",
            "bag_type": "D",
            "rights": [],
            "version": 1,
            "updated_at": "2015-05-22T19:08:35.388Z",
            "size": 62464,
            "created_at": "2015-05-22T19:08:35.388Z",
            "interpretive": []
        }
    },
    {
        "pk": 1180,
        "model": "data.fixity",
        "fields": {
            "algorithm": "sha256",
            "digest": "353fba29e2bad3101de89533eb3b5882646af1353ab3aec7e27e5c5b8e0c5b69",
            "created_at": "2015-05-22T19:08:34.298Z",
            "bag": "dd234b3e-f8e9-4dbc-a1d6-f360021cc776"
        }
    },
    {
        "pk": 1181,
        "model": "data.fixity",
        "fields": {
            "algorithm": "sha256",
            "digest": "e81f79fed2b4515e6a5c3f23161d0805172be1ca1f560ce29d3793cec2c79d89",
            "created_at": "2015-05-22T19:08:35.390Z",
            "bag": "e92a8409-f69f-46a9-b561-3e58f02ea50d"
        }
    },
    {
        "pk": 1182,
        "model": "data.fixity",
        "fields": {
            "algorithm": "sha256",
            "digest": "e112ad47b3b280b92a38af2c5be38da7f04b79f4b180cbb92811f74ebc831d18",
            "created_at": "2015-05-22T19:08:36.602Z",
            "bag": "8a235385-8e88-403e-8e74-3c5252ce62ef"
        }
    },
    {
        "pk": 1183,
        "model": "data.fixity",
        "fields": {
            "algorithm": "sha256",
            "digest": "13743e26e07afcdab0600104989c5e5de0271ed2dff61cf7804ea294060a75ac",
            "created_at": "2015-05-22T19:08:37.850Z",
            "bag": "94ab37b8-89cf-4fa2-9e8d-4386eaa44ab5"
        }
    },
    {
        "pk": 1184,
        "model": "data.fixity",
        "fields": {
            "algorithm": "sha256",
            "digest": "6cb820f17c147ab9cd25a8c1f2adc7cf12a8070448dba35551e9c992e409688c",
            "created_at": "2015-05-22T19:08:38.800Z",
            "bag": "9953a5f9-184f-4c19-821f-093cda58a1a1"
        }
    },
    {
        "pk": 1185,
        "model": "data.fixity",
        "fields": {
            "algorithm": "sha256",
            "digest": "5329a5d06216ca9effc42a6f5b7c492952334d8b188ebbdefbbd0b970ab981a3",
            "created_at": "2015-05-22T19:08:48.301Z",
            "bag": "9ecf9558-e8b7-4947-8c6a-2e2063fb6ca4"
        }
    },
    {
        "pk": 1186,
        "model": "data.fixity",
        "fields": {
            "algorithm": "sha256",
            "digest": "0000000000000000000000000000000000000000000000000000000000000000",
            "created_at": "2015-06-05T14:56:54.626Z",
            "bag": "f227425f-9df1-4de6-bfd8-3d0edaf08484"
        }
    },
    {
        "pk": 1187,
        "model": "data.fixity",
        "fields": {
            "algorithm": "sha256",
            "digest": "9999999999999999999999999999999999999999999999999999999999999999",
            "created_at": "2015-06-05T14:58:37.263Z",
            "bag": "d1bbc748-79fe-4f07-ae01-596aee1d87a9"
        }
    },
    {
        "pk": 1,
        "model": "data.replicationtransfer",
        "fields": {
            "fixity_value": "",
            "fixity_nonce": "",
            "fixity_accept": null,
            "from_node": "4",
            "created_at": "2015-05-22T19:46:45.761Z",
            "to_node": 4,
            "status": "Requested",
            "bag_valid": null,
            "bag": "9ecf9558-e8b7-4947-8c6a-2e2063fb6ca4",
            "fixity_algorithm": "sha256",
            "updated_at": "2015-05-28T16:15:35.884Z",
            "link": "dpn.tdr@devops.tdr.org:outbound/472218b3-95ce-4b8e-6c21-6e514cfbe43f.tar",
            "protocol": "R",
            "replication_id": "tdr-1"
        }
    },
    {
        "pk": 2,
        "model": "data.replicationtransfer",
        "fields": {
            "fixity_value": "",
            "fixity_nonce": "",
            "fixity_accept": null,
            "from_node": "4",
            "created_at": "2015-05-22T19:47:17.440Z",
            "to_node": 4,
            "status": "Requested",
            "bag_valid": null,
            "bag": "9953a5f9-184f-4c19-821f-093cda58a1a1",
            "fixity_algorithm": "sha256",
            "updated_at": "2015-05-28T16:15:37.916Z",
            "link": "dpn.tdr@devops.tdr.org:outbound/4d11736c-c0ab-44b0-66c6-a947f414d4f1.tar",
            "protocol": "R",
            "replication_id": "tdr-2"
        }
    },
    {
        "pk": 3,
        "model": "data.replicationtransfer",
        "fields": {
            "fixity_value": "",
            "fixity_nonce": "",
            "fixity_accept": null,
            "from_node": "4",
            "created_at": "2015-05-22T19:47:54.012Z",
            "to_node": 4,
            "status": "Requested",
            "bag_valid": null,
            "bag": "94ab37b8-89cf-4fa2-9e8d-4386eaa44ab5",
            "fixity_algorithm": "sha256",
            "updated_at": "2015-05-28T16:15:39.936Z",
            "link": "dpn.tdr@devops.tdr.org:outbound/005e7793-8253-4585-7118-2da702e29aa0.tar",
            "protocol": "R",
            "replication_id": "tdr-3"
        }
    },
    {
        "pk": 4,
        "model": "data.replicationtransfer",
        "fields": {
            "fixity_value": "",
            "fixity_nonce": "",
            "fixity_accept": null,
            "from_node": "4",
            "created_at": "2015-05-22T19:48:25.049Z",
            "to_node": 4,
            "status": "Requested",
            "bag_valid": null,
            "bag": "8a235385-8e88-403e-8e74-3c5252ce62ef",
            "fixity_algorithm": "sha256",
            "updated_at": "2015-05-28T16:15:41.844Z",
            "link": "dpn.tdr@devops.tdr.org:outbound/41e5376c-cc13-4c3e-6af3-297cc2e005aa.tar",
            "protocol": "R",
            "replication_id": "tdr-4"
        }
    },
    {
        "pk": 5,
        "model": "data.replicationtransfer",
        "fields": {
            "fixity_value": "",
            "fixity_nonce": "",
            "fixity_accept": null,
            "from_node": "4",
            "created_at": "2015-05-22T19:48:47.638Z",
            "to_node": 4,
            "status": "Requested",
            "bag_valid": null,
            "bag": "e92a8409-f69f-46a9-b561-3e58f02ea50d",
            "fixity_algorithm": "sha256",
            "updated_at": "2015-05-28T16:15:43.665Z",
            "link": "dpn.tdr@devops.tdr.org:outbound/8839f294-c7c0-404d-4467-7ab223ff461b.tar",
            "protocol": "R",
            "replication_id": "tdr-5"
        }
    },
    {
        "pk": 6,
        "model": "data.replicationtransfer",
        "fields": {
            "fixity_value": "",
            "fixity_nonce": "",
            "fixity_accept": null,
            "from_node": "4",
            "created_at": "2015-05-22T19:49:14.137Z",
            "to_node": 4,
            "status": "Requested",
            "bag_valid": null,
            "bag": "dd234b3e-f8e9-4dbc-a1d6-f360021cc776",
            "fixity_algorithm": "sha256",
            "updated_at": "2015-05-28T16:15:46.247Z",
            "link": "dpn.tdr@devops.tdr.org:outbound/06edc30f-af04-4a4e-4ad6-3c679a195d46.tar",
            "protocol": "R",
            "replication_id": "tdr-6"
        }
    },
    {
        "pk": 7,
        "model": "data.replicationtransfer",
        "fields": {
            "fixity_value": "",
            "fixity_nonce": "",
            "fixity_accept": null,
            "from_node": "4",
            "created_at": "2015-05-22T19:52:35.558Z",
            "to_node": 3,
            "status": "Requested",
            "bag_valid": null,
            "bag": "9ecf9558-e8b7-4947-8c6a-2e2063fb6ca4",
            "fixity_algorithm": "sha256",
            "updated_at": "2015-05-22T20:37:49.018Z",
            "link": "dpn.chron@devops.tdr.org:outbound/472218b3-95ce-4b8e-6c21-6e514cfbe43f.tar",
            "protocol": "R",
            "replication_id": "tdr-7"
        }
    },
    {
        "pk": 8,
        "model": "data.replicationtransfer",
        "fields": {
            "fixity_value": "",
            "fixity_nonce": "",
            "fixity_accept": null,
            "from_node": "4",
            "created_at": "2015-05-22T19:53:05.313Z",
            "to_node": 3,
            "status": "Requested",
            "bag_valid": null,
            "bag": "9953a5f9-184f-4c19-821f-093cda58a1a1",
            "fixity_algorithm": "sha256",
            "updated_at": "2015-05-22T20:37:39.660Z",
            "link": "dpn.chron@devops.tdr.org:outbound/4d11736c-c0ab-44b0-66c6-a947f414d4f1.tar",
            "protocol": "R",
            "replication_id": "tdr-8"
        }
    },
    {
        "pk": 9,
        "model": "data.replicationtransfer",
        "fields": {
            "fixity_value": "",
            "fixity_nonce": "",
            "fixity_accept": null,
            "from_node": "4",
            "created_at": "2015-05-22T19:53:26.965Z",
            "to_node": 3,
            "status": "Requested",
            "bag_valid": null,
            "bag": "94ab37b8-89cf-4fa2-9e8d-4386eaa44ab5",
            "fixity_algorithm": "sha256",
            "updated_at": "2015-05-22T20:37:29.331Z",
            "link": "dpn.chron@devops.tdr.org:outbound/005e7793-8253-4585-7118-2da702e29aa0.tar",
            "protocol": "R",
            "replication_id": "tdr-9"
        }
    },
    {
        "pk": 10,
        "model": "data.replicationtransfer",
        "fields": {
            "fixity_value": "",
            "fixity_nonce": "",
            "fixity_accept": null,
            "from_node": "4",
            "created_at": "2015-05-22T19:53:53.202Z",
            "to_node": 3,
            "status": "Requested",
            "bag_valid": null,
            "bag": "8a235385-8e88-403e-8e74-3c5252ce62ef",
            "fixity_algorithm": "sha256",
            "updated_at": "2015-05-22T20:37:19.193Z",
            "link": "dpn.chron@devops.tdr.org:outbound/41e5376c-cc13-4c3e-6af3-297cc2e005aa.tar",
            "protocol": "R",
            "replication_id": "tdr-10"
        }
    },
    {
        "pk": 11,
        "model": "data.replicationtransfer",
        "fields": {
            "fixity_value": "",
            "fixity_nonce": "",
            "fixity_accept": null,
            "from_node": "4",
            "created_at": "2015-05-22T19:54:22.781Z",
            "to_node": 3,
            "status": "Requested",
            "bag_valid": null,
            "bag": "e92a8409-f69f-46a9-b561-3e58f02ea50d",
            "fixity_algorithm": "sha256",
            "updated_at": "2015-05-22T20:37:09.977Z",
            "link": "dpn.chron@devops.tdr.org:outbound/8839f294-c7c0-404d-4467-7ab223ff461b.tar",
            "protocol": "R",
            "replication_id": "tdr-11"
        }
    },
    {
        "pk": 12,
        "model": "data.replicationtransfer",
        "fields": {
            "fixity_value": "",
            "fixity_nonce": "",
            "fixity_accept": null,
            "from_node": "4",
            "created_at": "2015-05-22T19:54:46.423Z",
            "to_node": 3,
            "status": "Requested",
            "bag_valid": null,
            "bag": "dd234b3e-f8e9-4dbc-a1d6-f360021cc776",
            "fixity_algorithm": "sha256",
            "updated_at": "2015-05-22T20:37:00.601Z",
            "link": "dpn.chron@devops.tdr.org:outbound/06edc30f-af04-4a4e-4ad6-3c679a195d46.tar",
            "protocol": "R",
            "replication_id": "tdr-12"
        }
    },
    {
        "pk": 13,
        "model": "data.replicationtransfer",
        "fields": {
            "fixity_value": "",
            "fixity_nonce": "",
            "fixity_accept": null,
            "from_node": "4",
            "created_at": "2015-05-22T19:55:04.597Z",
            "to_node": 2,
            "status": "Requested",
            "bag_valid": null,
            "bag": "9ecf9558-e8b7-4947-8c6a-2e2063fb6ca4",
            "fixity_algorithm": "sha256",
            "updated_at": "2015-05-22T20:36:50.800Z",
            "link": "dpn.hathi@devops.tdr.org:outbound/472218b3-95ce-4b8e-6c21-6e514cfbe43f.tar",
            "protocol": "R",
            "replication_id": "tdr-13"
        }
    },
    {
        "pk": 14,
        "model": "data.replicationtransfer",
        "fields": {
            "fixity_value": "",
            "fixity_nonce": "",
            "fixity_accept": null,
            "from_node": "4",
            "created_at": "2015-05-22T19:55:22.456Z",
            "to_node": 2,
            "status": "Requested",
            "bag_valid": null,
            "bag": "9953a5f9-184f-4c19-821f-093cda58a1a1",
            "fixity_algorithm": "sha256",
            "updated_at": "2015-05-22T20:36:41.319Z",
            "link": "dpn.hathi@devops.tdr.org:outbound/4d11736c-c0ab-44b0-66c6-a947f414d4f1.tar",
            "protocol": "R",
            "replication_id": "tdr-14"
        }
    },
    {
        "pk": 15,
        "model": "data.replicationtransfer",
        "fields": {
            "fixity_value": "",
            "fixity_nonce": "",
            "fixity_accept": null,
            "from_node": "4",
            "created_at": "2015-05-22T19:55:39.498Z",
            "to_node": 2,
            "status": "Requested",
            "bag_valid": null,
            "bag": "94ab37b8-89cf-4fa2-9e8d-4386eaa44ab5",
            "fixity_algorithm": "sha256",
            "updated_at": "2015-05-22T20:36:32.965Z",
            "link": "dpn.hathi@devops.tdr.org:outbound/005e7793-8253-4585-7118-2da702e29aa0.tar",
            "protocol": "R",
            "replication_id": "tdr-15"
        }
    },
    {
        "pk": 16,
        "model": "data.replicationtransfer",
        "fields": {
            "fixity_value": "",
            "fixity_nonce": "",
            "fixity_accept": null,
            "from_node": "4",
            "created_at": "2015-05-22T19:55:56.121Z",
            "to_node": 2,
            "status": "Requested",
            "bag_valid": null,
            "bag": "8a235385-8e88-403e-8e74-3c5252ce62ef",
            "fixity_algorithm": "sha256",
            "updated_at": "2015-05-22T20:36:23.461Z",
            "link": "dpn.hathi@devops.tdr.org:outbound/41e5376c-cc13-4c3e-6af3-297cc2e005aa.tar",
            "protocol": "R",
            "replication_id": "tdr-16"
        }
    },
    {
        "pk": 17,
        "model": "data.replicationtransfer",
        "fields": {
            "fixity_value": "",
            "fixity_nonce": "",
            "fixity_accept": null,
            "from_node": "4",
            "created_at": "2015-05-22T19:56:15.190Z",
            "to_node": 2,
            "status": "Requested",
            "bag_valid": null,
            "bag": "e92a8409-f69f-46a9-b561-3e58f02ea50d",
            "fixity_algorithm": "sha256",
            "updated_at": "2015-05-22T20:36:13.376Z",
            "link": "dpn.hathi@devops.tdr.org:outbound/8839f294-c7c0-404d-4467-7ab223ff461b.tar",
            "protocol": "R",
            "replication_id": "tdr-17"
        }
    },
    {
        "pk": 18,
        "model": "data.replicationtransfer",
        "fields": {
            "fixity_value": "",
            "fixity_nonce": "",
            "fixity_accept": null,
            "from_node": "4",
            "created_at": "2015-05-22T19:56:33.495Z",
            "to_node": 2,
            "status": "Requested",
            "bag_valid": null,
            "bag": "dd234b3e-f8e9-4dbc-a1d6-f360021cc776",
            "fixity_algorithm": "sha256",
            "updated_at": "2015-05-22T20:35:59.506Z",
            "link": "dpn.hathi@devops.tdr.org:outbound/06edc30f-af04-4a4e-4ad6-3c679a195d46.tar",
            "protocol": "R",
            "replication_id": "tdr-18"
        }
    },
    {
        "pk": 19,
        "model": "data.replicationtransfer",
        "fields": {
            "fixity_value": "",
            "fixity_nonce": "",
            "fixity_accept": null,
            "from_node": "4",
            "created_at": "2015-05-22T19:58:45.141Z",
            "to_node": 5,
            "status": "Requested",
            "bag_valid": null,
            "bag": "9ecf9558-e8b7-4947-8c6a-2e2063fb6ca4",
            "fixity_algorithm": "sha256",
            "updated_at": "2015-05-22T20:35:51.999Z",
            "link": "dpn.sdr@devops.tdr.org:outbound/472218b3-95ce-4b8e-6c21-6e514cfbe43f.tar",
            "protocol": "R",
            "replication_id": "tdr-19"
        }
    },
    {
        "pk": 20,
        "model": "data.replicationtransfer",
        "fields": {
            "fixity_value": "",
            "fixity_nonce": "",
            "fixity_accept": null,
            "from_node": "4",
            "created_at": "2015-05-22T19:59:00.615Z",
            "to_node": 5,
            "status": "Requested",
            "bag_valid": null,
            "bag": "9953a5f9-184f-4c19-821f-093cda58a1a1",
            "fixity_algorithm": "sha256",
            "updated_at": "2015-05-22T20:35:44.029Z",
            "link": "dpn.sdr@devops.tdr.org:outbound/4d11736c-c0ab-44b0-66c6-a947f414d4f1.tar",
            "protocol": "R",
            "replication_id": "tdr-20"
        }
    },
    {
        "pk": 21,
        "model": "data.replicationtransfer",
        "fields": {
            "fixity_value": "",
            "fixity_nonce": "",
            "fixity_accept": null,
            "from_node": "4",
            "created_at": "2015-05-22T19:59:17.197Z",
            "to_node": 5,
            "status": "Requested",
            "bag_valid": null,
            "bag": "94ab37b8-89cf-4fa2-9e8d-4386eaa44ab5",
            "fixity_algorithm": "sha256",
            "updated_at": "2015-05-22T20:35:32.192Z",
            "link": "dpn.sdr@devops.tdr.org:outbound/005e7793-8253-4585-7118-2da702e29aa0.tar",
            "protocol": "R",
            "replication_id": "tdr-21"
        }
    },
    {
        "pk": 22,
        "model": "data.replicationtransfer",
        "fields": {
            "fixity_value": "",
            "fixity_nonce": "",
            "fixity_accept": null,
            "from_node": "4",
            "created_at": "2015-05-22T19:59:34.479Z",
            "to_node": 5,
            "status": "Requested",
            "bag_valid": null,
            "bag": "8a235385-8e88-403e-8e74-3c5252ce62ef",
            "fixity_algorithm": "sha256",
            "updated_at": "2015-05-22T20:35:24.670Z",
            "link": "dpn.sdr@devops.tdr.org:outbound/41e5376c-cc13-4c3e-6af3-297cc2e005aa.tar",
            "protocol": "R",
            "replication_id": "tdr-22"
        }
    },
    {
        "pk": 23,
        "model": "data.replicationtransfer",
        "fields": {
            "fixity_value": "",
            "fixity_nonce": "",
            "fixity_accept": null,
            "from_node": "4",
            "created_at": "2015-05-22T19:59:54.032Z",
            "to_node": 5,
            "status": "Requested",
            "bag_valid": null,
            "bag": "e92a8409-f69f-46a9-b561-3e58f02ea50d",
            "fixity_algorithm": "sha256",
            "updated_at": "2015-05-22T20:35:14.862Z",
            "link": "dpn.sdr@devops.tdr.org:outbound/8839f294-c7c0-404d-4467-7ab223ff461b.tar",
            "protocol": "R",
            "replication_id": "tdr-23"
        }
    },
    {
        "pk": 24,
        "model": "data.replicationtransfer",
        "fields": {
            "fixity_value": "",
            "fixity_nonce": "",
            "fixity_accept": null,
            "from_node": "4",
            "created_at": "2015-05-22T20:00:12.597Z",
            "to_node": 5,
            "status": "Requested",
            "bag_valid": null,
            "bag": "dd234b3e-f8e9-4dbc-a1d6-f360021cc776",
            "fixity_algorithm": "sha256",
            "updated_at": "2015-05-22T20:35:04.963Z",
            "link": "dpn.sdr@devops.tdr.org:outbound/06edc30f-af04-4a4e-4ad6-3c679a195d46.tar",
            "protocol": "R",
            "replication_id": "tdr-24"
        }
    },
    {
        "pk": 1,
        "model": "data.restoretransfer",
        "fields": {
            "to_node": "4",
            "created_at": "2015-06-01T19:07:53.917Z",
            "from_node": 4,
            "link": "rsync://mnt/staging/41e5376c-cc13-4c3e-6af3-297cc2e005aa.tar",
            "bag": "8a235385-8e88-403e-8e74-3c5252ce62ef",
            "restore_id": "tdr-1",
            "updated_at": "2015-06-01T19:07:53.918Z",
            "status": "Requested",
            "protocol": "R"
        }
    },
    {
        "pk": 2,
        "model": "data.restoretransfer",
        "fields": {
            "to_node": "4",
            "created_at": "2015-06-01T19:07:53.951Z",
            "from_node": 3,
            "link": "rsync://mnt/staging/06edc30f-af04-4a4e-4ad6-3c679a195d46.tar",
            "bag": "dd234b3e-f8e9-4dbc-a1d6-f360021cc776",
            "restore_id": "tdr-2",
            "updated_at": "2015-06-01T19:15:14.867Z",
            "status": "Requested",
            "protocol": "R"
        }
    },
    {
        "pk": 3,
        "model": "data.restoretransfer",
        "fields": {
            "to_node": "4",
            "created_at": "2015-06-01T19:09:16.090Z",
            "from_node": 4,
            "link": "rsync://mnt/staging/6029850a-b6a3-4c77-8c7a-606170ea9f95.tar",
            "bag": "f227425f-9df1-4de6-bfd8-3d0edaf08484",
            "restore_id": "tdr-3",
            "updated_at": "2015-06-01T19:09:16.091Z",
            "status": "Requested",
            "protocol": "R"
        }
    },
    {
        "pk": 4,
        "model": "data.restoretransfer",
        "fields": {
            "to_node": "4",
            "created_at": "2015-06-01T19:09:16.123Z",
            "from_node": 3,
            "link": "rsync://mnt/staging/472218b3-95ce-4b8e-6c21-6e514cfbe43f.tar",
            "bag": "9ecf9558-e8b7-4947-8c6a-2e2063fb6ca4",
            "restore_id": "tdr-4",
            "updated_at": "2015-06-01T19:15:59.535Z",
            "status": "Requested",
            "protocol": "R"
        }
    },
    {
        "pk": 1,
        "model": "auth.permission",
        "fields": {
            "name": "Can add log entry",
            "codename": "add_logentry",
            "content_type": 1
        }
    },
    {
        "pk": 2,
        "model": "auth.permission",
        "fields": {
            "name": "Can change log entry",
            "codename": "change_logentry",
            "content_type": 1
        }
    },
    {
        "pk": 3,
        "model": "auth.permission",
        "fields": {
            "name": "Can delete log entry",
            "codename": "delete_logentry",
            "content_type": 1
        }
    },
    {
        "pk": 4,
        "model": "auth.permission",
        "fields": {
            "name": "Can add permission",
            "codename": "add_permission",
            "content_type": 2
        }
    },
    {
        "pk": 5,
        "model": "auth.permission",
        "fields": {
            "name": "Can change permission",
            "codename": "change_permission",
            "content_type": 2
        }
    },
    {
        "pk": 6,
        "model": "auth.permission",
        "fields": {
            "name": "Can delete permission",
            "codename": "delete_permission",
            "content_type": 2
        }
    },
    {
        "pk": 7,
        "model": "auth.permission",
        "fields": {
            "name": "Can add group",
            "codename": "add_group",
            "content_type": 3
        }
    },
    {
        "pk": 8,
        "model": "auth.permission",
        "fields": {
            "name": "Can change group",
            "codename": "change_group",
            "content_type": 3
        }
    },
    {
        "pk": 9,
        "model": "auth.permission",
        "fields": {
            "name": "Can delete group",
            "codename": "delete_group",
            "content_type": 3
        }
    },
    {
        "pk": 10,
        "model": "auth.permission",
        "fields": {
            "name": "Can add user",
            "codename": "add_user",
            "content_type": 4
        }
    },
    {
        "pk": 11,
        "model": "auth.permission",
        "fields": {
            "name": "Can change user",
            "codename": "change_user",
            "content_type": 4
        }
    },
    {
        "pk": 12,
        "model": "auth.permission",
        "fields": {
            "name": "Can delete user",
            "codename": "delete_user",
            "content_type": 4
        }
    },
    {
        "pk": 13,
        "model": "auth.permission",
        "fields": {
            "name": "Can add content type",
            "codename": "add_contenttype",
            "content_type": 5
        }
    },
    {
        "pk": 14,
        "model": "auth.permission",
        "fields": {
            "name": "Can change content type",
            "codename": "change_contenttype",
            "content_type": 5
        }
    },
    {
        "pk": 15,
        "model": "auth.permission",
        "fields": {
            "name": "Can delete content type",
            "codename": "delete_contenttype",
            "content_type": 5
        }
    },
    {
        "pk": 16,
        "model": "auth.permission",
        "fields": {
            "name": "Can add session",
            "codename": "add_session",
            "content_type": 6
        }
    },
    {
        "pk": 17,
        "model": "auth.permission",
        "fields": {
            "name": "Can change session",
            "codename": "change_session",
            "content_type": 6
        }
    },
    {
        "pk": 18,
        "model": "auth.permission",
        "fields": {
            "name": "Can delete session",
            "codename": "delete_session",
            "content_type": 6
        }
    },
    {
        "pk": 19,
        "model": "auth.permission",
        "fields": {
            "name": "Can add token",
            "codename": "add_token",
            "content_type": 7
        }
    },
    {
        "pk": 20,
        "model": "auth.permission",
        "fields": {
            "name": "Can change token",
            "codename": "change_token",
            "content_type": 7
        }
    },
    {
        "pk": 21,
        "model": "auth.permission",
        "fields": {
            "name": "Can delete token",
            "codename": "delete_token",
            "content_type": 7
        }
    },
    {
        "pk": 22,
        "model": "auth.permission",
        "fields": {
            "name": "Can add protocol",
            "codename": "add_protocol",
            "content_type": 8
        }
    },
    {
        "pk": 23,
        "model": "auth.permission",
        "fields": {
            "name": "Can change protocol",
            "codename": "change_protocol",
            "content_type": 8
        }
    },
    {
        "pk": 24,
        "model": "auth.permission",
        "fields": {
            "name": "Can delete protocol",
            "codename": "delete_protocol",
            "content_type": 8
        }
    },
    {
        "pk": 25,
        "model": "auth.permission",
        "fields": {
            "name": "Can add fixity algorithm",
            "codename": "add_fixityalgorithm",
            "content_type": 9
        }
    },
    {
        "pk": 26,
        "model": "auth.permission",
        "fields": {
            "name": "Can change fixity algorithm",
            "codename": "change_fixityalgorithm",
            "content_type": 9
        }
    },
    {
        "pk": 27,
        "model": "auth.permission",
        "fields": {
            "name": "Can delete fixity algorithm",
            "codename": "delete_fixityalgorithm",
            "content_type": 9
        }
    },
    {
        "pk": 28,
        "model": "auth.permission",
        "fields": {
            "name": "Can add node",
            "codename": "add_node",
            "content_type": 10
        }
    },
    {
        "pk": 29,
        "model": "auth.permission",
        "fields": {
            "name": "Can change node",
            "codename": "change_node",
            "content_type": 10
        }
    },
    {
        "pk": 30,
        "model": "auth.permission",
        "fields": {
            "name": "Can delete node",
            "codename": "delete_node",
            "content_type": 10
        }
    },
    {
        "pk": 31,
        "model": "auth.permission",
        "fields": {
            "name": "Can add storage",
            "codename": "add_storage",
            "content_type": 11
        }
    },
    {
        "pk": 32,
        "model": "auth.permission",
        "fields": {
            "name": "Can change storage",
            "codename": "change_storage",
            "content_type": 11
        }
    },
    {
        "pk": 33,
        "model": "auth.permission",
        "fields": {
            "name": "Can delete storage",
            "codename": "delete_storage",
            "content_type": 11
        }
    },
    {
        "pk": 34,
        "model": "auth.permission",
        "fields": {
            "name": "Can add bag",
            "codename": "add_bag",
            "content_type": 12
        }
    },
    {
        "pk": 35,
        "model": "auth.permission",
        "fields": {
            "name": "Can change bag",
            "codename": "change_bag",
            "content_type": 12
        }
    },
    {
        "pk": 36,
        "model": "auth.permission",
        "fields": {
            "name": "Can delete bag",
            "codename": "delete_bag",
            "content_type": 12
        }
    },
    {
        "pk": 37,
        "model": "auth.permission",
        "fields": {
            "name": "Can add fixity",
            "codename": "add_fixity",
            "content_type": 13
        }
    },
    {
        "pk": 38,
        "model": "auth.permission",
        "fields": {
            "name": "Can change fixity",
            "codename": "change_fixity",
            "content_type": 13
        }
    },
    {
        "pk": 39,
        "model": "auth.permission",
        "fields": {
            "name": "Can delete fixity",
            "codename": "delete_fixity",
            "content_type": 13
        }
    },
    {
        "pk": 40,
        "model": "auth.permission",
        "fields": {
            "name": "Can add replication transfer",
            "codename": "add_replicationtransfer",
            "content_type": 14
        }
    },
    {
        "pk": 41,
        "model": "auth.permission",
        "fields": {
            "name": "Can change replication transfer",
            "codename": "change_replicationtransfer",
            "content_type": 14
        }
    },
    {
        "pk": 42,
        "model": "auth.permission",
        "fields": {
            "name": "Can delete replication transfer",
            "codename": "delete_replicationtransfer",
            "content_type": 14
        }
    },
    {
        "pk": 43,
        "model": "auth.permission",
        "fields": {
            "name": "Can add restore transfer",
            "codename": "add_restoretransfer",
            "content_type": 15
        }
    },
    {
        "pk": 44,
        "model": "auth.permission",
        "fields": {
            "name": "Can change restore transfer",
            "codename": "change_restoretransfer",
            "content_type": 15
        }
    },
    {
        "pk": 45,
        "model": "auth.permission",
        "fields": {
            "name": "Can delete restore transfer",
            "codename": "delete_restoretransfer",
            "content_type": 15
        }
    },
    {
        "pk": 46,
        "model": "auth.permission",
        "fields": {
            "name": "Can add user profile",
            "codename": "add_userprofile",
            "content_type": 16
        }
    },
    {
        "pk": 47,
        "model": "auth.permission",
        "fields": {
            "name": "Can change user profile",
            "codename": "change_userprofile",
            "content_type": 16
        }
    },
    {
        "pk": 48,
        "model": "auth.permission",
        "fields": {
            "name": "Can delete user profile",
            "codename": "delete_userprofile",
            "content_type": 16
        }
    },
    {
        "pk": 1,
        "model": "auth.group",
        "fields": {
            "name": "api_users",
            "permissions": [
                41,
                44
            ]
        }
    },
    {
        "pk": 2,
        "model": "auth.group",
        "fields": {
            "name": "api_admins",
            "permissions": [
                34,
                35,
                37,
                28,
                29,
                40,
                41,
                43,
                44
            ]
        }
    },
    {
        "pk": 1,
        "model": "auth.user",
        "fields": {
            "password": "pbkdf2_sha256$15000$Klz2TFoxY8xE$/I58ocVVFVI2xLCEfaCS0BJXEuKbCMSu7nmBAPENGXo=",
            "email": "andrew.diamond@aptrust.org",
            "username": "andrew.diamond@aptrust.org",
            "groups": [
                2
            ],
            "last_login": "2015-06-05T14:46:20.744Z",
            "last_name": "",
            "is_superuser": true,
            "is_active": true,
            "date_joined": "2015-05-04T17:27:12Z",
            "is_staff": true,
            "first_name": "",
            "user_permissions": []
        }
    },
    {
        "pk": 2,
        "model": "auth.user",
        "fields": {
            "password": "pbkdf2_sha256$15000$Vjhj7WKEdpQ6$SqeAlTHG9ViWwlWjt0ETYLFIN97WjOBb5uOb9x3hBSE=",
            "email": "",
            "username": "chron_user",
            "groups": [
                1
            ],
            "last_login": "2015-05-04T17:30:31Z",
            "last_name": "",
            "is_superuser": false,
            "is_active": true,
            "date_joined": "2015-05-04T17:30:31Z",
            "is_staff": false,
            "first_name": "",
            "user_permissions": []
        }
    },
    {
        "pk": 3,
        "model": "auth.user",
        "fields": {
            "password": "pbkdf2_sha256$15000$6QXSo1C11nc9$C+Dult7lXQtHbHYeJmwqzbyUuCXeF6acDPNtmy9eVqo=",
            "email": "",
            "username": "hathi_user",
            "groups": [
                1
            ],
            "last_login": "2015-05-04T17:30:42Z",
            "last_name": "",
            "is_superuser": false,
            "is_active": true,
            "date_joined": "2015-05-04T17:30:42Z",
            "is_staff": false,
            "first_name": "",
            "user_permissions": []
        }
    },
    {
        "pk": 4,
        "model": "auth.user",
        "fields": {
            "password": "pbkdf2_sha256$15000$as2Swb1GL41J$RKGTkc9PtK5lVvqQ+lIgYI0N9EXxbbbiBq7OTausqiA=",
            "email": "",
            "username": "sdr_user",
            "groups": [
                1
            ],
            "last_login": "2015-05-04T17:31:13Z",
            "last_name": "",
            "is_superuser": false,
            "is_active": true,
            "date_joined": "2015-05-04T17:31:13Z",
            "is_staff": false,
            "first_name": "",
            "user_permissions": []
        }
    },
    {
        "pk": 5,
        "model": "auth.user",
        "fields": {
            "password": "pbkdf2_sha256$15000$vuhkbKTdL7Y2$73CBo5jQEpVmVLmwshbbTYX4aQNuHm4DOA8b/HW6O8w=",
            "email": "",
            "username": "tdr_user",
            "groups": [
                1
            ],
            "last_login": "2015-05-04T17:31:28Z",
            "last_name": "",
            "is_superuser": false,
            "is_active": true,
            "date_joined": "2015-05-04T17:31:28Z",
            "is_staff": false,
            "first_name": "",
            "user_permissions": []
        }
    },
    {
        "pk": 6,
        "model": "auth.user",
        "fields": {
            "password": "pbkdf2_sha256$15000$Quw05XjFKquA$/07Iz2oNKFAYdmG+FOqH5AVtpCc59sQAHuSFBEZrZnE=",
            "email": "",
            "username": "aptrust_user",
            "groups": [
                2
            ],
            "last_login": "2015-05-04T17:32:19Z",
            "last_name": "",
            "is_superuser": true,
            "is_active": true,
            "date_joined": "2015-05-04T17:32:19Z",
            "is_staff": true,
            "first_name": "",
            "user_permissions": []
        }
    },
    {
        "pk": "5b5092dcc327213c971b968a3a88408b0a583d13",
        "model": "authtoken.token",
        "fields": {
            "created": "2015-05-04T17:32:48.340Z",
            "user": 4
        }
    },
    {
        "pk": "76348ba56e8ef8cfb58e29b451882b5a3e8e0d89",
        "model": "authtoken.token",
        "fields": {
            "created": "2015-05-04T17:32:02.226Z",
            "user": 2
        }
    },
    {
        "pk": "bce7d48cfac8dfff962f32cdd8e270c77691fd91",
        "model": "authtoken.token",
        "fields": {
            "created": "2015-05-04T17:32:51.887Z",
            "user": 5
        }
    },
    {
        "pk": "ccbdd12c6ab58a5f38533b84e5fa4f646dc6841e",
        "model": "authtoken.token",
        "fields": {
            "created": "2015-05-04T17:32:44.335Z",
            "user": 3
        }
    },
    {
        "pk": "f12c2ecf5edbc087172a040cdda713e641e4a0ea",
        "model": "authtoken.token",
        "fields": {
            "created": "2015-05-04T17:32:40.676Z",
            "user": 6
        }
    },
    {
        "pk": 1,
        "model": "data.userprofile",
        "fields": {
            "user": 1,
            "node": 1
        }
    },
    {
        "pk": 2,
        "model": "data.userprofile",
        "fields": {
            "user": 2,
            "node": 3
        }
    },
    {
        "pk": 3,
        "model": "data.userprofile",
        "fields": {
            "user": 3,
            "node": 2
        }
    },
    {
        "pk": 4,
        "model": "data.userprofile",
        "fields": {
            "user": 4,
            "node": 5
        }
    },
    {
        "pk": 5,
        "model": "data.userprofile",
        "fields": {
            "user": 5,
            "node": 4
        }
    },
    {
        "pk": 6,
        "model": "data.userprofile",
        "fields": {
            "user": 6,
            "node": 1
        }
    },
    {
        "pk": 7,
        "model": "auth.user",
        "fields": {
            "password": "pbkdf2_sha256$15000$Klz2TFoxY8xE$/I58ocVVFVI2xLCEfaCS0BJXEuKbCMSu7nmBAPENGXo=",
            "email": "tdr_admin@aptrust.org",
            "username": "tdr_admin",
            "groups": [
                2
            ],
            "last_login": "2015-06-05T14:46:20.744Z",
            "last_name": "admin",
            "is_superuser": true,
            "is_active": true,
            "date_joined": "2015-05-04T17:27:12Z",
            "is_staff": true,
            "first_name": "tdr",
            "user_permissions": []
        }
    },
    {
        "pk": "0000000000000000000000000000000000000000",
        "model": "authtoken.token",
        "fields": {
            "created": "2015-05-04T17:32:48.340Z",
            "user": 7
        }
    },
    {
        "pk": 7,
        "model": "data.userprofile",
        "fields": {
            "user": 7,
            "node": "4"
        }
    }
]
