[
{
    "fields": {},
    "model": "data.protocol",
    "pk": "rsync"
},
{
    "fields": {},
    "model": "data.fixityalgorithm",
    "pk": "sha256"
},
{
    "fields": {
        "name": "APTrust",
        "ssh_username": "dpn.aptrust",
        "restore_to": [
            5,
            4,
            3,
            2
        ],
        "namespace": "aptrust",
        "updated_at": "2015-05-22T19:31:13.235Z",
        "replicate_to": [
            5,
            4,
            3,
            2
        ],
        "created_at": "2015-05-04T17:34:41.782Z",
        "api_root": "https://devops.aptrust.org/dpnode/",
        "ssh_pubkey": "",
        "replicate_from": [
            5,
            4,
            3,
            2
        ],
        "last_pull_date": null,
        "fixity_algorithms": [
            "sha256"
        ],
        "protocols": [
            "rsync"
        ],
        "restore_from": [
            5,
            4,
            3,
            2
        ]
    },
    "model": "data.node",
    "pk": 1
},
{
    "fields": {
        "name": "Hathi Trust",
        "ssh_username": "dpn.hathi",
        "restore_to": [
            5,
            4,
            3,
            1
        ],
        "namespace": "hathi",
        "updated_at": "2015-05-22T19:31:06.857Z",
        "replicate_to": [
            5,
            4,
            3,
            1
        ],
        "created_at": "2015-05-04T17:36:16.462Z",
        "api_root": "https://dpn.hathitrust.org/dpnrest/",
        "ssh_pubkey": "",
        "replicate_from": [
            5,
            4,
            3,
            1
        ],
        "last_pull_date": null,
        "fixity_algorithms": [
            "sha256"
        ],
        "protocols": [
            "rsync"
        ],
        "restore_from": [
            5,
            4,
            3,
            1
        ]
    },
    "model": "data.node",
    "pk": 2
},
{
    "fields": {
        "name": "Chronopolis",
        "ssh_username": "dpn.chron",
        "restore_to": [
            5,
            4,
            2,
            1
        ],
        "namespace": "chron",
        "updated_at": "2015-05-22T19:31:00.048Z",
        "replicate_to": [
            5,
            4,
            2,
            1
        ],
        "created_at": "2015-05-04T17:36:47.116Z",
        "api_root": "https://chronopolis01.umiacs.umd.edu/",
        "ssh_pubkey": "",
        "replicate_from": [
            5,
            4,
            2,
            1
        ],
        "last_pull_date": null,
        "fixity_algorithms": [
            "sha256"
        ],
        "protocols": [
            "rsync"
        ],
        "restore_from": [
            5,
            4,
            2,
            1
        ]
    },
    "model": "data.node",
    "pk": 3
},
{
    "fields": {
        "name": "TDR",
        "ssh_username": "dpn.tdr",
        "restore_to": [
            5,
            3,
            2,
            1
        ],
        "namespace": "tdr",
        "updated_at": "2015-05-22T19:30:53.523Z",
        "replicate_to": [
            5,
            3,
            2,
            1
        ],
        "created_at": "2015-05-04T17:37:14.930Z",
        "api_root": "https://rest.lib.utexas.edu/",
        "ssh_pubkey": "ssh-rsa AAAAB3NzaC1yc2EAAAADAQABAAABAQCs/ZRcJQhegudN7jWEbW7jUJuMtiIruhNeiLOUXQwfZ4tV4ksOFribYLHnFaTTPtPVFtkt6Rsc+4h9FfqPE83QXKFucJ3DYAmW0/baYbzOmdEn+EsajiDQA4B/mCbjfiFTHK0bLsYshCx+jfcRmKzgMHbj5qoW8Dy8IK0TR+iA+KyPLaZPoXB+jb7xlF8lKppsvNfZzebMGqvO3XMGM0QIVKzmJEOg8QBCUl4hPxRApwLc5UJz2up/nhO4g3Yv6Uh1/IGpxZopCF9Svl3rQNPyu43rsWuyF/R0tu0saVCb/e21L9ZUG3jb2BOmRIPozwPgpWMNFrnk3dDmcpVHc0Kp tdr@rest.lib.utexas.edu",
        "replicate_from": [
            5,
            3,
            2,
            1
        ],
        "last_pull_date": null,
        "fixity_algorithms": [
            "sha256"
        ],
        "protocols": [
            "rsync"
        ],
        "restore_from": [
            5,
            3,
            2,
            1
        ]
    },
    "model": "data.node",
    "pk": 4
},
{
    "fields": {
        "name": "SDR",
        "ssh_username": "dpn.sdr",
        "restore_to": [
            4,
            3,
            2,
            1
        ],
        "namespace": "sdr",
        "updated_at": "2015-05-22T19:30:47.386Z",
        "replicate_to": [
            4,
            3,
            2,
            1
        ],
        "created_at": "2015-05-04T17:37:43.640Z",
        "api_root": "https://dpn.stanford.edu/dpnrest/",
        "ssh_pubkey": "",
        "replicate_from": [
            4,
            3,
            2,
            1
        ],
        "last_pull_date": null,
        "fixity_algorithms": [
            "sha256"
        ],
        "protocols": [
            "rsync"
        ],
        "restore_from": [
            4,
            3,
            2,
            1
        ]
    },
    "model": "data.node",
    "pk": 5
},
{
    "fields": {
        "storage_type": "Disk",
        "region": "CA",
        "node": 5
    },
    "model": "data.storage",
    "pk": 1
},
{
    "fields": {
        "storage_type": "irods",
        "region": "TX",
        "node": 4
    },
    "model": "data.storage",
    "pk": 2
},
{
    "fields": {
        "storage_type": "Disk",
        "region": "CA",
        "node": 3
    },
    "model": "data.storage",
    "pk": 3
},
{
    "fields": {
        "storage_type": "Disk",
        "region": "CO",
        "node": 3
    },
    "model": "data.storage",
    "pk": 4
},
{
    "fields": {
        "storage_type": "Amazon Glacier",
        "region": "VA",
        "node": 1
    },
    "model": "data.storage",
    "pk": 5
},
{
    "fields": {
        "first_version_uuid": "005e7793-8253-4585-7118-2da702e29aa0",
        "updated_at": "2015-05-22T19:08:37.847Z",
        "rights": [],
        "version": 1,
        "interpretive": [],
        "size": 71680,
        "ingest_node": 1,
        "local_id": "test.edu/test.edu.bag4",
        "created_at": "2015-05-22T19:08:37.847Z",
        "bag_type": "D",
        "admin_node": 1,
        "replicating_nodes": []
    },
    "model": "data.bag",
    "pk": "005e7793-8253-4585-7118-2da702e29aa0"
},
{
    "fields": {
        "first_version_uuid": "06edc30f-af04-4a4e-4ad6-3c679a195d46",
        "updated_at": "2015-05-22T19:08:34.295Z",
        "rights": [],
        "version": 1,
        "interpretive": [],
        "size": 4005888,
        "ingest_node": 1,
        "local_id": "test.edu/test.edu.bag1",
        "created_at": "2015-05-22T19:08:34.295Z",
        "bag_type": "D",
        "admin_node": 1,
        "replicating_nodes": []
    },
    "model": "data.bag",
    "pk": "06edc30f-af04-4a4e-4ad6-3c679a195d46"
},
{
    "fields": {
        "first_version_uuid": "41e5376c-cc13-4c3e-6af3-297cc2e005aa",
        "updated_at": "2015-05-22T19:08:36.599Z",
        "rights": [],
        "version": 1,
        "interpretive": [],
        "size": 44544,
        "ingest_node": 1,
        "local_id": "test.edu/test.edu.bag3",
        "created_at": "2015-05-22T19:08:36.599Z",
        "bag_type": "D",
        "admin_node": 1,
        "replicating_nodes": []
    },
    "model": "data.bag",
    "pk": "41e5376c-cc13-4c3e-6af3-297cc2e005aa"
},
{
    "fields": {
        "first_version_uuid": "472218b3-95ce-4b8e-6c21-6e514cfbe43f",
        "updated_at": "2015-05-22T19:08:48.299Z",
        "rights": [],
        "version": 1,
        "interpretive": [],
        "size": 3974144,
        "ingest_node": 1,
        "local_id": "test.edu/test.edu.bag6",
        "created_at": "2015-05-22T19:08:48.299Z",
        "bag_type": "D",
        "admin_node": 1,
        "replicating_nodes": []
    },
    "model": "data.bag",
    "pk": "472218b3-95ce-4b8e-6c21-6e514cfbe43f"
},
{
    "fields": {
        "first_version_uuid": "4d11736c-c0ab-44b0-66c6-a947f414d4f1",
        "updated_at": "2015-05-22T19:08:38.798Z",
        "rights": [],
        "version": 1,
        "interpretive": [],
        "size": 44544,
        "ingest_node": 1,
        "local_id": "test.edu/test.edu.bag5",
        "created_at": "2015-05-22T19:08:38.798Z",
        "bag_type": "D",
        "admin_node": 1,
        "replicating_nodes": []
    },
    "model": "data.bag",
    "pk": "4d11736c-c0ab-44b0-66c6-a947f414d4f1"
},
{
    "fields": {
        "first_version_uuid": "57eefd0e-ab66-458a-a3e4-dd550c484ddc",
        "updated_at": "2015-05-04T17:41:22.903Z",
        "rights": [],
        "version": 1,
        "interpretive": [],
        "size": 44455566,
        "ingest_node": 1,
        "local_id": "aptrust-1",
        "created_at": "2015-05-04T17:41:22.903Z",
        "bag_type": "D",
        "admin_node": 1,
        "replicating_nodes": []
    },
    "model": "data.bag",
    "pk": "57eefd0e-ab66-458a-a3e4-dd550c484ddc"
},
{
    "fields": {
        "first_version_uuid": "6029850a-b6a3-4c77-8c7a-606170ea9f95",
        "updated_at": "2015-05-04T17:41:51.909Z",
        "rights": [],
        "version": 1,
        "interpretive": [],
        "size": 7766554,
        "ingest_node": 1,
        "local_id": "aptrust-2",
        "created_at": "2015-05-04T17:41:51.909Z",
        "bag_type": "D",
        "admin_node": 1,
        "replicating_nodes": []
    },
    "model": "data.bag",
    "pk": "6029850a-b6a3-4c77-8c7a-606170ea9f95"
},
{
    "fields": {
        "first_version_uuid": "8839f294-c7c0-404d-4467-7ab223ff461b",
        "updated_at": "2015-05-22T19:08:35.388Z",
        "rights": [],
        "version": 1,
        "interpretive": [],
        "size": 62464,
        "ingest_node": 1,
        "local_id": "test.edu/test.edu.bag2",
        "created_at": "2015-05-22T19:08:35.388Z",
        "bag_type": "D",
        "admin_node": 1,
        "replicating_nodes": []
    },
    "model": "data.bag",
    "pk": "8839f294-c7c0-404d-4467-7ab223ff461b"
},
{
    "fields": {
        "bag": "06edc30f-af04-4a4e-4ad6-3c679a195d46",
        "created_at": "2015-05-22T19:08:34.298Z",
        "digest": "353fba29e2bad3101de89533eb3b5882646af1353ab3aec7e27e5c5b8e0c5b69",
        "algorithm": "sha256"
    },
    "model": "data.fixity",
    "pk": 1180
},
{
    "fields": {
        "bag": "8839f294-c7c0-404d-4467-7ab223ff461b",
        "created_at": "2015-05-22T19:08:35.390Z",
        "digest": "e81f79fed2b4515e6a5c3f23161d0805172be1ca1f560ce29d3793cec2c79d89",
        "algorithm": "sha256"
    },
    "model": "data.fixity",
    "pk": 1181
},
{
    "fields": {
        "bag": "41e5376c-cc13-4c3e-6af3-297cc2e005aa",
        "created_at": "2015-05-22T19:08:36.602Z",
        "digest": "e112ad47b3b280b92a38af2c5be38da7f04b79f4b180cbb92811f74ebc831d18",
        "algorithm": "sha256"
    },
    "model": "data.fixity",
    "pk": 1182
},
{
    "fields": {
        "bag": "005e7793-8253-4585-7118-2da702e29aa0",
        "created_at": "2015-05-22T19:08:37.850Z",
        "digest": "13743e26e07afcdab0600104989c5e5de0271ed2dff61cf7804ea294060a75ac",
        "algorithm": "sha256"
    },
    "model": "data.fixity",
    "pk": 1183
},
{
    "fields": {
        "bag": "4d11736c-c0ab-44b0-66c6-a947f414d4f1",
        "created_at": "2015-05-22T19:08:38.800Z",
        "digest": "6cb820f17c147ab9cd25a8c1f2adc7cf12a8070448dba35551e9c992e409688c",
        "algorithm": "sha256"
    },
    "model": "data.fixity",
    "pk": 1184
},
{
    "fields": {
        "bag": "472218b3-95ce-4b8e-6c21-6e514cfbe43f",
        "created_at": "2015-05-22T19:08:48.301Z",
        "digest": "5329a5d06216ca9effc42a6f5b7c492952334d8b188ebbdefbbd0b970ab981a3",
        "algorithm": "sha256"
    },
    "model": "data.fixity",
    "pk": 1185
},
{
    "fields": {
        "from_node": 1,
        "fixity_value": "",
        "updated_at": "2015-05-22T20:38:43.724Z",
        "to_node": 4,
        "status": "Requested",
        "created_at": "2015-05-22T19:46:45.761Z",
        "link": "dpn.tdr@devops.aptrust.org:outbound/472218b3-95ce-4b8e-6c21-6e514cfbe43f.tar",
        "fixity_nonce": "",
        "bag_valid": null,
        "bag": "472218b3-95ce-4b8e-6c21-6e514cfbe43f",
        "fixity_algorithm": "sha256",
        "protocol": "R",
        "fixity_accept": null,
        "replication_id": "aptrust-1"
    },
    "model": "data.replicationtransfer",
    "pk": 1
},
{
    "fields": {
        "from_node": 1,
        "fixity_value": "",
        "updated_at": "2015-05-22T20:38:35.529Z",
        "to_node": 4,
        "status": "Requested",
        "created_at": "2015-05-22T19:47:17.440Z",
        "link": "dpn.tdr@devops.aptrust.org:outbound/4d11736c-c0ab-44b0-66c6-a947f414d4f1.tar",
        "fixity_nonce": "",
        "bag_valid": null,
        "bag": "4d11736c-c0ab-44b0-66c6-a947f414d4f1",
        "fixity_algorithm": "sha256",
        "protocol": "R",
        "fixity_accept": null,
        "replication_id": "aptrust-2"
    },
    "model": "data.replicationtransfer",
    "pk": 2
},
{
    "fields": {
        "from_node": 1,
        "fixity_value": "",
        "updated_at": "2015-05-22T20:38:26.509Z",
        "to_node": 4,
        "status": "Requested",
        "created_at": "2015-05-22T19:47:54.012Z",
        "link": "dpn.tdr@devops.aptrust.org:outbound/005e7793-8253-4585-7118-2da702e29aa0.tar",
        "fixity_nonce": "",
        "bag_valid": null,
        "bag": "005e7793-8253-4585-7118-2da702e29aa0",
        "fixity_algorithm": "sha256",
        "protocol": "R",
        "fixity_accept": null,
        "replication_id": "aptrust-3"
    },
    "model": "data.replicationtransfer",
    "pk": 3
},
{
    "fields": {
        "from_node": 1,
        "fixity_value": "",
        "updated_at": "2015-05-22T20:38:18.542Z",
        "to_node": 4,
        "status": "Requested",
        "created_at": "2015-05-22T19:48:25.049Z",
        "link": "dpn.tdr@devops.aptrust.org:outbound/41e5376c-cc13-4c3e-6af3-297cc2e005aa.tar",
        "fixity_nonce": "",
        "bag_valid": null,
        "bag": "41e5376c-cc13-4c3e-6af3-297cc2e005aa",
        "fixity_algorithm": "sha256",
        "protocol": "R",
        "fixity_accept": null,
        "replication_id": "aptrust-4"
    },
    "model": "data.replicationtransfer",
    "pk": 4
},
{
    "fields": {
        "from_node": 1,
        "fixity_value": "",
        "updated_at": "2015-05-22T20:38:08.192Z",
        "to_node": 4,
        "status": "Requested",
        "created_at": "2015-05-22T19:48:47.638Z",
        "link": "dpn.tdr@devops.aptrust.org:outbound/8839f294-c7c0-404d-4467-7ab223ff461b.tar",
        "fixity_nonce": "",
        "bag_valid": null,
        "bag": "8839f294-c7c0-404d-4467-7ab223ff461b",
        "fixity_algorithm": "sha256",
        "protocol": "R",
        "fixity_accept": null,
        "replication_id": "aptrust-5"
    },
    "model": "data.replicationtransfer",
    "pk": 5
},
{
    "fields": {
        "from_node": 1,
        "fixity_value": "",
        "updated_at": "2015-05-22T20:37:58.640Z",
        "to_node": 4,
        "status": "Requested",
        "created_at": "2015-05-22T19:49:14.137Z",
        "link": "dpn.tdr@devops.aptrust.org:outbound/06edc30f-af04-4a4e-4ad6-3c679a195d46.tar",
        "fixity_nonce": "",
        "bag_valid": null,
        "bag": "06edc30f-af04-4a4e-4ad6-3c679a195d46",
        "fixity_algorithm": "sha256",
        "protocol": "R",
        "fixity_accept": null,
        "replication_id": "aptrust-6"
    },
    "model": "data.replicationtransfer",
    "pk": 6
},
{
    "fields": {
        "from_node": 1,
        "fixity_value": "",
        "updated_at": "2015-05-22T20:37:49.018Z",
        "to_node": 3,
        "status": "Requested",
        "created_at": "2015-05-22T19:52:35.558Z",
        "link": "dpn.chron@devops.aptrust.org:outbound/472218b3-95ce-4b8e-6c21-6e514cfbe43f.tar",
        "fixity_nonce": "",
        "bag_valid": null,
        "bag": "472218b3-95ce-4b8e-6c21-6e514cfbe43f",
        "fixity_algorithm": "sha256",
        "protocol": "R",
        "fixity_accept": null,
        "replication_id": "aptrust-7"
    },
    "model": "data.replicationtransfer",
    "pk": 7
},
{
    "fields": {
        "from_node": 1,
        "fixity_value": "",
        "updated_at": "2015-05-22T20:37:39.660Z",
        "to_node": 3,
        "status": "Requested",
        "created_at": "2015-05-22T19:53:05.313Z",
        "link": "dpn.chron@devops.aptrust.org:outbound/4d11736c-c0ab-44b0-66c6-a947f414d4f1.tar",
        "fixity_nonce": "",
        "bag_valid": null,
        "bag": "4d11736c-c0ab-44b0-66c6-a947f414d4f1",
        "fixity_algorithm": "sha256",
        "protocol": "R",
        "fixity_accept": null,
        "replication_id": "aptrust-8"
    },
    "model": "data.replicationtransfer",
    "pk": 8
},
{
    "fields": {
        "from_node": 1,
        "fixity_value": "",
        "updated_at": "2015-05-22T20:37:29.331Z",
        "to_node": 3,
        "status": "Requested",
        "created_at": "2015-05-22T19:53:26.965Z",
        "link": "dpn.chron@devops.aptrust.org:outbound/005e7793-8253-4585-7118-2da702e29aa0.tar",
        "fixity_nonce": "",
        "bag_valid": null,
        "bag": "005e7793-8253-4585-7118-2da702e29aa0",
        "fixity_algorithm": "sha256",
        "protocol": "R",
        "fixity_accept": null,
        "replication_id": "aptrust-9"
    },
    "model": "data.replicationtransfer",
    "pk": 9
},
{
    "fields": {
        "from_node": 1,
        "fixity_value": "",
        "updated_at": "2015-05-22T20:37:19.193Z",
        "to_node": 3,
        "status": "Requested",
        "created_at": "2015-05-22T19:53:53.202Z",
        "link": "dpn.chron@devops.aptrust.org:outbound/41e5376c-cc13-4c3e-6af3-297cc2e005aa.tar",
        "fixity_nonce": "",
        "bag_valid": null,
        "bag": "41e5376c-cc13-4c3e-6af3-297cc2e005aa",
        "fixity_algorithm": "sha256",
        "protocol": "R",
        "fixity_accept": null,
        "replication_id": "aptrust-10"
    },
    "model": "data.replicationtransfer",
    "pk": 10
},
{
    "fields": {
        "from_node": 1,
        "fixity_value": "",
        "updated_at": "2015-05-22T20:37:09.977Z",
        "to_node": 3,
        "status": "Requested",
        "created_at": "2015-05-22T19:54:22.781Z",
        "link": "dpn.chron@devops.aptrust.org:outbound/8839f294-c7c0-404d-4467-7ab223ff461b.tar",
        "fixity_nonce": "",
        "bag_valid": null,
        "bag": "8839f294-c7c0-404d-4467-7ab223ff461b",
        "fixity_algorithm": "sha256",
        "protocol": "R",
        "fixity_accept": null,
        "replication_id": "aptrust-11"
    },
    "model": "data.replicationtransfer",
    "pk": 11
},
{
    "fields": {
        "from_node": 1,
        "fixity_value": "",
        "updated_at": "2015-05-22T20:37:00.601Z",
        "to_node": 3,
        "status": "Requested",
        "created_at": "2015-05-22T19:54:46.423Z",
        "link": "dpn.chron@devops.aptrust.org:outbound/06edc30f-af04-4a4e-4ad6-3c679a195d46.tar",
        "fixity_nonce": "",
        "bag_valid": null,
        "bag": "06edc30f-af04-4a4e-4ad6-3c679a195d46",
        "fixity_algorithm": "sha256",
        "protocol": "R",
        "fixity_accept": null,
        "replication_id": "aptrust-12"
    },
    "model": "data.replicationtransfer",
    "pk": 12
},
{
    "fields": {
        "from_node": 1,
        "fixity_value": "",
        "updated_at": "2015-05-22T20:36:50.800Z",
        "to_node": 2,
        "status": "Requested",
        "created_at": "2015-05-22T19:55:04.597Z",
        "link": "dpn.hathi@devops.aptrust.org:outbound/472218b3-95ce-4b8e-6c21-6e514cfbe43f.tar",
        "fixity_nonce": "",
        "bag_valid": null,
        "bag": "472218b3-95ce-4b8e-6c21-6e514cfbe43f",
        "fixity_algorithm": "sha256",
        "protocol": "R",
        "fixity_accept": null,
        "replication_id": "aptrust-13"
    },
    "model": "data.replicationtransfer",
    "pk": 13
},
{
    "fields": {
        "from_node": 1,
        "fixity_value": "",
        "updated_at": "2015-05-22T20:36:41.319Z",
        "to_node": 2,
        "status": "Requested",
        "created_at": "2015-05-22T19:55:22.456Z",
        "link": "dpn.hathi@devops.aptrust.org:outbound/4d11736c-c0ab-44b0-66c6-a947f414d4f1.tar",
        "fixity_nonce": "",
        "bag_valid": null,
        "bag": "4d11736c-c0ab-44b0-66c6-a947f414d4f1",
        "fixity_algorithm": "sha256",
        "protocol": "R",
        "fixity_accept": null,
        "replication_id": "aptrust-14"
    },
    "model": "data.replicationtransfer",
    "pk": 14
},
{
    "fields": {
        "from_node": 1,
        "fixity_value": "",
        "updated_at": "2015-05-22T20:36:32.965Z",
        "to_node": 2,
        "status": "Requested",
        "created_at": "2015-05-22T19:55:39.498Z",
        "link": "dpn.hathi@devops.aptrust.org:outbound/005e7793-8253-4585-7118-2da702e29aa0.tar",
        "fixity_nonce": "",
        "bag_valid": null,
        "bag": "005e7793-8253-4585-7118-2da702e29aa0",
        "fixity_algorithm": "sha256",
        "protocol": "R",
        "fixity_accept": null,
        "replication_id": "aptrust-15"
    },
    "model": "data.replicationtransfer",
    "pk": 15
},
{
    "fields": {
        "from_node": 1,
        "fixity_value": "",
        "updated_at": "2015-05-22T20:36:23.461Z",
        "to_node": 2,
        "status": "Requested",
        "created_at": "2015-05-22T19:55:56.121Z",
        "link": "dpn.hathi@devops.aptrust.org:outbound/41e5376c-cc13-4c3e-6af3-297cc2e005aa.tar",
        "fixity_nonce": "",
        "bag_valid": null,
        "bag": "41e5376c-cc13-4c3e-6af3-297cc2e005aa",
        "fixity_algorithm": "sha256",
        "protocol": "R",
        "fixity_accept": null,
        "replication_id": "aptrust-16"
    },
    "model": "data.replicationtransfer",
    "pk": 16
},
{
    "fields": {
        "from_node": 1,
        "fixity_value": "",
        "updated_at": "2015-05-22T20:36:13.376Z",
        "to_node": 2,
        "status": "Requested",
        "created_at": "2015-05-22T19:56:15.190Z",
        "link": "dpn.hathi@devops.aptrust.org:outbound/8839f294-c7c0-404d-4467-7ab223ff461b.tar",
        "fixity_nonce": "",
        "bag_valid": null,
        "bag": "8839f294-c7c0-404d-4467-7ab223ff461b",
        "fixity_algorithm": "sha256",
        "protocol": "R",
        "fixity_accept": null,
        "replication_id": "aptrust-17"
    },
    "model": "data.replicationtransfer",
    "pk": 17
},
{
    "fields": {
        "from_node": 1,
        "fixity_value": "",
        "updated_at": "2015-05-22T20:35:59.506Z",
        "to_node": 2,
        "status": "Requested",
        "created_at": "2015-05-22T19:56:33.495Z",
        "link": "dpn.hathi@devops.aptrust.org:outbound/06edc30f-af04-4a4e-4ad6-3c679a195d46.tar",
        "fixity_nonce": "",
        "bag_valid": null,
        "bag": "06edc30f-af04-4a4e-4ad6-3c679a195d46",
        "fixity_algorithm": "sha256",
        "protocol": "R",
        "fixity_accept": null,
        "replication_id": "aptrust-18"
    },
    "model": "data.replicationtransfer",
    "pk": 18
},
{
    "fields": {
        "from_node": 1,
        "fixity_value": "",
        "updated_at": "2015-05-22T20:35:51.999Z",
        "to_node": 5,
        "status": "Requested",
        "created_at": "2015-05-22T19:58:45.141Z",
        "link": "dpn.sdr@devops.aptrust.org:outbound/472218b3-95ce-4b8e-6c21-6e514cfbe43f.tar",
        "fixity_nonce": "",
        "bag_valid": null,
        "bag": "472218b3-95ce-4b8e-6c21-6e514cfbe43f",
        "fixity_algorithm": "sha256",
        "protocol": "R",
        "fixity_accept": null,
        "replication_id": "aptrust-19"
    },
    "model": "data.replicationtransfer",
    "pk": 19
},
{
    "fields": {
        "from_node": 1,
        "fixity_value": "",
        "updated_at": "2015-05-22T20:35:44.029Z",
        "to_node": 5,
        "status": "Requested",
        "created_at": "2015-05-22T19:59:00.615Z",
        "link": "dpn.sdr@devops.aptrust.org:outbound/4d11736c-c0ab-44b0-66c6-a947f414d4f1.tar",
        "fixity_nonce": "",
        "bag_valid": null,
        "bag": "4d11736c-c0ab-44b0-66c6-a947f414d4f1",
        "fixity_algorithm": "sha256",
        "protocol": "R",
        "fixity_accept": null,
        "replication_id": "aptrust-20"
    },
    "model": "data.replicationtransfer",
    "pk": 20
},
{
    "fields": {
        "from_node": 1,
        "fixity_value": "",
        "updated_at": "2015-05-22T20:35:32.192Z",
        "to_node": 5,
        "status": "Requested",
        "created_at": "2015-05-22T19:59:17.197Z",
        "link": "dpn.sdr@devops.aptrust.org:outbound/005e7793-8253-4585-7118-2da702e29aa0.tar",
        "fixity_nonce": "",
        "bag_valid": null,
        "bag": "005e7793-8253-4585-7118-2da702e29aa0",
        "fixity_algorithm": "sha256",
        "protocol": "R",
        "fixity_accept": null,
        "replication_id": "aptrust-21"
    },
    "model": "data.replicationtransfer",
    "pk": 21
},
{
    "fields": {
        "from_node": 1,
        "fixity_value": "",
        "updated_at": "2015-05-22T20:35:24.670Z",
        "to_node": 5,
        "status": "Requested",
        "created_at": "2015-05-22T19:59:34.479Z",
        "link": "dpn.sdr@devops.aptrust.org:outbound/41e5376c-cc13-4c3e-6af3-297cc2e005aa.tar",
        "fixity_nonce": "",
        "bag_valid": null,
        "bag": "41e5376c-cc13-4c3e-6af3-297cc2e005aa",
        "fixity_algorithm": "sha256",
        "protocol": "R",
        "fixity_accept": null,
        "replication_id": "aptrust-22"
    },
    "model": "data.replicationtransfer",
    "pk": 22
},
{
    "fields": {
        "from_node": 1,
        "fixity_value": "",
        "updated_at": "2015-05-22T20:35:14.862Z",
        "to_node": 5,
        "status": "Requested",
        "created_at": "2015-05-22T19:59:54.032Z",
        "link": "dpn.sdr@devops.aptrust.org:outbound/8839f294-c7c0-404d-4467-7ab223ff461b.tar",
        "fixity_nonce": "",
        "bag_valid": null,
        "bag": "8839f294-c7c0-404d-4467-7ab223ff461b",
        "fixity_algorithm": "sha256",
        "protocol": "R",
        "fixity_accept": null,
        "replication_id": "aptrust-23"
    },
    "model": "data.replicationtransfer",
    "pk": 23
},
{
    "fields": {
        "from_node": 1,
        "fixity_value": "",
        "updated_at": "2015-05-22T20:35:04.963Z",
        "to_node": 5,
        "status": "Requested",
        "created_at": "2015-05-22T20:00:12.597Z",
        "link": "dpn.sdr@devops.aptrust.org:outbound/06edc30f-af04-4a4e-4ad6-3c679a195d46.tar",
        "fixity_nonce": "",
        "bag_valid": null,
        "bag": "06edc30f-af04-4a4e-4ad6-3c679a195d46",
        "fixity_algorithm": "sha256",
        "protocol": "R",
        "fixity_accept": null,
        "replication_id": "aptrust-24"
    },
    "model": "data.replicationtransfer",
    "pk": 24
},
{
    "fields": {
        "user": 1,
        "node": 1
    },
    "model": "data.userprofile",
    "pk": 1
},
{
    "fields": {
        "user": 2,
        "node": 3
    },
    "model": "data.userprofile",
    "pk": 2
},
{
    "fields": {
        "user": 3,
        "node": 2
    },
    "model": "data.userprofile",
    "pk": 3
},
{
    "fields": {
        "user": 4,
        "node": 5
    },
    "model": "data.userprofile",
    "pk": 4
},
{
    "fields": {
        "user": 5,
        "node": 4
    },
    "model": "data.userprofile",
    "pk": 5
},
{
    "fields": {
        "user": 6,
        "node": 1
    },
    "model": "data.userprofile",
    "pk": 6
}
]
